Godot Engine v4.7.2.stable.official.ed1daf0bf - https://godotengine.org

[   0% ] [90m[1mfirst_scan_filesystem[22m | Started Project initialization (5 steps)[39m[0m
[   0% ] [90m[1mfirst_scan_filesystem[22m | Scanning file structure...[39m[0m
[  16% ] [90m[1mfirst_scan_filesystem[22m | Loading global class names...[39m[0m
[  33% ] [90m[1mfirst_scan_filesystem[22m | Verifying GDExtensions...[39m[0m
[  50% ] [90m[1mfirst_scan_filesystem[22m | Creating autoload scripts...[39m[0m
[  66% ] [90m[1mfirst_scan_filesystem[22m | Initializing plugins...[39m[0m
[  83% ] [90m[1mfirst_scan_filesystem[22m | Starting file scan...[39m[0m
[92m[ DONE ][39m [1mfirst_scan_filesystem[22m
[0m
[   0% ] [90m[1mupdate_scripts_classes[22m | Started Registering global classes... (5 steps)[39m[0m
[   0% ] [90m[1mupdate_scripts_classes[22m | [39m[0m
[  16% ] [90m[1mupdate_scripts_classes[22m | HUD[39m[0m
[  33% ] [90m[1mupdate_scripts_classes[22m | RideAI[39m[0m
[  50% ] [90m[1mupdate_scripts_classes[22m | [39m[0m
[  66% ] [90m[1mupdate_scripts_classes[22m | Walker[39m[0m
[92m[ DONE ][39m [1mupdate_scripts_classes[22m
[0m
[   0% ] [90m[1msavepack[22m | Started Packing (102 steps)[39m[0m
[   1% ] [90m[1msavepack[22m | Storing File: res://.godot/imported/hit_01.wav-74c9951b1448aeacdeaecb671aae257a.sample[39m[0m
[   1% ] [90m[1msavepack[22m | Storing File: res://assets/audio/hoof/hit_01.wav.import[39m[0m
[   1% ] [90m[1msavepack[22m | Storing File: res://.godot/imported/hit_02.wav-220a2a7a487c6594be99d1be59145a76.sample[39m[0m
[   1% ] [90m[1msavepack[22m | Storing File: res://assets/audio/hoof/hit_02.wav.import[39m[0m
[   1% ] [90m[1msavepack[22m | Storing File: res://.godot/imported/hit_03.wav-d9cea4198ce54445b448e4637cb60356.sample[39m[0m
[   1% ] [90m[1msavepack[22m | Storing File: res://assets/audio/hoof/hit_03.wav.import[39m[0m
[   1% ] [90m[1msavepack[22m | Storing File: res://.godot/imported/hit_04.wav-be6a637fb2f90bf2fac572749f7f7166.sample[39m[0m
[   1% ] [90m[1msavepack[22m | Storing File: res://assets/audio/hoof/hit_04.wav.import[39m[0m
[   1% ] [90m[1msavepack[22m | Storing File: res://.godot/imported/hit_05.wav-dbc0024099454df1b797d41195108bef.sample[39m[0m
[   1% ] [90m[1msavepack[22m | Storing File: res://assets/audio/hoof/hit_05.wav.import[39m[0m
[   1% ] [90m[1msavepack[22m | Storing File: res://.godot/imported/hit_06.wav-f9446a0d39ef2ea91a440f6d14410b68.sample[39m[0m
[   1% ] [90m[1msavepack[22m | Storing File: res://assets/audio/hoof/hit_06.wav.import[39m[0m
[   1% ] [90m[1msavepack[22m | Storing File: res://.godot/imported/hit_07.wav-06df6fc1a9c1401ebfefef013bb778d3.sample[39m[0m
[   1% ] [90m[1msavepack[22m | Storing File: res://assets/audio/hoof/hit_07.wav.import[39m[0m
[   1% ] [90m[1msavepack[22m | Storing File: res://.godot/imported/hit_08.wav-b44cba42c14da0cace3e0a33577197a8.sample[39m[0m
[   1% ] [90m[1msavepack[22m | Storing File: res://assets/audio/hoof/hit_08.wav.import[39m[0m
[   1% ] [90m[1msavepack[22m | Storing File: res://.godot/imported/hit_09.wav-254e373468a7b4095200fde924fc2cff.sample[39m[0m
[   1% ] [90m[1msavepack[22m | Storing File: res://assets/audio/hoof/hit_09.wav.import[39m[0m
[   1% ] [90m[1msavepack[22m | Storing File: res://.godot/imported/hit_10.wav-43b40eb766be4499a1da99e4299af637.sample[39m[0m
[   1% ] [90m[1msavepack[22m | Storing File: res://assets/audio/hoof/hit_10.wav.import[39m[0m
[   1% ] [90m[1msavepack[22m | Storing File: res://.godot/imported/hit_11.wav-79a003637bf5877a76d33644008a1744.sample[39m[0m
[   1% ] [90m[1msavepack[22m | Storing File: res://assets/audio/hoof/hit_11.wav.import[39m[0m
[   1% ] [90m[1msavepack[22m | Storing File: res://.godot/imported/hit_12.wav-26980d8aa9b743f58e0305861c4d4568.sample[39m[0m
[   1% ] [90m[1msavepack[22m | Storing File: res://assets/audio/hoof/hit_12.wav.import[39m[0m
[   1% ] [90m[1msavepack[22m | Storing File: res://.godot/imported/blow.wav-e23e8928a09ed7a988887a1077dbcf50.sample[39m[0m
[   1% ] [90m[1msavepack[22m | Storing File: res://assets/audio/horse/blow.wav.import[39m[0m
[   1% ] [90m[1msavepack[22m | Storing File: res://.godot/imported/grunt.wav-641bcff322a2a7b24627eb17e2b68f71.sample[39m[0m
[   1% ] [90m[1msavepack[22m | Storing File: res://assets/audio/horse/grunt.wav.import[39m[0m
[   1% ] [90m[1msavepack[22m | Storing File: res://.godot/imported/neigh.wav-74cf898659b858e6f52bdfe65e54b9b0.sample[39m[0m
[   1% ] [90m[1msavepack[22m | Storing File: res://assets/audio/horse/neigh.wav.import[39m[0m
[   1% ] [90m[1msavepack[22m | Storing File: res://.godot/imported/nicker.wav-47f5b54f5cd124850be3165a8d55ffac.sample[39m[0m
[   1% ] [90m[1msavepack[22m | Storing File: res://assets/audio/horse/nicker.wav.import[39m[0m
[   1% ] [90m[1msavepack[22m | Storing File: res://.godot/imported/snort.wav-2017a82db489436a7a7e02f88958e8dc.sample[39m[0m
[   1% ] [90m[1msavepack[22m | Storing File: res://assets/audio/horse/snort.wav.import[39m[0m
[   1% ] [90m[1msavepack[22m | Storing File: res://.godot/imported/and_up.wav-d026e95e14299d4fe8bf1e728b223b44.sample[39m[0m
[   1% ] [90m[1msavepack[22m | Storing File: res://assets/audio/rider/and_up.wav.import[39m[0m
[   1% ] [90m[1msavepack[22m | Storing File: res://.godot/imported/canter.wav-afd74a2691a7699d30be45df670dd128.sample[39m[0m
[   1% ] [90m[1msavepack[22m | Storing File: res://assets/audio/rider/canter.wav.import[39m[0m
[   1% ] [90m[1msavepack[22m | Storing File: res://.godot/imported/come_on.wav-0ac81657ec3e907e52e3617056e7ab23.sample[39m[0m
[   1% ] [90m[1msavepack[22m | Storing File: res://assets/audio/rider/come_on.wav.import[39m[0m
[   2% ] [90m[1msavepack[22m | Storing File: res://.godot/imported/easy.wav-743066739dc57e95c3f04b567b69efd8.sample[39m[0m
[   2% ] [90m[1msavepack[22m | Storing File: res://assets/audio/rider/easy.wav.import[39m[0m
[   2% ] [90m[1msavepack[22m | Storing File: res://.godot/imported/good_boy.wav-046e0e2e920ce2d7cc8e36c34dd5a572.sample[39m[0m
[   2% ] [90m[1msavepack[22m | Storing File: res://assets/audio/rider/good_boy.wav.import[39m[0m
[   2% ] [90m[1msavepack[22m | Storing File: res://.godot/imported/steady.wav-ee07b7e363fd408c2889f3ceffc7e3c7.sample[39m[0m
[   2% ] [90m[1msavepack[22m | Storing File: res://assets/audio/rider/steady.wav.import[39m[0m
[   2% ] [90m[1msavepack[22m | Storing File: res://.godot/imported/trot.wav-9bfd90001f02f24df7176312e0949774.sample[39m[0m
[   2% ] [90m[1msavepack[22m | Storing File: res://assets/audio/rider/trot.wav.import[39m[0m
[   2% ] [90m[1msavepack[22m | Storing File: res://.godot/imported/walk_on.wav-9e692c8aafb22e9df0323cb73b7c5e95.sample[39m[0m
[   2% ] [90m[1msavepack[22m | Storing File: res://assets/audio/rider/walk_on.wav.import[39m[0m
[   2% ] [90m[1msavepack[22m | Storing File: res://.godot/imported/whoa.wav-7004866f3f8152b555b0313815451eeb.sample[39m[0m
[   2% ] [90m[1msavepack[22m | Storing File: res://assets/audio/rider/whoa.wav.import[39m[0m
[   2% ] [90m[1msavepack[22m | Storing File: res://.godot/imported/ambient_indoor.wav-db77d70a89ab1bc7582d0ad30d700cb3.sample[39m[0m
[   2% ] [90m[1msavepack[22m | Storing File: res://assets/audio/ambient_indoor.wav.import[39m[0m
[   2% ] [90m[1msavepack[22m | Storing File: res://.godot/imported/ambient_outdoor.wav-e0bfbd17501f4803b283ce73ae53e190.sample[39m[0m
[   2% ] [90m[1msavepack[22m | Storing File: res://assets/audio/ambient_outdoor.wav.import[39m[0m
[   2% ] [90m[1msavepack[22m | Storing File: res://.godot/imported/hoof_canter.wav-1816268afec1c9ec26c5aa8add66c746.sample[39m[0m
[   2% ] [90m[1msavepack[22m | Storing File: res://assets/audio/hoof_canter.wav.import[39m[0m
[   2% ] [90m[1msavepack[22m | Storing File: res://.godot/imported/hoof_trot.wav-70f22403ae25e2cc02cfdd5011479ee8.sample[39m[0m
[   2% ] [90m[1msavepack[22m | Storing File: res://assets/audio/hoof_trot.wav.import[39m[0m
[   2% ] [90m[1msavepack[22m | Storing File: res://.godot/imported/hoof_walk.wav-db836b316978ce5ae6d7510b72031d2d.sample[39m[0m
[   2% ] [90m[1msavepack[22m | Storing File: res://assets/audio/hoof_walk.wav.import[39m[0m
[   2% ] [90m[1msavepack[22m | Storing File: res://.godot/imported/jump.wav-7ea4d93114fa52c0b9979f6b2117f13f.sample[39m[0m
[   2% ] [90m[1msavepack[22m | Storing File: res://assets/audio/jump.wav.import[39m[0m
[   2% ] [90m[1msavepack[22m | Storing File: res://.godot/imported/land.wav-baef3c9f2a47922b496a826b5b8d32ac.sample[39m[0m
[   2% ] [90m[1msavepack[22m | Storing File: res://assets/audio/land.wav.import[39m[0m
[   2% ] [90m[1msavepack[22m | Storing File: res://.godot/imported/rail.wav-864b0dc97e40dbf811f905cf38e24e92.sample[39m[0m
[   2% ] [90m[1msavepack[22m | Storing File: res://assets/audio/rail.wav.import[39m[0m
[   2% ] [90m[1msavepack[22m | Storing File: res://.godot/imported/refuse.wav-1ef437d7ebc788bf15b6d781dccdbf50.sample[39m[0m
[   2% ] [90m[1msavepack[22m | Storing File: res://assets/audio/refuse.wav.import[39m[0m
[   2% ] [90m[1msavepack[22m | Storing File: res://.godot/imported/ui.wav-d54e8bc37b8ccee18240932350cecc18.sample[39m[0m
[   2% ] [90m[1msavepack[22m | Storing File: res://assets/audio/ui.wav.import[39m[0m
[   2% ] [90m[1msavepack[22m | Storing File: res://.godot/imported/LibreBaskerville-Bold.ttf-7a992d386d4e69406ef9dcaa17dbf357.fontdata[39m[0m
[   2% ] [90m[1msavepack[22m | Storing File: res://assets/fonts/LibreBaskerville-Bold.ttf.import[39m[0m
[   2% ] [90m[1msavepack[22m | Storing File: res://.godot/imported/LibreBaskerville-Regular.ttf-c9e149cb8c8ef00fa406a93a9493a2f6.fontdata[39m[0m
[   2% ] [90m[1msavepack[22m | Storing File: res://assets/fonts/LibreBaskerville-Regular.ttf.import[39m[0m
[   2% ] [90m[1msavepack[22m | Storing File: res://.godot/imported/SourceSans3-Regular.ttf-34feff09e5e7793f4abcd450f2aacf2f.fontdata[39m[0m
[   2% ] [90m[1msavepack[22m | Storing File: res://assets/fonts/SourceSans3-Regular.ttf.import[39m[0m
[   3% ] [90m[1msavepack[22m | Storing File: res://.godot/imported/abbott.glb-07285724d7d587ca04811813181c9d34.scn[39m[0m
[   3% ] [90m[1msavepack[22m | Storing File: res://assets/meshes/abbott.glb.import[39m[0m
[   3% ] [90m[1msavepack[22m | Storing File: res://.godot/imported/abbott_abbott_coat.png-0e449aade45a53f4cc3a5896e014874c.ctex[39m[0m
[   3% ] [90m[1msavepack[22m | Storing File: res://assets/meshes/abbott_abbott_coat.png.import[39m[0m
[   3% ] [90m[1msavepack[22m | Storing File: res://.godot/imported/abbott_abbott_eye.png-0ebdd02b6f91216922567bb86b40c098.ctex[39m[0m
[   3% ] [90m[1msavepack[22m | Storing File: res://assets/meshes/abbott_abbott_eye.png.import[39m[0m
[   3% ] [90m[1msavepack[22m | Storing File: res://.godot/imported/abbott_abbott_hair.png-6b0b63640baab2743c8ba733dec8ee45.ctex[39m[0m
[   3% ] [90m[1msavepack[22m | Storing File: res://assets/meshes/abbott_abbott_hair.png.import[39m[0m
[   3% ] [90m[1msavepack[22m | Storing File: res://.godot/imported/quaternius-WhiteHorse.glb-536e55f391377240fd94cc5594fe048a.scn[39m[0m
[   3% ] [90m[1msavepack[22m | Storing File: res://assets/meshes/quaternius-WhiteHorse.glb.import[39m[0m
[   3% ] [90m[1msavepack[22m | Storing File: res://.godot/imported/abbott_cinematic.jpg-3940e603a188915f3870fa7d1d8835cf.ctex[39m[0m
[   3% ] [90m[1msavepack[22m | Storing File: res://assets/photos/abbott_cinematic.jpg.import[39m[0m
[   3% ] [90m[1msavepack[22m | Storing File: res://.godot/imported/abbott_title.jpg-8b4d4f541fed9ba4f0d7a3e4b3a5f01f.ctex[39m[0m
[   3% ] [90m[1msavepack[22m | Storing File: res://assets/photos/abbott_title.jpg.import[39m[0m
[   3% ] [90m[1msavepack[22m | Storing File: res://.godot/imported/IMG_3408.jpg-2ed0931b6313be68691d63ebdc6aeac9.ctex[39m[0m
[   3% ] [90m[1msavepack[22m | Storing File: res://assets/photos/IMG_3408.jpg.import[39m[0m
[   3% ] [90m[1msavepack[22m | Storing File: res://.godot/imported/IMG_3409.jpg-50c6f663455365aed542755c687eecb9.ctex[39m[0m
[   3% ] [90m[1msavepack[22m | Storing File: res://assets/photos/IMG_3409.jpg.import[39m[0m
[   3% ] [90m[1msavepack[22m | Storing File: res://.godot/imported/apron_dirt_albedo.jpg-c5bdd1a12cc7300be8e831038958b053.ctex[39m[0m
[   3% ] [90m[1msavepack[22m | Storing File: res://assets/textures/harvest/proc/apron_dirt_albedo.jpg.import[39m[0m
[   3% ] [90m[1msavepack[22m | Storing File: res://.godot/imported/apron_dirt_normal.jpg-3b6dba150e1c4816631e0ef68aaddb55.ctex[39m[0m
[   3% ] [90m[1msavepack[22m | Storing File: res://assets/textures/harvest/proc/apron_dirt_normal.jpg.import[39m[0m
[   3% ] [90m[1msavepack[22m | Storing File: res://.godot/imported/apron_dirt_rough.jpg-fa751a2519ee407db20b08998f697b95.ctex[39m[0m
[   3% ] [90m[1msavepack[22m | Storing File: res://assets/textures/harvest/proc/apron_dirt_rough.jpg.import[39m[0m
[   3% ] [90m[1msavepack[22m | Storing File: res://.godot/imported/board_chalk_albedo.jpg-fa9aebd39893cadb21b5c186decf76ea.ctex[39m[0m
[   3% ] [90m[1msavepack[22m | Storing File: res://assets/textures/harvest/proc/board_chalk_albedo.jpg.import[39m[0m
[   3% ] [90m[1msavepack[22m | Storing File: res://.godot/imported/board_chalk_normal.jpg-51ee06e3ae064fc4e7459d2df348a208.ctex[39m[0m
[   3% ] [90m[1msavepack[22m | Storing File: res://assets/textures/harvest/proc/board_chalk_normal.jpg.import[39m[0m
[   3% ] [90m[1msavepack[22m | Storing File: res://.godot/imported/board_chalk_rough.jpg-c5d49e92f50d71e57c8ec77b41020bd9.ctex[39m[0m
[   3% ] [90m[1msavepack[22m | Storing File: res://assets/textures/harvest/proc/board_chalk_rough.jpg.import[39m[0m
[   3% ] [90m[1msavepack[22m | Storing File: res://.godot/imported/board_hunter_albedo.jpg-950bf9f7fed6b47f02152842d22174e4.ctex[39m[0m
[   3% ] [90m[1msavepack[22m | Storing File: res://assets/textures/harvest/proc/board_hunter_albedo.jpg.import[39m[0m
[   3% ] [90m[1msavepack[22m | Storing File: res://.godot/imported/board_hunter_normal.jpg-de43e43a2831568748f7a6489d8380cf.ctex[39m[0m
[   3% ] [90m[1msavepack[22m | Storing File: res://assets/textures/harvest/proc/board_hunter_normal.jpg.import[39m[0m
[   3% ] [90m[1msavepack[22m | Storing File: res://.godot/imported/board_hunter_rough.jpg-8b39bef63065e902f6db6cd74992190b.ctex[39m[0m
[   3% ] [90m[1msavepack[22m | Storing File: res://assets/textures/harvest/proc/board_hunter_rough.jpg.import[39m[0m
[   3% ] [90m[1msavepack[22m | Storing File: res://.godot/imported/board_white_albedo.jpg-5712b89d60f79dbd65240b8197d6bf61.ctex[39m[0m
[   3% ] [90m[1msavepack[22m | Storing File: res://assets/textures/harvest/proc/board_white_albedo.jpg.import[39m[0m
[   4% ] [90m[1msavepack[22m | Storing File: res://.godot/imported/board_white_normal.jpg-aabfd16761498515d0a736b6cad298cc.ctex[39m[0m
[   4% ] [90m[1msavepack[22m | Storing File: res://assets/textures/harvest/proc/board_white_normal.jpg.import[39m[0m
[   4% ] [90m[1msavepack[22m | Storing File: res://.godot/imported/board_white_rough.jpg-dbe1306c62f98a58e419ce8edcefcc44.ctex[39m[0m
[   4% ] [90m[1msavepack[22m | Storing File: res://assets/textures/harvest/proc/board_white_rough.jpg.import[39m[0m
[   4% ] [90m[1msavepack[22m | Storing File: res://.godot/imported/boot_black_albedo.jpg-dbbef2624ba9f5a5f9abd6c9d886c5e5.ctex[39m[0m
[   4% ] [90m[1msavepack[22m | Storing File: res://assets/textures/harvest/proc/boot_black_albedo.jpg.import[39m[0m
[   4% ] [90m[1msavepack[22m | Storing File: res://.godot/imported/boot_black_normal.jpg-b13e671e0a9f9670cb1938334f6a2179.ctex[39m[0m
[   4% ] [90m[1msavepack[22m | Storing File: res://assets/textures/harvest/proc/boot_black_normal.jpg.import[39m[0m
[   4% ] [90m[1msavepack[22m | Storing File: res://.godot/imported/boot_black_rough.jpg-158e7013a790e3e269bb15202a511ba2.ctex[39m[0m
[   4% ] [90m[1msavepack[22m | Storing File: res://assets/textures/harvest/proc/boot_black_rough.jpg.import[39m[0m
[   4% ] [90m[1msavepack[22m | Storing File: res://.godot/imported/brush_box_albedo.jpg-f5068eb6e52f163e1edd3abd79bd6425.ctex[39m[0m
[   4% ] [90m[1msavepack[22m | Storing File: res://assets/textures/harvest/proc/brush_box_albedo.jpg.import[39m[0m
[   4% ] [90m[1msavepack[22m | Storing File: res://.godot/imported/brush_box_normal.jpg-c8aedec89b11a060e3ef686fd843c05f.ctex[39m[0m
[   4% ] [90m[1msavepack[22m | Storing File: res://assets/textures/harvest/proc/brush_box_normal.jpg.import[39m[0m
[   4% ] [90m[1msavepack[22m | Storing File: res://.godot/imported/brush_box_rough.jpg-dd3ede0d4ba432ae0b9574236cbce5c1.ctex[39m[0m
[   4% ] [90m[1msavepack[22m | Storing File: res://assets/textures/harvest/proc/brush_box_rough.jpg.import[39m[0m
[   4% ] [90m[1msavepack[22m | Storing File: res://.godot/imported/acg_wood048_rough.jpg-7dc898b17548cef12647e65ecb200330.ctex[39m[0m
[   4% ] [90m[1msavepack[22m | Storing File: res://assets/textures/harvest/acg_wood048_rough.jpg.import[39m[0m
[   4% ] [90m[1msavepack[22m | Storing File: res://.godot/imported/raked_dirt_albedo.jpg-78e829724d726c2f6486e3168e5cecc1.ctex[39m[0m
[   4% ] [90m[1msavepack[22m | Storing File: res://assets/textures/harvest/raked_dirt_albedo.jpg.import[39m[0m
[   4% ] [90m[1msavepack[22m | Storing File: res://.godot/imported/brown_mud_normal.jpg-f7d9f0030c3465805f52f7e810b16d19.ctex[39m[0m
[   4% ] [90m[1msavepack[22m | Storing File: res://assets/textures/harvest/brown_mud_normal.jpg.import[39m[0m
[   4% ] [90m[1msavepack[22m | Storing File: res://.godot/imported/clover_patch_albedo.jpg-6d151164ce3ea6ff7cbd01d667508a00.ctex[39m[0m
[   4% ] [90m[1msavepack[22m | Storing File: res://assets/textures/harvest/proc/clover_patch_albedo.jpg.import[39m[0m
[   4% ] [90m[1msavepack[22m | Storing File: res://.godot/imported/clover_patch_normal.jpg-5d0bc8a410145f7d2919574e258c73c4.ctex[39m[0m
[   4% ] [90m[1msavepack[22m | Storing File: res://assets/textures/harvest/proc/clover_patch_normal.jpg.import[39m[0m
[   4% ] [90m[1msavepack[22m | Storing File: res://.godot/imported/clover_patch_rough.jpg-8e8ab5952e41958affa5bc71b85f5d85.ctex[39m[0m
[   4% ] [90m[1msavepack[22m | Storing File: res://assets/textures/harvest/proc/clover_patch_rough.jpg.import[39m[0m
[   4% ] [90m[1msavepack[22m | Storing File: res://.godot/imported/cooler_navy_albedo.jpg-6eaac1bee6d3fb5326ea00a05fce65b3.ctex[39m[0m
[   4% ] [90m[1msavepack[22m | Storing File: res://assets/textures/harvest/proc/cooler_navy_albedo.jpg.import[39m[0m
[   4% ] [90m[1msavepack[22m | Storing File: res://.godot/imported/cooler_navy_normal.jpg-bb3dfb9bcbffc710aa1329fa7d841622.ctex[39m[0m
[   4% ] [90m[1msavepack[22m | Storing File: res://assets/textures/harvest/proc/cooler_navy_normal.jpg.import[39m[0m
[   4% ] [90m[1msavepack[22m | Storing File: res://.godot/imported/cooler_navy_rough.jpg-2a8d2cef90745e5d1075db0beeed0a51.ctex[39m[0m
[   4% ] [90m[1msavepack[22m | Storing File: res://assets/textures/harvest/proc/cooler_navy_rough.jpg.import[39m[0m
[   4% ] [90m[1msavepack[22m | Storing File: res://.godot/imported/ground_grey_normal.jpg-1156f1a9b558bb70ca83502c772cb3ba.ctex[39m[0m
[   4% ] [90m[1msavepack[22m | Storing File: res://assets/textures/harvest/ground_grey_normal.jpg.import[39m[0m
[   4% ] [90m[1msavepack[22m | Storing File: res://.godot/imported/sparse_grass_normal.jpg-a6f9b1aa72bf048d25e2a2acafd54814.ctex[39m[0m
[   4% ] [90m[1msavepack[22m | Storing File: res://assets/textures/harvest/sparse_grass_normal.jpg.import[39m[0m
[   5% ] [90m[1msavepack[22m | Storing File: res://.godot/imported/bark_platanus_normal.jpg-cb37054bf5ff45d096d5beb81a827295.ctex[39m[0m
[   5% ] [90m[1msavepack[22m | Storing File: res://assets/textures/harvest/bark_platanus_normal.jpg.import[39m[0m
[   5% ] [90m[1msavepack[22m | Storing File: res://.godot/imported/forest_floor_albedo.jpg-4e91978eb4fb171e3886c0f1994fa5f3.ctex[39m[0m
[   5% ] [90m[1msavepack[22m | Storing File: res://assets/textures/harvest/forest_floor_albedo.jpg.import[39m[0m
[   5% ] [90m[1msavepack[22m | Storing File: res://.godot/imported/metal_plate_03_normal.jpg-4d4a77f1bcb80c6501f5895b67b1fa83.ctex[39m[0m
[   5% ] [90m[1msavepack[22m | Storing File: res://assets/textures/harvest/metal_plate_03_normal.jpg.import[39m[0m
[   5% ] [90m[1msavepack[22m | Storing File: res://.godot/imported/sparse_grass_rough.jpg-1bce4ec8f2011b2d0a8f2a5c76171b04.ctex[39m[0m
[   5% ] [90m[1msavepack[22m | Storing File: res://assets/textures/harvest/sparse_grass_rough.jpg.import[39m[0m
[   5% ] [90m[1msavepack[22m | Storing File: res://.godot/imported/flower_bloom_soil_albedo.jpg-5c1ffe3f214cac8f014d54e3b1f00ca4.ctex[39m[0m
[   5% ] [90m[1msavepack[22m | Storing File: res://assets/textures/harvest/proc/flower_bloom_soil_albedo.jpg.import[39m[0m
[   5% ] [90m[1msavepack[22m | Storing File: res://.godot/imported/flower_bloom_soil_normal.jpg-649fa755bd848ee80442a80fb63ebf5c.ctex[39m[0m
[   5% ] [90m[1msavepack[22m | Storing File: res://assets/textures/harvest/proc/flower_bloom_soil_normal.jpg.import[39m[0m
[   5% ] [90m[1msavepack[22m | Storing File: res://.godot/imported/flower_bloom_soil_rough.jpg-ae5809d98be386eb2235abd2af4fb858.ctex[39m[0m
[   5% ] [90m[1msavepack[22m | Storing File: res://assets/textures/harvest/proc/flower_bloom_soil_rough.jpg.import[39m[0m
[   5% ] [90m[1msavepack[22m | Storing File: res://.godot/imported/flower_box_soil_albedo.jpg-38ae265a79c9de42925067fe830cbaec.ctex[39m[0m
[   5% ] [90m[1msavepack[22m | Storing File: res://assets/textures/harvest/proc/flower_box_soil_albedo.jpg.import[39m[0m
[   5% ] [90m[1msavepack[22m | Storing File: res://.godot/imported/flower_box_soil_normal.jpg-278d9fc567faf326c70fe9f9139f3718.ctex[39m[0m
[   5% ] [90m[1msavepack[22m | Storing File: res://assets/textures/harvest/proc/flower_box_soil_normal.jpg.import[39m[0m
[   5% ] [90m[1msavepack[22m | Storing File: res://.godot/imported/flower_box_soil_rough.jpg-f23891db5e57966fa39abef225bff3e7.ctex[39m[0m
[   5% ] [90m[1msavepack[22m | Storing File: res://assets/textures/harvest/proc/flower_box_soil_rough.jpg.import[39m[0m
[   5% ] [90m[1msavepack[22m | Storing File: res://.godot/imported/flower_soil_albedo.jpg-36cd4a55e7b215fc7bbaa49afb083d9d.ctex[39m[0m
[   5% ] [90m[1msavepack[22m | Storing File: res://assets/textures/harvest/proc/flower_soil_albedo.jpg.import[39m[0m
[   5% ] [90m[1msavepack[22m | Storing File: res://.godot/imported/flower_soil_normal.jpg-a5b814da8e0ac1abbe4bc7e06ded599f.ctex[39m[0m
[   5% ] [90m[1msavepack[22m | Storing File: res://assets/textures/harvest/proc/flower_soil_normal.jpg.import[39m[0m
[   5% ] [90m[1msavepack[22m | Storing File: res://.godot/imported/flower_soil_rough.jpg-21acb009238b96d45d511dedd4daa51e.ctex[39m[0m
[   5% ] [90m[1msavepack[22m | Storing File: res://assets/textures/harvest/proc/flower_soil_rough.jpg.import[39m[0m
[   5% ] [90m[1msavepack[22m | Storing File: res://.godot/imported/grass_clover_albedo.jpg-17fce784832756d10b658869fb9daf16.ctex[39m[0m
[   5% ] [90m[1msavepack[22m | Storing File: res://assets/textures/harvest/proc/grass_clover_albedo.jpg.import[39m[0m
[   5% ] [90m[1msavepack[22m | Storing File: res://.godot/imported/grass_clover_normal.jpg-f017888b87ceb09d2372974473dec6ab.ctex[39m[0m
[   5% ] [90m[1msavepack[22m | Storing File: res://assets/textures/harvest/proc/grass_clover_normal.jpg.import[39m[0m
[   5% ] [90m[1msavepack[22m | Storing File: res://.godot/imported/grass_clover_rough.jpg-9df814291804e9a5d977f9258b7858c8.ctex[39m[0m
[   5% ] [90m[1msavepack[22m | Storing File: res://assets/textures/harvest/proc/grass_clover_rough.jpg.import[39m[0m
[   5% ] [90m[1msavepack[22m | Storing File: res://.godot/imported/metal_plate_03_rough.jpg-849afffdeaabd3c7cb5eb669421bb7a8.ctex[39m[0m
[   5% ] [90m[1msavepack[22m | Storing File: res://assets/textures/harvest/metal_plate_03_rough.jpg.import[39m[0m
[   5% ] [90m[1msavepack[22m | Storing File: res://.godot/imported/dirt_floor_rough.jpg-69ca19b781c9ef6caa554acfed03390d.ctex[39m[0m
[   5% ] [90m[1msavepack[22m | Storing File: res://assets/textures/harvest/dirt_floor_rough.jpg.import[39m[0m
[   5% ] [90m[1msavepack[22m | Storing File: res://.godot/imported/brown_mud_rough.jpg-f39707817ed405d4e965eecaead7e53c.ctex[39m[0m
[   5% ] [90m[1msavepack[22m | Storing File: res://assets/textures/harvest/brown_mud_rough.jpg.import[39m[0m
[   6% ] [90m[1msavepack[22m | Storing File: res://.godot/imported/acg_gravel015_rough.jpg-aa572868b14e2db583e0d2bb2a51af6b.ctex[39m[0m
[   6% ] [90m[1msavepack[22m | Storing File: res://assets/textures/harvest/acg_gravel015_rough.jpg.import[39m[0m
[   6% ] [90m[1msavepack[22m | Storing File: res://.godot/imported/acg_gravel015_normal.jpg-fdc7ad17c87521f03506a058a8f580e5.ctex[39m[0m
[   6% ] [90m[1msavepack[22m | Storing File: res://assets/textures/harvest/acg_gravel015_normal.jpg.import[39m[0m
[   6% ] [90m[1msavepack[22m | Storing File: res://.godot/imported/acg_gravel015_albedo.jpg-67d02ee0d7d0d334ffcd0b28fbb19e7a.ctex[39m[0m
[   6% ] [90m[1msavepack[22m | Storing File: res://assets/textures/harvest/acg_gravel015_albedo.jpg.import[39m[0m
[   6% ] [90m[1msavepack[22m | Storing File: res://.godot/imported/grass_morning_albedo.jpg-f2cf246f79c3087a9b93c97a8a6b9f77.ctex[39m[0m
[   6% ] [90m[1msavepack[22m | Storing File: res://assets/textures/harvest/proc/grass_morning_albedo.jpg.import[39m[0m
[   6% ] [90m[1msavepack[22m | Storing File: res://.godot/imported/grass_morning_normal.jpg-f5e6f88278d82517e60c156dfee4716c.ctex[39m[0m
[   6% ] [90m[1msavepack[22m | Storing File: res://assets/textures/harvest/proc/grass_morning_normal.jpg.import[39m[0m
[   6% ] [90m[1msavepack[22m | Storing File: res://.godot/imported/grass_morning_rough.jpg-f4ab4b58421ca679cde04e4e6a76e6ba.ctex[39m[0m
[   6% ] [90m[1msavepack[22m | Storing File: res://assets/textures/harvest/proc/grass_morning_rough.jpg.import[39m[0m
[   6% ] [90m[1msavepack[22m | Storing File: res://.godot/imported/grass_piedmont_albedo.jpg-ea60cd4bd32dd49225851fa31634e9bb.ctex[39m[0m
[   6% ] [90m[1msavepack[22m | Storing File: res://assets/textures/harvest/proc/grass_piedmont_albedo.jpg.import[39m[0m
[   6% ] [90m[1msavepack[22m | Storing File: res://.godot/imported/grass_piedmont_normal.jpg-6655779a025de10fb7e9411eafee1ef1.ctex[39m[0m
[   6% ] [90m[1msavepack[22m | Storing File: res://assets/textures/harvest/proc/grass_piedmont_normal.jpg.import[39m[0m
[   6% ] [90m[1msavepack[22m | Storing File: res://.godot/imported/grass_piedmont_rough.jpg-59a592404d45b92f627394b64bf9a8fc.ctex[39m[0m
[   6% ] [90m[1msavepack[22m | Storing File: res://assets/textures/harvest/proc/grass_piedmont_rough.jpg.import[39m[0m
[   6% ] [90m[1msavepack[22m | Storing File: res://.godot/imported/grass_ring_edge_albedo.jpg-109c3d9e9ab97763365f3990a189be0b.ctex[39m[0m
[   6% ] [90m[1msavepack[22m | Storing File: res://assets/textures/harvest/proc/grass_ring_edge_albedo.jpg.import[39m[0m
[   6% ] [90m[1msavepack[22m | Storing File: res://.godot/imported/grass_ring_edge_normal.jpg-7ac8e21814b35d276747a1bf19dac5e5.ctex[39m[0m
[   6% ] [90m[1msavepack[22m | Storing File: res://assets/textures/harvest/proc/grass_ring_edge_normal.jpg.import[39m[0m
[   6% ] [90m[1msavepack[22m | Storing File: res://.godot/imported/grass_ring_edge_rough.jpg-7b6e2eabfc32e8943659c6b10385fd18.ctex[39m[0m
[   6% ] [90m[1msavepack[22m | Storing File: res://assets/textures/harvest/proc/grass_ring_edge_rough.jpg.import[39m[0m
[   6% ] [90m[1msavepack[22m | Storing File: res://.godot/imported/forest_leaves_04_normal.jpg-3ca38d07ca3f5512a3e6f4e031db3e8a.ctex[39m[0m
[   6% ] [90m[1msavepack[22m | Storing File: res://assets/textures/harvest/forest_leaves_04_normal.jpg.import[39m[0m
[   6% ] [90m[1msavepack[22m | Storing File: res://.godot/imported/forest_leaves_04_rough.jpg-75e92da12db22296016ca08f3da5bd49.ctex[39m[0m
[   6% ] [90m[1msavepack[22m | Storing File: res://assets/textures/harvest/forest_leaves_04_rough.jpg.import[39m[0m
[   6% ] [90m[1msavepack[22m | Storing File: res://.godot/imported/chinese_cedar_bark_albedo.jpg-59eccd8a4b5a766de8e4a96c6c45237c.ctex[39m[0m
[   6% ] [90m[1msavepack[22m | Storing File: res://assets/textures/harvest/chinese_cedar_bark_albedo.jpg.import[39m[0m
[   6% ] [90m[1msavepack[22m | Storing File: res://.godot/imported/gravel_barn_yard_albedo.jpg-604f8fb49d4b153533172e3662a02739.ctex[39m[0m
[   6% ] [90m[1msavepack[22m | Storing File: res://assets/textures/harvest/proc/gravel_barn_yard_albedo.jpg.import[39m[0m
[   6% ] [90m[1msavepack[22m | Storing File: res://.godot/imported/gravel_barn_yard_normal.jpg-94be71e3273c727a196330f87da1337d.ctex[39m[0m
[   6% ] [90m[1msavepack[22m | Storing File: res://assets/textures/harvest/proc/gravel_barn_yard_normal.jpg.import[39m[0m
[   6% ] [90m[1msavepack[22m | Storing File: res://.godot/imported/gravel_barn_yard_rough.jpg-cdf5c610db26e454536e5f4fd49d92d4.ctex[39m[0m
[   6% ] [90m[1msavepack[22m | Storing File: res://assets/textures/harvest/proc/gravel_barn_yard_rough.jpg.import[39m[0m
[   6% ] [90m[1msavepack[22m | Storing File: res://.godot/imported/gravel_drive_albedo.jpg-90f6e9b14e5e96991c65cf57b5e0c93f.ctex[39m[0m
[   6% ] [90m[1msavepack[22m | Storing File: res://assets/textures/harvest/proc/gravel_drive_albedo.jpg.import[39m[0m
[   7% ] [90m[1msavepack[22m | Storing File: res://.godot/imported/gravel_drive_normal.jpg-7e1684db949309ef68c9d275a4aec871.ctex[39m[0m
[   7% ] [90m[1msavepack[22m | Storing File: res://assets/textures/harvest/proc/gravel_drive_normal.jpg.import[39m[0m
[   7% ] [90m[1msavepack[22m | Storing File: res://.godot/imported/gravel_drive_rough.jpg-d842a661692e61f6cc43bcdcee469126.ctex[39m[0m
[   7% ] [90m[1msavepack[22m | Storing File: res://assets/textures/harvest/proc/gravel_drive_rough.jpg.import[39m[0m
[   7% ] [90m[1msavepack[22m | Storing File: res://.godot/imported/brown_planks_03_normal.jpg-b3fb85a15ec1478f92570b8f482ec4e5.ctex[39m[0m
[   7% ] [90m[1msavepack[22m | Storing File: res://assets/textures/harvest/brown_planks_03_normal.jpg.import[39m[0m
[   7% ] [90m[1msavepack[22m | Storing File: res://.godot/imported/metal_plate_albedo.jpg-95a5cf2c21ff6d33e1f2cda2d2c5e8c7.ctex[39m[0m
[   7% ] [90m[1msavepack[22m | Storing File: res://assets/textures/harvest/metal_plate_albedo.jpg.import[39m[0m
[   7% ] [90m[1msavepack[22m | Storing File: res://.godot/imported/dark_planks_rough.jpg-fc5277ebd7328fe46739adb40bc0566d.ctex[39m[0m
[   7% ] [90m[1msavepack[22m | Storing File: res://assets/textures/harvest/dark_planks_rough.jpg.import[39m[0m
[   7% ] [90m[1msavepack[22m | Storing File: res://.godot/imported/hay_bale_albedo.jpg-95c5ca6860e05ce2f38eed5abc4886ab.ctex[39m[0m
[   7% ] [90m[1msavepack[22m | Storing File: res://assets/textures/harvest/proc/hay_bale_albedo.jpg.import[39m[0m
[   7% ] [90m[1msavepack[22m | Storing File: res://.godot/imported/hay_bale_normal.jpg-c75de8b29fef1e7a9802103842051e27.ctex[39m[0m
[   7% ] [90m[1msavepack[22m | Storing File: res://assets/textures/harvest/proc/hay_bale_normal.jpg.import[39m[0m
[   7% ] [90m[1msavepack[22m | Storing File: res://.godot/imported/hay_bale_rough.jpg-775405349c3d86fb8c49cec628f36d92.ctex[39m[0m
[   7% ] [90m[1msavepack[22m | Storing File: res://assets/textures/harvest/proc/hay_bale_rough.jpg.import[39m[0m
[   7% ] [90m[1msavepack[22m | Storing File: res://.godot/imported/hay_dust_albedo.jpg-d99a73cb4a21730e2adf2c5fbe8816e7.ctex[39m[0m
[   7% ] [90m[1msavepack[22m | Storing File: res://assets/textures/harvest/proc/hay_dust_albedo.jpg.import[39m[0m
[   7% ] [90m[1msavepack[22m | Storing File: res://.godot/imported/hay_dust_normal.jpg-0747e96c8cc04d152f3409a8604f3513.ctex[39m[0m
[   7% ] [90m[1msavepack[22m | Storing File: res://assets/textures/harvest/proc/hay_dust_normal.jpg.import[39m[0m
[   7% ] [90m[1msavepack[22m | Storing File: res://.godot/imported/hay_dust_rough.jpg-f4d903ae07ebc3f83d286ea644cee992.ctex[39m[0m
[   7% ] [90m[1msavepack[22m | Storing File: res://assets/textures/harvest/proc/hay_dust_rough.jpg.import[39m[0m
[   7% ] [90m[1msavepack[22m | Storing File: res://.godot/imported/hoof_cut_sand_albedo.jpg-bdfc6d663489617198d5f23b123a5714.ctex[39m[0m
[   7% ] [90m[1msavepack[22m | Storing File: res://assets/textures/harvest/proc/hoof_cut_sand_albedo.jpg.import[39m[0m
[   7% ] [90m[1msavepack[22m | Storing File: res://.godot/imported/hoof_cut_sand_normal.jpg-089b842fa66a9b5d57749d8ef0b58b5c.ctex[39m[0m
[   7% ] [90m[1msavepack[22m | Storing File: res://assets/textures/harvest/proc/hoof_cut_sand_normal.jpg.import[39m[0m
[   7% ] [90m[1msavepack[22m | Storing File: res://.godot/imported/hoof_cut_sand_rough.jpg-af8c4e2403657616396847378edc8b72.ctex[39m[0m
[   7% ] [90m[1msavepack[22m | Storing File: res://assets/textures/harvest/proc/hoof_cut_sand_rough.jpg.import[39m[0m
[   7% ] [90m[1msavepack[22m | Storing File: res://.godot/imported/stony_dirt_path_albedo.jpg-6dc4d8b9cb23d25f015600a6e0b76cfc.ctex[39m[0m
[   7% ] [90m[1msavepack[22m | Storing File: res://assets/textures/harvest/stony_dirt_path_albedo.jpg.import[39m[0m
[   7% ] [90m[1msavepack[22m | Storing File: res://.godot/imported/dark_wood_albedo.jpg-bb0064db2a87e05ead7990b6dade3bda.ctex[39m[0m
[   7% ] [90m[1msavepack[22m | Storing File: res://assets/textures/harvest/dark_wood_albedo.jpg.import[39m[0m
[   7% ] [90m[1msavepack[22m | Storing File: res://.godot/imported/raked_dirt_normal.jpg-87a92ca6c04b791ee6ba26cd721b9510.ctex[39m[0m
[   7% ] [90m[1msavepack[22m | Storing File: res://assets/textures/harvest/raked_dirt_normal.jpg.import[39m[0m
[   7% ] [90m[1msavepack[22m | Storing File: res://.godot/imported/hydrant_metal_albedo.jpg-baae2822312e851671b797a68227a8fe.ctex[39m[0m
[   7% ] [90m[1msavepack[22m | Storing File: res://assets/textures/harvest/proc/hydrant_metal_albedo.jpg.import[39m[0m
[   7% ] [90m[1msavepack[22m | Storing File: res://.godot/imported/hydrant_metal_normal.jpg-0739fbc91c7d07b9a2daa6ef75cc3a37.ctex[39m[0m
[   7% ] [90m[1msavepack[22m | Storing File: res://assets/textures/harvest/proc/hydrant_metal_normal.jpg.import[39m[0m
[   8% ] [90m[1msavepack[22m | Storing File: res://.godot/imported/hydrant_metal_rough.jpg-b4969551dbf7524a620405efdec33971.ctex[39m[0m
[   8% ] [90m[1msavepack[22m | Storing File: res://assets/textures/harvest/proc/hydrant_metal_rough.jpg.import[39m[0m
[   8% ] [90m[1msavepack[22m | Storing File: res://.godot/imported/iron_polish_albedo.jpg-9668cf782cea4e73d688d1d73621ff1d.ctex[39m[0m
[   8% ] [90m[1msavepack[22m | Storing File: res://assets/textures/harvest/proc/iron_polish_albedo.jpg.import[39m[0m
[   8% ] [90m[1msavepack[22m | Storing File: res://.godot/imported/iron_polish_normal.jpg-ccfe931968851ba594ff9d87cef9c3c7.ctex[39m[0m
[   8% ] [90m[1msavepack[22m | Storing File: res://assets/textures/harvest/proc/iron_polish_normal.jpg.import[39m[0m
[   8% ] [90m[1msavepack[22m | Storing File: res://.godot/imported/iron_polish_rough.jpg-2b1a1f70fc1e0d8bbf62692a2b2b10c4.ctex[39m[0m
[   8% ] [90m[1msavepack[22m | Storing File: res://assets/textures/harvest/proc/iron_polish_rough.jpg.import[39m[0m
[   8% ] [90m[1msavepack[22m | Storing File: res://.godot/imported/kick_barn_albedo.jpg-bd5e6cbab18d34a53b27c1af0ccfdc77.ctex[39m[0m
[   8% ] [90m[1msavepack[22m | Storing File: res://assets/textures/harvest/proc/kick_barn_albedo.jpg.import[39m[0m
[   8% ] [90m[1msavepack[22m | Storing File: res://.godot/imported/kick_barn_normal.jpg-b30f83f0894c63b6ccae84a6509a5149.ctex[39m[0m
[   8% ] [90m[1msavepack[22m | Storing File: res://assets/textures/harvest/proc/kick_barn_normal.jpg.import[39m[0m
[   8% ] [90m[1msavepack[22m | Storing File: res://.godot/imported/kick_barn_rough.jpg-a7ed9a3a4d45a5768186896180f3e331.ctex[39m[0m
[   8% ] [90m[1msavepack[22m | Storing File: res://assets/textures/harvest/proc/kick_barn_rough.jpg.import[39m[0m
[   8% ] [90m[1msavepack[22m | Storing File: res://.godot/imported/kick_dark_albedo.jpg-be6d1038294d270fa4fad15432ba2c59.ctex[39m[0m
[   8% ] [90m[1msavepack[22m | Storing File: res://assets/textures/harvest/proc/kick_dark_albedo.jpg.import[39m[0m
[   8% ] [90m[1msavepack[22m | Storing File: res://.godot/imported/kick_dark_normal.jpg-f081e3e3081d116fe7d4b18b3ff63a49.ctex[39m[0m
[   8% ] [90m[1msavepack[22m | Storing File: res://assets/textures/harvest/proc/kick_dark_normal.jpg.import[39m[0m
[   8% ] [90m[1msavepack[22m | Storing File: res://.godot/imported/kick_dark_rough.jpg-17b4dde3bf63b2fe462b3b2c785d8da6.ctex[39m[0m
[   8% ] [90m[1msavepack[22m | Storing File: res://assets/textures/harvest/proc/kick_dark_rough.jpg.import[39m[0m
[   8% ] [90m[1msavepack[22m | Storing File: res://.godot/imported/kick_scuff_albedo.jpg-e46251ed6d293773d8238eeb91a51cd1.ctex[39m[0m
[   8% ] [90m[1msavepack[22m | Storing File: res://assets/textures/harvest/proc/kick_scuff_albedo.jpg.import[39m[0m
[   8% ] [90m[1msavepack[22m | Storing File: res://.godot/imported/kick_scuff_normal.jpg-888b1e6e0cb9da093da20af244f7c5df.ctex[39m[0m
[   8% ] [90m[1msavepack[22m | Storing File: res://assets/textures/harvest/proc/kick_scuff_normal.jpg.import[39m[0m
[   8% ] [90m[1msavepack[22m | Storing File: res://.godot/imported/kick_scuff_rough.jpg-97caa79541d405e72258cc989fd130b0.ctex[39m[0m
[   8% ] [90m[1msavepack[22m | Storing File: res://assets/textures/harvest/proc/kick_scuff_rough.jpg.import[39m[0m
[   8% ] [90m[1msavepack[22m | Storing File: res://.godot/imported/leather_bridle_albedo.jpg-7d9ffb95e2d6d2d24aee2bb49ddd9d08.ctex[39m[0m
[   8% ] [90m[1msavepack[22m | Storing File: res://assets/textures/harvest/proc/leather_bridle_albedo.jpg.import[39m[0m
[   8% ] [90m[1msavepack[22m | Storing File: res://.godot/imported/leather_bridle_normal.jpg-ae56ba1d0c6f476d836df28cc42fd028.ctex[39m[0m
[   8% ] [90m[1msavepack[22m | Storing File: res://assets/textures/harvest/proc/leather_bridle_normal.jpg.import[39m[0m
[   8% ] [90m[1msavepack[22m | Storing File: res://.godot/imported/leather_bridle_rough.jpg-393635ffce64b85bcf3bae5f1e9fa9fe.ctex[39m[0m
[   8% ] [90m[1msavepack[22m | Storing File: res://assets/textures/harvest/proc/leather_bridle_rough.jpg.import[39m[0m
[   8% ] [90m[1msavepack[22m | Storing File: res://.godot/imported/leather_reins_albedo.jpg-06d161ea64b8193257daf6fdf4f5645b.ctex[39m[0m
[   8% ] [90m[1msavepack[22m | Storing File: res://assets/textures/harvest/proc/leather_reins_albedo.jpg.import[39m[0m
[   8% ] [90m[1msavepack[22m | Storing File: res://.godot/imported/leather_reins_normal.jpg-99721f201948d2c683520cc6675e8744.ctex[39m[0m
[   8% ] [90m[1msavepack[22m | Storing File: res://assets/textures/harvest/proc/leather_reins_normal.jpg.import[39m[0m
[   8% ] [90m[1msavepack[22m | Storing File: res://.godot/imported/leather_reins_rough.jpg-3faff7fa408a1e15eb29821a614ec771.ctex[39m[0m
[   8% ] [90m[1msavepack[22m | Storing File: res://assets/textures/harvest/proc/leather_reins_rough.jpg.import[39m[0m
[   9% ] [90m[1msavepack[22m | Storing File: res://.godot/imported/leather_sweat_albedo.jpg-661d4368e40ed7e62ce5098364c0fabd.ctex[39m[0m
[   9% ] [90m[1msavepack[22m | Storing File: res://assets/textures/harvest/proc/leather_sweat_albedo.jpg.import[39m[0m
[   9% ] [90m[1msavepack[22m | Storing File: res://.godot/imported/leather_sweat_normal.jpg-8fe24dc7cf8f1c7841e71dc4f4d6f557.ctex[39m[0m
[   9% ] [90m[1msavepack[22m | Storing File: res://assets/textures/harvest/proc/leather_sweat_normal.jpg.import[39m[0m
[   9% ] [90m[1msavepack[22m | Storing File: res://.godot/imported/leather_sweat_rough.jpg-a1b98ed1ac36a7317cd48cfde2c651cf.ctex[39m[0m
[   9% ] [90m[1msavepack[22m | Storing File: res://assets/textures/harvest/proc/leather_sweat_rough.jpg.import[39m[0m
[   9% ] [90m[1msavepack[22m | Storing File: res://.godot/imported/natural_rail_albedo.jpg-e5f7cfa7e5b2fdcddc6784abacbe3fdd.ctex[39m[0m
[   9% ] [90m[1msavepack[22m | Storing File: res://assets/textures/harvest/proc/natural_rail_albedo.jpg.import[39m[0m
[   9% ] [90m[1msavepack[22m | Storing File: res://.godot/imported/natural_rail_normal.jpg-e49e938f3b550237f6b592d36a722516.ctex[39m[0m
[   9% ] [90m[1msavepack[22m | Storing File: res://assets/textures/harvest/proc/natural_rail_normal.jpg.import[39m[0m
[   9% ] [90m[1msavepack[22m | Storing File: res://.godot/imported/natural_rail_rough.jpg-a4d18d93c9b3bbd76e322e9fba258caa.ctex[39m[0m
[   9% ] [90m[1msavepack[22m | Storing File: res://assets/textures/harvest/proc/natural_rail_rough.jpg.import[39m[0m
[   9% ] [90m[1msavepack[22m | Storing File: res://.godot/imported/navy_pole_albedo.jpg-be709efde6ad87b4578dc842c4676635.ctex[39m[0m
[   9% ] [90m[1msavepack[22m | Storing File: res://assets/textures/harvest/proc/navy_pole_albedo.jpg.import[39m[0m
[   9% ] [90m[1msavepack[22m | Storing File: res://.godot/imported/navy_pole_normal.jpg-d431ccc99adc5d58cad66dc80f1e5f89.ctex[39m[0m
[   9% ] [90m[1msavepack[22m | Storing File: res://assets/textures/harvest/proc/navy_pole_normal.jpg.import[39m[0m
[   9% ] [90m[1msavepack[22m | Storing File: res://.godot/imported/navy_pole_rough.jpg-a9aeea283239d63b3f8134e5465b6a21.ctex[39m[0m
[   9% ] [90m[1msavepack[22m | Storing File: res://assets/textures/harvest/proc/navy_pole_rough.jpg.import[39m[0m
[   9% ] [90m[1msavepack[22m | Storing File: res://.godot/imported/oak_bark_albedo.jpg-b9d8c6168c40ac920ca2c6cfd780220d.ctex[39m[0m
[   9% ] [90m[1msavepack[22m | Storing File: res://assets/textures/harvest/proc/oak_bark_albedo.jpg.import[39m[0m
[   9% ] [90m[1msavepack[22m | Storing File: res://.godot/imported/oak_bark_normal.jpg-38248b0159b9b453b4961980be6cd6f9.ctex[39m[0m
[   9% ] [90m[1msavepack[22m | Storing File: res://assets/textures/harvest/proc/oak_bark_normal.jpg.import[39m[0m
[   9% ] [90m[1msavepack[22m | Storing File: res://.godot/imported/oak_bark_rough.jpg-0b4bb17feb4bd7f66c7faaca4c4ced68.ctex[39m[0m
[   9% ] [90m[1msavepack[22m | Storing File: res://assets/textures/harvest/proc/oak_bark_rough.jpg.import[39m[0m
[   9% ] [90m[1msavepack[22m | Storing File: res://.godot/imported/oak_fourboard_albedo.jpg-ff7f8d6515e435af07f17d3a17fd6b14.ctex[39m[0m
[   9% ] [90m[1msavepack[22m | Storing File: res://assets/textures/harvest/proc/oak_fourboard_albedo.jpg.import[39m[0m
[   9% ] [90m[1msavepack[22m | Storing File: res://.godot/imported/oak_fourboard_normal.jpg-cb95f0085ff53cb5acd4d408b613e1d6.ctex[39m[0m
[   9% ] [90m[1msavepack[22m | Storing File: res://assets/textures/harvest/proc/oak_fourboard_normal.jpg.import[39m[0m
[   9% ] [90m[1msavepack[22m | Storing File: res://.godot/imported/oak_fourboard_rough.jpg-a84d4006c39842b8c115062d941dce31.ctex[39m[0m
[   9% ] [90m[1msavepack[22m | Storing File: res://assets/textures/harvest/proc/oak_fourboard_rough.jpg.import[39m[0m
[   9% ] [90m[1msavepack[22m | Storing File: res://.godot/imported/raked_dirt_rough.jpg-45d6a30f2518fcc4e7ff9a437cff8d52.ctex[39m[0m
[   9% ] [90m[1msavepack[22m | Storing File: res://assets/textures/harvest/raked_dirt_rough.jpg.import[39m[0m
[   9% ] [90m[1msavepack[22m | Storing File: res://.godot/imported/acg_leather011_albedo.jpg-05daf342d57b45d721cd2e154a7d24cd.ctex[39m[0m
[   9% ] [90m[1msavepack[22m | Storing File: res://assets/textures/harvest/acg_leather011_albedo.jpg.import[39m[0m
[   9% ] [90m[1msavepack[22m | Storing File: res://.godot/imported/fabric_leather_01_normal.jpg-90bd2fac7cb2d093504b8e05172be134.ctex[39m[0m
[   9% ] [90m[1msavepack[22m | Storing File: res://assets/textures/harvest/fabric_leather_01_normal.jpg.import[39m[0m
[   9% ] [90m[1msavepack[22m | Storing File: res://.godot/imported/oak_rust_albedo.jpg-a7be316644730f8c280861316be40152.ctex[39m[0m
[   9% ] [90m[1msavepack[22m | Storing File: res://assets/textures/harvest/proc/oak_rust_albedo.jpg.import[39m[0m
[  10% ] [90m[1msavepack[22m | Storing File: res://.godot/imported/oak_rust_normal.jpg-92949ead1efd4eacf9c28873780a0967.ctex[39m[0m
[  10% ] [90m[1msavepack[22m | Storing File: res://assets/textures/harvest/proc/oak_rust_normal.jpg.import[39m[0m
[  10% ] [90m[1msavepack[22m | Storing File: res://.godot/imported/oak_rust_rough.jpg-277c5e59b830b3f13da4b5f513faea6a.ctex[39m[0m
[  10% ] [90m[1msavepack[22m | Storing File: res://assets/textures/harvest/proc/oak_rust_rough.jpg.import[39m[0m
[  10% ] [90m[1msavepack[22m | Storing File: res://.godot/imported/pad_quilt_albedo.jpg-d4cb6ea1cd8d74b33000f72f2b0c84b1.ctex[39m[0m
[  10% ] [90m[1msavepack[22m | Storing File: res://assets/textures/harvest/proc/pad_quilt_albedo.jpg.import[39m[0m
[  10% ] [90m[1msavepack[22m | Storing File: res://.godot/imported/pad_quilt_normal.jpg-ffadd5e7128c723b4ffd536b7775bb21.ctex[39m[0m
[  10% ] [90m[1msavepack[22m | Storing File: res://assets/textures/harvest/proc/pad_quilt_normal.jpg.import[39m[0m
[  10% ] [90m[1msavepack[22m | Storing File: res://.godot/imported/pad_quilt_rough.jpg-fa77581211db7ccf9a9ad3aff27b10ec.ctex[39m[0m
[  10% ] [90m[1msavepack[22m | Storing File: res://assets/textures/harvest/proc/pad_quilt_rough.jpg.import[39m[0m
[  10% ] [90m[1msavepack[22m | Storing File: res://.godot/imported/fabric_leather_01_rough.jpg-8474ef9f278429fd2802ab8b806da819.ctex[39m[0m
[  10% ] [90m[1msavepack[22m | Storing File: res://assets/textures/harvest/fabric_leather_01_rough.jpg.import[39m[0m
[  10% ] [90m[1msavepack[22m | Storing File: res://.godot/imported/stony_dirt_path_normal.jpg-86f0c9b6e5d99195b8b63deeec3f1b70.ctex[39m[0m
[  10% ] [90m[1msavepack[22m | Storing File: res://assets/textures/harvest/stony_dirt_path_normal.jpg.import[39m[0m
[  10% ] [90m[1msavepack[22m | Storing File: res://.godot/imported/ground_grey_rough.jpg-4b1c33f9e87c725ed444e6d5aebd66d5.ctex[39m[0m
[  10% ] [90m[1msavepack[22m | Storing File: res://assets/textures/harvest/ground_grey_rough.jpg.import[39m[0m
[  10% ] [90m[1msavepack[22m | Storing File: res://.godot/imported/metal_plate_normal.jpg-29822f056283eab1df60c833a242b40a.ctex[39m[0m
[  10% ] [90m[1msavepack[22m | Storing File: res://assets/textures/harvest/metal_plate_normal.jpg.import[39m[0m
[  10% ] [90m[1msavepack[22m | Storing File: res://.godot/imported/grass_path_2_albedo.jpg-1a8100101f4271c53f12c8501486bc6d.ctex[39m[0m
[  10% ] [90m[1msavepack[22m | Storing File: res://assets/textures/harvest/grass_path_2_albedo.jpg.import[39m[0m
[  10% ] [90m[1msavepack[22m | Storing File: res://.godot/imported/raw_planks_albedo.jpg-9dcaa6f741e69236e33c82a8836135f4.ctex[39m[0m
[  10% ] [90m[1msavepack[22m | Storing File: res://assets/textures/harvest/raw_planks_albedo.jpg.import[39m[0m
[  10% ] [90m[1msavepack[22m | Storing File: res://.godot/imported/pine_needles_albedo.jpg-150f099bbd54fd2f4f60ce54d2dab7cf.ctex[39m[0m
[  10% ] [90m[1msavepack[22m | Storing File: res://assets/textures/harvest/proc/pine_needles_albedo.jpg.import[39m[0m
[  10% ] [90m[1msavepack[22m | Storing File: res://.godot/imported/pine_needles_normal.jpg-c9b7418db60bbd3a942dbf847a5284c5.ctex[39m[0m
[  10% ] [90m[1msavepack[22m | Storing File: res://assets/textures/harvest/proc/pine_needles_normal.jpg.import[39m[0m
[  10% ] [90m[1msavepack[22m | Storing File: res://.godot/imported/pine_needles_rough.jpg-347e0e7705423d777ca42cefb5916da4.ctex[39m[0m
[  10% ] [90m[1msavepack[22m | Storing File: res://assets/textures/harvest/proc/pine_needles_rough.jpg.import[39m[0m
[  10% ] [90m[1msavepack[22m | Storing File: res://.godot/imported/dark_wood_normal.jpg-3ab293b50bed21c2948cc2661b9ddbd9.ctex[39m[0m
[  10% ] [90m[1msavepack[22m | Storing File: res://assets/textures/harvest/dark_wood_normal.jpg.import[39m[0m
[  10% ] [90m[1msavepack[22m | Storing File: res://.godot/imported/dark_wood_rough.jpg-c7fb7fbb6e6604704b8d5367fdc91242.ctex[39m[0m
[  10% ] [90m[1msavepack[22m | Storing File: res://assets/textures/harvest/dark_wood_rough.jpg.import[39m[0m
[  10% ] [90m[1msavepack[22m | Storing File: res://.godot/imported/metal_plate_rough.jpg-92e16a3bc033099e781465d6cac3d057.ctex[39m[0m
[  10% ] [90m[1msavepack[22m | Storing File: res://assets/textures/harvest/metal_plate_rough.jpg.import[39m[0m
[  10% ] [90m[1msavepack[22m | Storing File: res://.godot/imported/plank_gate_albedo.jpg-6d102f3cc89f31758fe453be88cfdb4c.ctex[39m[0m
[  10% ] [90m[1msavepack[22m | Storing File: res://assets/textures/harvest/proc/plank_gate_albedo.jpg.import[39m[0m
[  10% ] [90m[1msavepack[22m | Storing File: res://.godot/imported/plank_gate_normal.jpg-14f21b53f3e35cbe1eef7f1e7e43c352.ctex[39m[0m
[  10% ] [90m[1msavepack[22m | Storing File: res://assets/textures/harvest/proc/plank_gate_normal.jpg.import[39m[0m
[  11% ] [90m[1msavepack[22m | Storing File: res://.godot/imported/plank_gate_rough.jpg-bb2f1848d8b58b4e705b9f41969cc4a1.ctex[39m[0m
[  11% ] [90m[1msavepack[22m | Storing File: res://assets/textures/harvest/proc/plank_gate_rough.jpg.import[39m[0m
[  11% ] [90m[1msavepack[22m | Storing File: res://.godot/imported/proc_extra_000_albedo.jpg-c95a6ea22668664aeb1810f26eb43bad.ctex[39m[0m
[  11% ] [90m[1msavepack[22m | Storing File: res://assets/textures/harvest/proc/proc_extra_000_albedo.jpg.import[39m[0m
[  11% ] [90m[1msavepack[22m | Storing File: res://.godot/imported/proc_extra_000_normal.jpg-285880993beaa5911b0dc1d3783c1802.ctex[39m[0m
[  11% ] [90m[1msavepack[22m | Storing File: res://assets/textures/harvest/proc/proc_extra_000_normal.jpg.import[39m[0m
[  11% ] [90m[1msavepack[22m | Storing File: res://.godot/imported/proc_extra_000_rough.jpg-bbff374c27c36dcc67071c32314f5367.ctex[39m[0m
[  11% ] [90m[1msavepack[22m | Storing File: res://assets/textures/harvest/proc/proc_extra_000_rough.jpg.import[39m[0m
[  11% ] [90m[1msavepack[22m | Storing File: res://.godot/imported/proc_extra_001_albedo.jpg-a71cf012acd4aaa3c026469765b9b719.ctex[39m[0m
[  11% ] [90m[1msavepack[22m | Storing File: res://assets/textures/harvest/proc/proc_extra_001_albedo.jpg.import[39m[0m
[  11% ] [90m[1msavepack[22m | Storing File: res://.godot/imported/proc_extra_001_normal.jpg-057903e1503a509525209654a0c1457e.ctex[39m[0m
[  11% ] [90m[1msavepack[22m | Storing File: res://assets/textures/harvest/proc/proc_extra_001_normal.jpg.import[39m[0m
[  11% ] [90m[1msavepack[22m | Storing File: res://.godot/imported/proc_extra_001_rough.jpg-175640e1e5e58a2927ed4dceed578b00.ctex[39m[0m
[  11% ] [90m[1msavepack[22m | Storing File: res://assets/textures/harvest/proc/proc_extra_001_rough.jpg.import[39m[0m
[  11% ] [90m[1msavepack[22m | Storing File: res://.godot/imported/proc_extra_002_albedo.jpg-b744103b48703257fe406f943b2546c0.ctex[39m[0m
[  11% ] [90m[1msavepack[22m | Storing File: res://assets/textures/harvest/proc/proc_extra_002_albedo.jpg.import[39m[0m
[  11% ] [90m[1msavepack[22m | Storing File: res://.godot/imported/proc_extra_002_normal.jpg-c53f0900c922ed847c7cd0d7845853fa.ctex[39m[0m
[  11% ] [90m[1msavepack[22m | Storing File: res://assets/textures/harvest/proc/proc_extra_002_normal.jpg.import[39m[0m
[  11% ] [90m[1msavepack[22m | Storing File: res://.godot/imported/proc_extra_002_rough.jpg-4e369c6382b14bad9a206b8ce057c6bb.ctex[39m[0m
[  11% ] [90m[1msavepack[22m | Storing File: res://assets/textures/harvest/proc/proc_extra_002_rough.jpg.import[39m[0m
[  11% ] [90m[1msavepack[22m | Storing File: res://.godot/imported/proc_extra_003_albedo.jpg-bcb5441e170a3d9088613f6b0e15a10a.ctex[39m[0m
[  11% ] [90m[1msavepack[22m | Storing File: res://assets/textures/harvest/proc/proc_extra_003_albedo.jpg.import[39m[0m
[  11% ] [90m[1msavepack[22m | Storing File: res://.godot/imported/proc_extra_003_normal.jpg-7398f73ae4d3946f4bf3c426d317b213.ctex[39m[0m
[  11% ] [90m[1msavepack[22m | Storing File: res://assets/textures/harvest/proc/proc_extra_003_normal.jpg.import[39m[0m
[  11% ] [90m[1msavepack[22m | Storing File: res://.godot/imported/proc_extra_003_rough.jpg-29133e9f50a778997edaa6d3262d1e66.ctex[39m[0m
[  11% ] [90m[1msavepack[22m | Storing File: res://assets/textures/harvest/proc/proc_extra_003_rough.jpg.import[39m[0m
[  11% ] [90m[1msavepack[22m | Storing File: res://.godot/imported/proc_extra_004_albedo.jpg-2e1b56cee5b7ee8351e921c826b1d531.ctex[39m[0m
[  11% ] [90m[1msavepack[22m | Storing File: res://assets/textures/harvest/proc/proc_extra_004_albedo.jpg.import[39m[0m
[  11% ] [90m[1msavepack[22m | Storing File: res://.godot/imported/proc_extra_004_normal.jpg-28329be1c243c404367ac7ff79806e82.ctex[39m[0m
[  11% ] [90m[1msavepack[22m | Storing File: res://assets/textures/harvest/proc/proc_extra_004_normal.jpg.import[39m[0m
[  11% ] [90m[1msavepack[22m | Storing File: res://.godot/imported/proc_extra_004_rough.jpg-f932fc58434dbe18939a50a40b43d95e.ctex[39m[0m
[  11% ] [90m[1msavepack[22m | Storing File: res://assets/textures/harvest/proc/proc_extra_004_rough.jpg.import[39m[0m
[  11% ] [90m[1msavepack[22m | Storing File: res://.godot/imported/proc_extra_005_albedo.jpg-2956c801f8cc8a5c64c19f9cf39f8278.ctex[39m[0m
[  11% ] [90m[1msavepack[22m | Storing File: res://assets/textures/harvest/proc/proc_extra_005_albedo.jpg.import[39m[0m
[  11% ] [90m[1msavepack[22m | Storing File: res://.godot/imported/proc_extra_005_normal.jpg-db8ad4a51be53725769d60258db50648.ctex[39m[0m
[  11% ] [90m[1msavepack[22m | Storing File: res://assets/textures/harvest/proc/proc_extra_005_normal.jpg.import[39m[0m
[  11% ] [90m[1msavepack[22m | Storing File: res://.godot/imported/proc_extra_005_rough.jpg-b66bbee35709de50f63360e6fe1efd44.ctex[39m[0m
[  11% ] [90m[1msavepack[22m | Storing File: res://assets/textures/harvest/proc/proc_extra_005_rough.jpg.import[39m[0m
[  12% ] [90m[1msavepack[22m | Storing File: res://.godot/imported/proc_extra_006_albedo.jpg-e36584a4a171574b38af30b1acb84e83.ctex[39m[0m
[  12% ] [90m[1msavepack[22m | Storing File: res://assets/textures/harvest/proc/proc_extra_006_albedo.jpg.import[39m[0m
[  12% ] [90m[1msavepack[22m | Storing File: res://.godot/imported/proc_extra_006_normal.jpg-c7fe802885d065b54c8ca7f924b0ff39.ctex[39m[0m
[  12% ] [90m[1msavepack[22m | Storing File: res://assets/textures/harvest/proc/proc_extra_006_normal.jpg.import[39m[0m
[  12% ] [90m[1msavepack[22m | Storing File: res://.godot/imported/proc_extra_006_rough.jpg-57801a6116118e12ad71133c8560187f.ctex[39m[0m
[  12% ] [90m[1msavepack[22m | Storing File: res://assets/textures/harvest/proc/proc_extra_006_rough.jpg.import[39m[0m
[  12% ] [90m[1msavepack[22m | Storing File: res://.godot/imported/proc_extra_007_albedo.jpg-5dca2e678b59f9f667bf71f4f62b9dce.ctex[39m[0m
[  12% ] [90m[1msavepack[22m | Storing File: res://assets/textures/harvest/proc/proc_extra_007_albedo.jpg.import[39m[0m
[  12% ] [90m[1msavepack[22m | Storing File: res://.godot/imported/proc_extra_007_normal.jpg-ea6c780fb820cb678d220f71213a490b.ctex[39m[0m
[  12% ] [90m[1msavepack[22m | Storing File: res://assets/textures/harvest/proc/proc_extra_007_normal.jpg.import[39m[0m
[  12% ] [90m[1msavepack[22m | Storing File: res://.godot/imported/proc_extra_007_rough.jpg-b0bd95f9400e4ca726008dda5caedca7.ctex[39m[0m
[  12% ] [90m[1msavepack[22m | Storing File: res://assets/textures/harvest/proc/proc_extra_007_rough.jpg.import[39m[0m
[  12% ] [90m[1msavepack[22m | Storing File: res://.godot/imported/proc_extra_008_albedo.jpg-aa4f4a14adbe982c8b4424bc7c839a5a.ctex[39m[0m
[  12% ] [90m[1msavepack[22m | Storing File: res://assets/textures/harvest/proc/proc_extra_008_albedo.jpg.import[39m[0m
[  12% ] [90m[1msavepack[22m | Storing File: res://.godot/imported/proc_extra_008_normal.jpg-7cdf7e0fd7b4fc09272b407cc09ef53b.ctex[39m[0m
[  12% ] [90m[1msavepack[22m | Storing File: res://assets/textures/harvest/proc/proc_extra_008_normal.jpg.import[39m[0m
[  12% ] [90m[1msavepack[22m | Storing File: res://.godot/imported/proc_extra_008_rough.jpg-b83b8bfff7241f7875494ad083a76d80.ctex[39m[0m
[  12% ] [90m[1msavepack[22m | Storing File: res://assets/textures/harvest/proc/proc_extra_008_rough.jpg.import[39m[0m
[  12% ] [90m[1msavepack[22m | Storing File: res://.godot/imported/proc_extra_009_albedo.jpg-777a85ec32f78baa6ca835d4fe4e622c.ctex[39m[0m
[  12% ] [90m[1msavepack[22m | Storing File: res://assets/textures/harvest/proc/proc_extra_009_albedo.jpg.import[39m[0m
[  12% ] [90m[1msavepack[22m | Storing File: res://.godot/imported/proc_extra_009_normal.jpg-c50524efaf63cefc0c20d17c8febd194.ctex[39m[0m
[  12% ] [90m[1msavepack[22m | Storing File: res://assets/textures/harvest/proc/proc_extra_009_normal.jpg.import[39m[0m
[  12% ] [90m[1msavepack[22m | Storing File: res://.godot/imported/proc_extra_009_rough.jpg-f40e29f1fd2ccf1cc6adf8e5587c2733.ctex[39m[0m
[  12% ] [90m[1msavepack[22m | Storing File: res://assets/textures/harvest/proc/proc_extra_009_rough.jpg.import[39m[0m
[  12% ] [90m[1msavepack[22m | Storing File: res://.godot/imported/proc_extra_010_albedo.jpg-4e2100159e935737c2d4560e89940fb1.ctex[39m[0m
[  12% ] [90m[1msavepack[22m | Storing File: res://assets/textures/harvest/proc/proc_extra_010_albedo.jpg.import[39m[0m
[  12% ] [90m[1msavepack[22m | Storing File: res://.godot/imported/proc_extra_010_normal.jpg-d70eaeda130a71376858d53205eef38f.ctex[39m[0m
[  12% ] [90m[1msavepack[22m | Storing File: res://assets/textures/harvest/proc/proc_extra_010_normal.jpg.import[39m[0m
[  12% ] [90m[1msavepack[22m | Storing File: res://.godot/imported/proc_extra_010_rough.jpg-1a639904a710c2a08ba8e53bbee45652.ctex[39m[0m
[  12% ] [90m[1msavepack[22m | Storing File: res://assets/textures/harvest/proc/proc_extra_010_rough.jpg.import[39m[0m
[  12% ] [90m[1msavepack[22m | Storing File: res://.godot/imported/proc_extra_011_albedo.jpg-d5a529577e984c8eab5c77b98629f192.ctex[39m[0m
[  12% ] [90m[1msavepack[22m | Storing File: res://assets/textures/harvest/proc/proc_extra_011_albedo.jpg.import[39m[0m
[  12% ] [90m[1msavepack[22m | Storing File: res://.godot/imported/proc_extra_011_normal.jpg-3090840d4632998bb9c12f1bf995d056.ctex[39m[0m
[  12% ] [90m[1msavepack[22m | Storing File: res://assets/textures/harvest/proc/proc_extra_011_normal.jpg.import[39m[0m
[  12% ] [90m[1msavepack[22m | Storing File: res://.godot/imported/proc_extra_011_rough.jpg-0c863982980b3bc0b9ed9ebc4cc1b0d4.ctex[39m[0m
[  12% ] [90m[1msavepack[22m | Storing File: res://assets/textures/harvest/proc/proc_extra_011_rough.jpg.import[39m[0m
[  12% ] [90m[1msavepack[22m | Storing File: res://.godot/imported/proc_extra_012_albedo.jpg-13ad3b53f92285f137e4ebd38231416b.ctex[39m[0m
[  12% ] [90m[1msavepack[22m | Storing File: res://assets/textures/harvest/proc/proc_extra_012_albedo.jpg.import[39m[0m
[  13% ] [90m[1msavepack[22m | Storing File: res://.godot/imported/proc_extra_012_normal.jpg-90004b980c08e3b1e58798a26db02878.ctex[39m[0m
[  13% ] [90m[1msavepack[22m | Storing File: res://assets/textures/harvest/proc/proc_extra_012_normal.jpg.import[39m[0m
[  13% ] [90m[1msavepack[22m | Storing File: res://.godot/imported/proc_extra_012_rough.jpg-1fc7d61ab44dc5c3c4fc86a32150aba4.ctex[39m[0m
[  13% ] [90m[1msavepack[22m | Storing File: res://assets/textures/harvest/proc/proc_extra_012_rough.jpg.import[39m[0m
[  13% ] [90m[1msavepack[22m | Storing File: res://.godot/imported/proc_extra_013_albedo.jpg-1e12852f06a3294beb53c59c993381c8.ctex[39m[0m
[  13% ] [90m[1msavepack[22m | Storing File: res://assets/textures/harvest/proc/proc_extra_013_albedo.jpg.import[39m[0m
[  13% ] [90m[1msavepack[22m | Storing File: res://.godot/imported/proc_extra_013_normal.jpg-ec7776c9d291fcb9b2db2083a8f44faf.ctex[39m[0m
[  13% ] [90m[1msavepack[22m | Storing File: res://assets/textures/harvest/proc/proc_extra_013_normal.jpg.import[39m[0m
[  13% ] [90m[1msavepack[22m | Storing File: res://.godot/imported/proc_extra_013_rough.jpg-12d66703750c8f1f827118b47e889837.ctex[39m[0m
[  13% ] [90m[1msavepack[22m | Storing File: res://assets/textures/harvest/proc/proc_extra_013_rough.jpg.import[39m[0m
[  13% ] [90m[1msavepack[22m | Storing File: res://.godot/imported/proc_extra_014_albedo.jpg-653a9955624e54afd80f5d113a7bd8cc.ctex[39m[0m
[  13% ] [90m[1msavepack[22m | Storing File: res://assets/textures/harvest/proc/proc_extra_014_albedo.jpg.import[39m[0m
[  13% ] [90m[1msavepack[22m | Storing File: res://.godot/imported/proc_extra_014_normal.jpg-0868da16a4d7dc2b40dfead626291af8.ctex[39m[0m
[  13% ] [90m[1msavepack[22m | Storing File: res://assets/textures/harvest/proc/proc_extra_014_normal.jpg.import[39m[0m
[  13% ] [90m[1msavepack[22m | Storing File: res://.godot/imported/proc_extra_014_rough.jpg-ce15d3be30b05040d32a620cd0930028.ctex[39m[0m
[  13% ] [90m[1msavepack[22m | Storing File: res://assets/textures/harvest/proc/proc_extra_014_rough.jpg.import[39m[0m
[  13% ] [90m[1msavepack[22m | Storing File: res://.godot/imported/proc_extra_015_albedo.jpg-a8d4d78a67b5fe0546a87d6fff34feca.ctex[39m[0m
[  13% ] [90m[1msavepack[22m | Storing File: res://assets/textures/harvest/proc/proc_extra_015_albedo.jpg.import[39m[0m
[  13% ] [90m[1msavepack[22m | Storing File: res://.godot/imported/proc_extra_015_normal.jpg-34069a4456322fe03f3fe816c7810917.ctex[39m[0m
[  13% ] [90m[1msavepack[22m | Storing File: res://assets/textures/harvest/proc/proc_extra_015_normal.jpg.import[39m[0m
[  13% ] [90m[1msavepack[22m | Storing File: res://.godot/imported/proc_extra_015_rough.jpg-379824aa3ed3fae907c3b74221e77dff.ctex[39m[0m
[  13% ] [90m[1msavepack[22m | Storing File: res://assets/textures/harvest/proc/proc_extra_015_rough.jpg.import[39m[0m
[  13% ] [90m[1msavepack[22m | Storing File: res://.godot/imported/proc_extra_016_albedo.jpg-e906efa6263d4a536b1e8cddcf809c3e.ctex[39m[0m
[  13% ] [90m[1msavepack[22m | Storing File: res://assets/textures/harvest/proc/proc_extra_016_albedo.jpg.import[39m[0m
[  13% ] [90m[1msavepack[22m | Storing File: res://.godot/imported/proc_extra_016_normal.jpg-166814ee2b985541307d1cb34dac75b5.ctex[39m[0m
[  13% ] [90m[1msavepack[22m | Storing File: res://assets/textures/harvest/proc/proc_extra_016_normal.jpg.import[39m[0m
[  13% ] [90m[1msavepack[22m | Storing File: res://.godot/imported/proc_extra_016_rough.jpg-c7e0c36f3242c9324c4cec8ded5eeafd.ctex[39m[0m
[  13% ] [90m[1msavepack[22m | Storing File: res://assets/textures/harvest/proc/proc_extra_016_rough.jpg.import[39m[0m
[  13% ] [90m[1msavepack[22m | Storing File: res://.godot/imported/proc_extra_017_albedo.jpg-e6df62587e7a0c668e619e496eb7dc80.ctex[39m[0m
[  13% ] [90m[1msavepack[22m | Storing File: res://assets/textures/harvest/proc/proc_extra_017_albedo.jpg.import[39m[0m
[  13% ] [90m[1msavepack[22m | Storing File: res://.godot/imported/proc_extra_017_normal.jpg-9a63c486bc21fda4d8b2aab2bb05e472.ctex[39m[0m
[  13% ] [90m[1msavepack[22m | Storing File: res://assets/textures/harvest/proc/proc_extra_017_normal.jpg.import[39m[0m
[  13% ] [90m[1msavepack[22m | Storing File: res://.godot/imported/proc_extra_017_rough.jpg-f52edba6c9f8ad2a3ad91c0f4e4fc75f.ctex[39m[0m
[  13% ] [90m[1msavepack[22m | Storing File: res://assets/textures/harvest/proc/proc_extra_017_rough.jpg.import[39m[0m
[  13% ] [90m[1msavepack[22m | Storing File: res://.godot/imported/proc_extra_018_albedo.jpg-0dbe73b7f03419cacfb08ed74f099cf2.ctex[39m[0m
[  13% ] [90m[1msavepack[22m | Storing File: res://assets/textures/harvest/proc/proc_extra_018_albedo.jpg.import[39m[0m
[  13% ] [90m[1msavepack[22m | Storing File: res://.godot/imported/proc_extra_018_normal.jpg-d340b382a81cf66eae31b62d907d3f69.ctex[39m[0m
[  13% ] [90m[1msavepack[22m | Storing File: res://assets/textures/harvest/proc/proc_extra_018_normal.jpg.import[39m[0m
[  14% ] [90m[1msavepack[22m | Storing File: res://.godot/imported/proc_extra_018_rough.jpg-b3c87e02b1678677f68919d72ff1e90c.ctex[39m[0m
[  14% ] [90m[1msavepack[22m | Storing File: res://assets/textures/harvest/proc/proc_extra_018_rough.jpg.import[39m[0m
[  14% ] [90m[1msavepack[22m | Storing File: res://.godot/imported/proc_extra_019_albedo.jpg-37a7e86214a454ad037326f0a5099f55.ctex[39m[0m
[  14% ] [90m[1msavepack[22m | Storing File: res://assets/textures/harvest/proc/proc_extra_019_albedo.jpg.import[39m[0m
[  14% ] [90m[1msavepack[22m | Storing File: res://.godot/imported/proc_extra_019_normal.jpg-f20838d592ab5ac4377a1ca866aa5064.ctex[39m[0m
[  14% ] [90m[1msavepack[22m | Storing File: res://assets/textures/harvest/proc/proc_extra_019_normal.jpg.import[39m[0m
[  14% ] [90m[1msavepack[22m | Storing File: res://.godot/imported/proc_extra_019_rough.jpg-96c4d29df6ddbf4af90449c7be5c4c95.ctex[39m[0m
[  14% ] [90m[1msavepack[22m | Storing File: res://assets/textures/harvest/proc/proc_extra_019_rough.jpg.import[39m[0m
[  14% ] [90m[1msavepack[22m | Storing File: res://.godot/imported/proc_extra_020_albedo.jpg-91ecceaf3961e3b8c4ffcc2489c2e1a1.ctex[39m[0m
[  14% ] [90m[1msavepack[22m | Storing File: res://assets/textures/harvest/proc/proc_extra_020_albedo.jpg.import[39m[0m
[  14% ] [90m[1msavepack[22m | Storing File: res://.godot/imported/proc_extra_020_normal.jpg-8106a46a27e86dfae0e98174081a10da.ctex[39m[0m
[  14% ] [90m[1msavepack[22m | Storing File: res://assets/textures/harvest/proc/proc_extra_020_normal.jpg.import[39m[0m
[  14% ] [90m[1msavepack[22m | Storing File: res://.godot/imported/proc_extra_020_rough.jpg-82a6811c2baead6a62d1e79f67ceeabd.ctex[39m[0m
[  14% ] [90m[1msavepack[22m | Storing File: res://assets/textures/harvest/proc/proc_extra_020_rough.jpg.import[39m[0m
[  14% ] [90m[1msavepack[22m | Storing File: res://.godot/imported/proc_extra_021_albedo.jpg-aaf6e990eb45540aace412a0fb84070a.ctex[39m[0m
[  14% ] [90m[1msavepack[22m | Storing File: res://assets/textures/harvest/proc/proc_extra_021_albedo.jpg.import[39m[0m
[  14% ] [90m[1msavepack[22m | Storing File: res://.godot/imported/proc_extra_021_normal.jpg-009721c5c920c53586a4508bb4e9f4b7.ctex[39m[0m
[  14% ] [90m[1msavepack[22m | Storing File: res://assets/textures/harvest/proc/proc_extra_021_normal.jpg.import[39m[0m
[  14% ] [90m[1msavepack[22m | Storing File: res://.godot/imported/proc_extra_021_rough.jpg-6c2fc931771976fc78df93cbe28ecbef.ctex[39m[0m
[  14% ] [90m[1msavepack[22m | Storing File: res://assets/textures/harvest/proc/proc_extra_021_rough.jpg.import[39m[0m
[  14% ] [90m[1msavepack[22m | Storing File: res://.godot/imported/proc_extra_022_albedo.jpg-5c955620a1dddab8d89b2608765f7719.ctex[39m[0m
[  14% ] [90m[1msavepack[22m | Storing File: res://assets/textures/harvest/proc/proc_extra_022_albedo.jpg.import[39m[0m
[  14% ] [90m[1msavepack[22m | Storing File: res://.godot/imported/proc_extra_022_normal.jpg-7f74394e3351e4b80fc6df1d5211d084.ctex[39m[0m
[  14% ] [90m[1msavepack[22m | Storing File: res://assets/textures/harvest/proc/proc_extra_022_normal.jpg.import[39m[0m
[  14% ] [90m[1msavepack[22m | Storing File: res://.godot/imported/proc_extra_022_rough.jpg-7dd0e7070169b6401a709cb7a65bf5f4.ctex[39m[0m
[  14% ] [90m[1msavepack[22m | Storing File: res://assets/textures/harvest/proc/proc_extra_022_rough.jpg.import[39m[0m
[  14% ] [90m[1msavepack[22m | Storing File: res://.godot/imported/proc_extra_023_albedo.jpg-e85ecced70d1083e5f548187a1bd4be6.ctex[39m[0m
[  14% ] [90m[1msavepack[22m | Storing File: res://assets/textures/harvest/proc/proc_extra_023_albedo.jpg.import[39m[0m
[  14% ] [90m[1msavepack[22m | Storing File: res://.godot/imported/proc_extra_023_normal.jpg-703ceecfe28b7e887120758ada600414.ctex[39m[0m
[  14% ] [90m[1msavepack[22m | Storing File: res://assets/textures/harvest/proc/proc_extra_023_normal.jpg.import[39m[0m
[  14% ] [90m[1msavepack[22m | Storing File: res://.godot/imported/proc_extra_023_rough.jpg-cf9772b5590d3e0b3145b9bd6a6596f1.ctex[39m[0m
[  14% ] [90m[1msavepack[22m | Storing File: res://assets/textures/harvest/proc/proc_extra_023_rough.jpg.import[39m[0m
[  14% ] [90m[1msavepack[22m | Storing File: res://.godot/imported/proc_extra_024_albedo.jpg-beac61d6121382922ccf3f991ccd01a2.ctex[39m[0m
[  14% ] [90m[1msavepack[22m | Storing File: res://assets/textures/harvest/proc/proc_extra_024_albedo.jpg.import[39m[0m
[  14% ] [90m[1msavepack[22m | Storing File: res://.godot/imported/proc_extra_024_normal.jpg-1559ab0dd7c9531010c49b08a6f39ce8.ctex[39m[0m
[  14% ] [90m[1msavepack[22m | Storing File: res://assets/textures/harvest/proc/proc_extra_024_normal.jpg.import[39m[0m
[  14% ] [90m[1msavepack[22m | Storing File: res://.godot/imported/proc_extra_024_rough.jpg-6102d9db3881b4af40367e2f68e31e15.ctex[39m[0m
[  14% ] [90m[1msavepack[22m | Storing File: res://assets/textures/harvest/proc/proc_extra_024_rough.jpg.import[39m[0m
[  15% ] [90m[1msavepack[22m | Storing File: res://.godot/imported/proc_extra_025_albedo.jpg-b59ecdcfdb84e86c82d41dfb64831d11.ctex[39m[0m
[  15% ] [90m[1msavepack[22m | Storing File: res://assets/textures/harvest/proc/proc_extra_025_albedo.jpg.import[39m[0m
[  15% ] [90m[1msavepack[22m | Storing File: res://.godot/imported/proc_extra_025_normal.jpg-d8036f51cbc5183f28180e3efd2fc91b.ctex[39m[0m
[  15% ] [90m[1msavepack[22m | Storing File: res://assets/textures/harvest/proc/proc_extra_025_normal.jpg.import[39m[0m
[  15% ] [90m[1msavepack[22m | Storing File: res://.godot/imported/proc_extra_025_rough.jpg-1858858081a79b0d582493ba2e42bcdc.ctex[39m[0m
[  15% ] [90m[1msavepack[22m | Storing File: res://assets/textures/harvest/proc/proc_extra_025_rough.jpg.import[39m[0m
[  15% ] [90m[1msavepack[22m | Storing File: res://.godot/imported/proc_extra_026_albedo.jpg-f7204ff3e6325fba6a9b0432696c7da3.ctex[39m[0m
[  15% ] [90m[1msavepack[22m | Storing File: res://assets/textures/harvest/proc/proc_extra_026_albedo.jpg.import[39m[0m
[  15% ] [90m[1msavepack[22m | Storing File: res://.godot/imported/proc_extra_026_normal.jpg-8763b2487b6ec101785a758e185100bc.ctex[39m[0m
[  15% ] [90m[1msavepack[22m | Storing File: res://assets/textures/harvest/proc/proc_extra_026_normal.jpg.import[39m[0m
[  15% ] [90m[1msavepack[22m | Storing File: res://.godot/imported/proc_extra_026_rough.jpg-35cf2d99618852ce05c7e80c679ac8b2.ctex[39m[0m
[  15% ] [90m[1msavepack[22m | Storing File: res://assets/textures/harvest/proc/proc_extra_026_rough.jpg.import[39m[0m
[  15% ] [90m[1msavepack[22m | Storing File: res://.godot/imported/proc_extra_027_albedo.jpg-8446131bbc140328219eff3919ff13be.ctex[39m[0m
[  15% ] [90m[1msavepack[22m | Storing File: res://assets/textures/harvest/proc/proc_extra_027_albedo.jpg.import[39m[0m
[  15% ] [90m[1msavepack[22m | Storing File: res://.godot/imported/proc_extra_027_normal.jpg-f15dd562dee554b6e0347d52c948bf26.ctex[39m[0m
[  15% ] [90m[1msavepack[22m | Storing File: res://assets/textures/harvest/proc/proc_extra_027_normal.jpg.import[39m[0m
[  15% ] [90m[1msavepack[22m | Storing File: res://.godot/imported/proc_extra_027_rough.jpg-535c5d9b32cec414fd6bf2f3f353b8cc.ctex[39m[0m
[  15% ] [90m[1msavepack[22m | Storing File: res://assets/textures/harvest/proc/proc_extra_027_rough.jpg.import[39m[0m
[  15% ] [90m[1msavepack[22m | Storing File: res://.godot/imported/proc_extra_028_albedo.jpg-222fd1d84812a1b791dd57091304543f.ctex[39m[0m
[  15% ] [90m[1msavepack[22m | Storing File: res://assets/textures/harvest/proc/proc_extra_028_albedo.jpg.import[39m[0m
[  15% ] [90m[1msavepack[22m | Storing File: res://.godot/imported/proc_extra_028_normal.jpg-bf9d492fa5a7c963b3c4983934987bf8.ctex[39m[0m
[  15% ] [90m[1msavepack[22m | Storing File: res://assets/textures/harvest/proc/proc_extra_028_normal.jpg.import[39m[0m
[  15% ] [90m[1msavepack[22m | Storing File: res://.godot/imported/proc_extra_028_rough.jpg-aa0eb2f1ba25e6bd08315b5f16d0acba.ctex[39m[0m
[  15% ] [90m[1msavepack[22m | Storing File: res://assets/textures/harvest/proc/proc_extra_028_rough.jpg.import[39m[0m
[  15% ] [90m[1msavepack[22m | Storing File: res://.godot/imported/proc_extra_029_albedo.jpg-c9b03ecc227044298b9567ca25a89512.ctex[39m[0m
[  15% ] [90m[1msavepack[22m | Storing File: res://assets/textures/harvest/proc/proc_extra_029_albedo.jpg.import[39m[0m
[  15% ] [90m[1msavepack[22m | Storing File: res://.godot/imported/proc_extra_029_normal.jpg-83c525b0395f6074865dcd1cbdf17aa8.ctex[39m[0m
[  15% ] [90m[1msavepack[22m | Storing File: res://assets/textures/harvest/proc/proc_extra_029_normal.jpg.import[39m[0m
[  15% ] [90m[1msavepack[22m | Storing File: res://.godot/imported/proc_extra_029_rough.jpg-9dff8bb19c74b2d989c6cebd27b972cb.ctex[39m[0m
[  15% ] [90m[1msavepack[22m | Storing File: res://assets/textures/harvest/proc/proc_extra_029_rough.jpg.import[39m[0m
[  15% ] [90m[1msavepack[22m | Storing File: res://.godot/imported/proc_extra_030_albedo.jpg-6f44863b6024ff1bfb9df45c87cc80e9.ctex[39m[0m
[  15% ] [90m[1msavepack[22m | Storing File: res://assets/textures/harvest/proc/proc_extra_030_albedo.jpg.import[39m[0m
[  15% ] [90m[1msavepack[22m | Storing File: res://.godot/imported/proc_extra_030_normal.jpg-c0aff38f6377ceb30b3bd7a1922d5979.ctex[39m[0m
[  15% ] [90m[1msavepack[22m | Storing File: res://assets/textures/harvest/proc/proc_extra_030_normal.jpg.import[39m[0m
[  15% ] [90m[1msavepack[22m | Storing File: res://.godot/imported/proc_extra_030_rough.jpg-e925cfaa638d28d57b8e688b11907c21.ctex[39m[0m
[  15% ] [90m[1msavepack[22m | Storing File: res://assets/textures/harvest/proc/proc_extra_030_rough.jpg.import[39m[0m
[  15% ] [90m[1msavepack[22m | Storing File: res://.godot/imported/proc_extra_031_albedo.jpg-4661d0e98c2ec0e511a67abaf162ef30.ctex[39m[0m
[  15% ] [90m[1msavepack[22m | Storing File: res://assets/textures/harvest/proc/proc_extra_031_albedo.jpg.import[39m[0m
[  16% ] [90m[1msavepack[22m | Storing File: res://.godot/imported/proc_extra_031_normal.jpg-e35359a378c3c17df56e296065ea52e8.ctex[39m[0m
[  16% ] [90m[1msavepack[22m | Storing File: res://assets/textures/harvest/proc/proc_extra_031_normal.jpg.import[39m[0m
[  16% ] [90m[1msavepack[22m | Storing File: res://.godot/imported/proc_extra_031_rough.jpg-cb648df0f37e187e6ce684ed96a5e46d.ctex[39m[0m
[  16% ] [90m[1msavepack[22m | Storing File: res://assets/textures/harvest/proc/proc_extra_031_rough.jpg.import[39m[0m
[  16% ] [90m[1msavepack[22m | Storing File: res://.godot/imported/proc_extra_032_albedo.jpg-76022c25f75100b24f5b443c004717da.ctex[39m[0m
[  16% ] [90m[1msavepack[22m | Storing File: res://assets/textures/harvest/proc/proc_extra_032_albedo.jpg.import[39m[0m
[  16% ] [90m[1msavepack[22m | Storing File: res://.godot/imported/proc_extra_032_normal.jpg-b2222ee16e2c414d0f2cfd07314487bc.ctex[39m[0m
[  16% ] [90m[1msavepack[22m | Storing File: res://assets/textures/harvest/proc/proc_extra_032_normal.jpg.import[39m[0m
[  16% ] [90m[1msavepack[22m | Storing File: res://.godot/imported/proc_extra_032_rough.jpg-544ccdb05bd83074f58228ed5a31dea2.ctex[39m[0m
[  16% ] [90m[1msavepack[22m | Storing File: res://assets/textures/harvest/proc/proc_extra_032_rough.jpg.import[39m[0m
[  16% ] [90m[1msavepack[22m | Storing File: res://.godot/imported/proc_extra_033_albedo.jpg-b57238c5771aae915318daade5d5a6a3.ctex[39m[0m
[  16% ] [90m[1msavepack[22m | Storing File: res://assets/textures/harvest/proc/proc_extra_033_albedo.jpg.import[39m[0m
[  16% ] [90m[1msavepack[22m | Storing File: res://.godot/imported/proc_extra_033_normal.jpg-67b692a373f03772760128e986835cb3.ctex[39m[0m
[  16% ] [90m[1msavepack[22m | Storing File: res://assets/textures/harvest/proc/proc_extra_033_normal.jpg.import[39m[0m
[  16% ] [90m[1msavepack[22m | Storing File: res://.godot/imported/proc_extra_033_rough.jpg-5a337ac3a66c91826c7e6f93bfa0b3c6.ctex[39m[0m
[  16% ] [90m[1msavepack[22m | Storing File: res://assets/textures/harvest/proc/proc_extra_033_rough.jpg.import[39m[0m
[  16% ] [90m[1msavepack[22m | Storing File: res://.godot/imported/proc_extra_034_albedo.jpg-2e466f720d040fb4505583a4cd7f12cf.ctex[39m[0m
[  16% ] [90m[1msavepack[22m | Storing File: res://assets/textures/harvest/proc/proc_extra_034_albedo.jpg.import[39m[0m
[  16% ] [90m[1msavepack[22m | Storing File: res://.godot/imported/proc_extra_034_normal.jpg-a33444797eb577e9547759ee3bd6bf14.ctex[39m[0m
[  16% ] [90m[1msavepack[22m | Storing File: res://assets/textures/harvest/proc/proc_extra_034_normal.jpg.import[39m[0m
[  16% ] [90m[1msavepack[22m | Storing File: res://.godot/imported/proc_extra_034_rough.jpg-b6654a8f0838e8041ecd2b1f55aa4b7d.ctex[39m[0m
[  16% ] [90m[1msavepack[22m | Storing File: res://assets/textures/harvest/proc/proc_extra_034_rough.jpg.import[39m[0m
[  16% ] [90m[1msavepack[22m | Storing File: res://.godot/imported/proc_extra_035_albedo.jpg-c2960094fb7dccb649e2b49f13028c0e.ctex[39m[0m
[  16% ] [90m[1msavepack[22m | Storing File: res://assets/textures/harvest/proc/proc_extra_035_albedo.jpg.import[39m[0m
[  16% ] [90m[1msavepack[22m | Storing File: res://.godot/imported/proc_extra_035_normal.jpg-aac64aedcef80ca65cde82f81d24908d.ctex[39m[0m
[  16% ] [90m[1msavepack[22m | Storing File: res://assets/textures/harvest/proc/proc_extra_035_normal.jpg.import[39m[0m
[  16% ] [90m[1msavepack[22m | Storing File: res://.godot/imported/proc_extra_035_rough.jpg-e34734c3933c5fa4dba89477d05d176c.ctex[39m[0m
[  16% ] [90m[1msavepack[22m | Storing File: res://assets/textures/harvest/proc/proc_extra_035_rough.jpg.import[39m[0m
[  16% ] [90m[1msavepack[22m | Storing File: res://.godot/imported/proc_extra_036_albedo.jpg-b070abc0c0020441db78c2298f1dd989.ctex[39m[0m
[  16% ] [90m[1msavepack[22m | Storing File: res://assets/textures/harvest/proc/proc_extra_036_albedo.jpg.import[39m[0m
[  16% ] [90m[1msavepack[22m | Storing File: res://.godot/imported/proc_extra_036_normal.jpg-427d6ed4443ff0d062ee61c0a41cd232.ctex[39m[0m
[  16% ] [90m[1msavepack[22m | Storing File: res://assets/textures/harvest/proc/proc_extra_036_normal.jpg.import[39m[0m
[  16% ] [90m[1msavepack[22m | Storing File: res://.godot/imported/proc_extra_036_rough.jpg-b3ac51791f7097701c2c71d12a77dc5b.ctex[39m[0m
[  16% ] [90m[1msavepack[22m | Storing File: res://assets/textures/harvest/proc/proc_extra_036_rough.jpg.import[39m[0m
[  16% ] [90m[1msavepack[22m | Storing File: res://.godot/imported/proc_extra_037_albedo.jpg-41d27ee8e3884e42c499edc8ae609817.ctex[39m[0m
[  16% ] [90m[1msavepack[22m | Storing File: res://assets/textures/harvest/proc/proc_extra_037_albedo.jpg.import[39m[0m
[  16% ] [90m[1msavepack[22m | Storing File: res://.godot/imported/proc_extra_037_normal.jpg-35b69fa0c1d1d62107021412d28f6fea.ctex[39m[0m
[  16% ] [90m[1msavepack[22m | Storing File: res://assets/textures/harvest/proc/proc_extra_037_normal.jpg.import[39m[0m
[  17% ] [90m[1msavepack[22m | Storing File: res://.godot/imported/proc_extra_037_rough.jpg-fe045ac04b5d82f1a85b542f036b0f15.ctex[39m[0m
[  17% ] [90m[1msavepack[22m | Storing File: res://assets/textures/harvest/proc/proc_extra_037_rough.jpg.import[39m[0m
[  17% ] [90m[1msavepack[22m | Storing File: res://.godot/imported/proc_extra_038_albedo.jpg-7f2556fbe89d8fbdbd4142803598dc11.ctex[39m[0m
[  17% ] [90m[1msavepack[22m | Storing File: res://assets/textures/harvest/proc/proc_extra_038_albedo.jpg.import[39m[0m
[  17% ] [90m[1msavepack[22m | Storing File: res://.godot/imported/proc_extra_038_normal.jpg-f80031a893e16f150b9241ed2a8e439b.ctex[39m[0m
[  17% ] [90m[1msavepack[22m | Storing File: res://assets/textures/harvest/proc/proc_extra_038_normal.jpg.import[39m[0m
[  17% ] [90m[1msavepack[22m | Storing File: res://.godot/imported/proc_extra_038_rough.jpg-d0a813da21b4725078c361e26acde73e.ctex[39m[0m
[  17% ] [90m[1msavepack[22m | Storing File: res://assets/textures/harvest/proc/proc_extra_038_rough.jpg.import[39m[0m
[  17% ] [90m[1msavepack[22m | Storing File: res://.godot/imported/proc_extra_039_albedo.jpg-da2796f3f2935aca45aa0186d4075cd6.ctex[39m[0m
[  17% ] [90m[1msavepack[22m | Storing File: res://assets/textures/harvest/proc/proc_extra_039_albedo.jpg.import[39m[0m
[  17% ] [90m[1msavepack[22m | Storing File: res://.godot/imported/proc_extra_039_normal.jpg-2924b5327a27c279ae7e97c582295da0.ctex[39m[0m
[  17% ] [90m[1msavepack[22m | Storing File: res://assets/textures/harvest/proc/proc_extra_039_normal.jpg.import[39m[0m
[  17% ] [90m[1msavepack[22m | Storing File: res://.godot/imported/proc_extra_039_rough.jpg-b0819755ce5b615679dad5f39094c183.ctex[39m[0m
[  17% ] [90m[1msavepack[22m | Storing File: res://assets/textures/harvest/proc/proc_extra_039_rough.jpg.import[39m[0m
[  17% ] [90m[1msavepack[22m | Storing File: res://.godot/imported/proc_extra_040_albedo.jpg-c465a2dbad2fe424e664805cb9b17020.ctex[39m[0m
[  17% ] [90m[1msavepack[22m | Storing File: res://assets/textures/harvest/proc/proc_extra_040_albedo.jpg.import[39m[0m
[  17% ] [90m[1msavepack[22m | Storing File: res://.godot/imported/proc_extra_040_normal.jpg-240e779d5656e19990b2ee616ce5f9c3.ctex[39m[0m
[  17% ] [90m[1msavepack[22m | Storing File: res://assets/textures/harvest/proc/proc_extra_040_normal.jpg.import[39m[0m
[  17% ] [90m[1msavepack[22m | Storing File: res://.godot/imported/proc_extra_040_rough.jpg-7557da1a74625165aba7743ebdef7123.ctex[39m[0m
[  17% ] [90m[1msavepack[22m | Storing File: res://assets/textures/harvest/proc/proc_extra_040_rough.jpg.import[39m[0m
[  17% ] [90m[1msavepack[22m | Storing File: res://.godot/imported/proc_extra_041_albedo.jpg-42d0a40437bdc6bdca842f709a0444df.ctex[39m[0m
[  17% ] [90m[1msavepack[22m | Storing File: res://assets/textures/harvest/proc/proc_extra_041_albedo.jpg.import[39m[0m
[  17% ] [90m[1msavepack[22m | Storing File: res://.godot/imported/proc_extra_041_normal.jpg-4519e7754f1957bc3cbcd50da9de6641.ctex[39m[0m
[  17% ] [90m[1msavepack[22m | Storing File: res://assets/textures/harvest/proc/proc_extra_041_normal.jpg.import[39m[0m
[  17% ] [90m[1msavepack[22m | Storing File: res://.godot/imported/proc_extra_041_rough.jpg-9415ece8718615ee3fb3de6cb61eaaeb.ctex[39m[0m
[  17% ] [90m[1msavepack[22m | Storing File: res://assets/textures/harvest/proc/proc_extra_041_rough.jpg.import[39m[0m
[  17% ] [90m[1msavepack[22m | Storing File: res://.godot/imported/proc_extra_042_albedo.jpg-957a383a7ab0504fc677593565cf3be4.ctex[39m[0m
[  17% ] [90m[1msavepack[22m | Storing File: res://assets/textures/harvest/proc/proc_extra_042_albedo.jpg.import[39m[0m
[  17% ] [90m[1msavepack[22m | Storing File: res://.godot/imported/proc_extra_042_normal.jpg-bca42d44e2848864dbdbfc7c1f2a4ff3.ctex[39m[0m
[  17% ] [90m[1msavepack[22m | Storing File: res://assets/textures/harvest/proc/proc_extra_042_normal.jpg.import[39m[0m
[  17% ] [90m[1msavepack[22m | Storing File: res://.godot/imported/proc_extra_042_rough.jpg-bd5971b87fec6e0ec4d5b3c10349054b.ctex[39m[0m
[  17% ] [90m[1msavepack[22m | Storing File: res://assets/textures/harvest/proc/proc_extra_042_rough.jpg.import[39m[0m
[  17% ] [90m[1msavepack[22m | Storing File: res://.godot/imported/proc_extra_043_albedo.jpg-c1fde7c74f77c4f97d1272838c83074d.ctex[39m[0m
[  17% ] [90m[1msavepack[22m | Storing File: res://assets/textures/harvest/proc/proc_extra_043_albedo.jpg.import[39m[0m
[  17% ] [90m[1msavepack[22m | Storing File: res://.godot/imported/proc_extra_043_normal.jpg-42e702d4edba1558006efc79d16b3f4e.ctex[39m[0m
[  17% ] [90m[1msavepack[22m | Storing File: res://assets/textures/harvest/proc/proc_extra_043_normal.jpg.import[39m[0m
[  17% ] [90m[1msavepack[22m | Storing File: res://.godot/imported/proc_extra_043_rough.jpg-c1a72d98755fa685023702acaf78d626.ctex[39m[0m
[  17% ] [90m[1msavepack[22m | Storing File: res://assets/textures/harvest/proc/proc_extra_043_rough.jpg.import[39m[0m
[  18% ] [90m[1msavepack[22m | Storing File: res://.godot/imported/proc_extra_044_albedo.jpg-7439cae1cf3e26b31708d986288211c8.ctex[39m[0m
[  18% ] [90m[1msavepack[22m | Storing File: res://assets/textures/harvest/proc/proc_extra_044_albedo.jpg.import[39m[0m
[  18% ] [90m[1msavepack[22m | Storing File: res://.godot/imported/proc_extra_044_normal.jpg-c5ecc023be39bb2c8ba69e2bb11572d9.ctex[39m[0m
[  18% ] [90m[1msavepack[22m | Storing File: res://assets/textures/harvest/proc/proc_extra_044_normal.jpg.import[39m[0m
[  18% ] [90m[1msavepack[22m | Storing File: res://.godot/imported/proc_extra_044_rough.jpg-81d99dea6a09e92a0918592016b9315d.ctex[39m[0m
[  18% ] [90m[1msavepack[22m | Storing File: res://assets/textures/harvest/proc/proc_extra_044_rough.jpg.import[39m[0m
[  18% ] [90m[1msavepack[22m | Storing File: res://.godot/imported/proc_extra_045_albedo.jpg-7e6a9b9adcfec5c9aeac255eb4f3ae1f.ctex[39m[0m
[  18% ] [90m[1msavepack[22m | Storing File: res://assets/textures/harvest/proc/proc_extra_045_albedo.jpg.import[39m[0m
[  18% ] [90m[1msavepack[22m | Storing File: res://.godot/imported/proc_extra_045_normal.jpg-61e3496f6a12c008d85d950cfa7e37d3.ctex[39m[0m
[  18% ] [90m[1msavepack[22m | Storing File: res://assets/textures/harvest/proc/proc_extra_045_normal.jpg.import[39m[0m
[  18% ] [90m[1msavepack[22m | Storing File: res://.godot/imported/proc_extra_045_rough.jpg-3f8e4ab13e24c624e46884be62790e1b.ctex[39m[0m
[  18% ] [90m[1msavepack[22m | Storing File: res://assets/textures/harvest/proc/proc_extra_045_rough.jpg.import[39m[0m
[  18% ] [90m[1msavepack[22m | Storing File: res://.godot/imported/proc_extra_046_albedo.jpg-0d9a98373eafa23ab79ad90b8e44b834.ctex[39m[0m
[  18% ] [90m[1msavepack[22m | Storing File: res://assets/textures/harvest/proc/proc_extra_046_albedo.jpg.import[39m[0m
[  18% ] [90m[1msavepack[22m | Storing File: res://.godot/imported/proc_extra_046_normal.jpg-1b6ab6183223ef4ae2ca3e59f02cd3e1.ctex[39m[0m
[  18% ] [90m[1msavepack[22m | Storing File: res://assets/textures/harvest/proc/proc_extra_046_normal.jpg.import[39m[0m
[  18% ] [90m[1msavepack[22m | Storing File: res://.godot/imported/proc_extra_046_rough.jpg-569c124e42b4a84e4eb1c6975d928d73.ctex[39m[0m
[  18% ] [90m[1msavepack[22m | Storing File: res://assets/textures/harvest/proc/proc_extra_046_rough.jpg.import[39m[0m
[  18% ] [90m[1msavepack[22m | Storing File: res://.godot/imported/proc_extra_047_albedo.jpg-75693f7792289f099702756ab44358fc.ctex[39m[0m
[  18% ] [90m[1msavepack[22m | Storing File: res://assets/textures/harvest/proc/proc_extra_047_albedo.jpg.import[39m[0m
[  18% ] [90m[1msavepack[22m | Storing File: res://.godot/imported/proc_extra_047_normal.jpg-f9516bd773115197760e4792828e2ad4.ctex[39m[0m
[  18% ] [90m[1msavepack[22m | Storing File: res://assets/textures/harvest/proc/proc_extra_047_normal.jpg.import[39m[0m
[  18% ] [90m[1msavepack[22m | Storing File: res://.godot/imported/proc_extra_047_rough.jpg-0f2e79d8df04f61a218f89b5929b23d8.ctex[39m[0m
[  18% ] [90m[1msavepack[22m | Storing File: res://assets/textures/harvest/proc/proc_extra_047_rough.jpg.import[39m[0m
[  18% ] [90m[1msavepack[22m | Storing File: res://.godot/imported/proc_extra_048_albedo.jpg-3367cc594828d6b34c48cf9d6c00e2c7.ctex[39m[0m
[  18% ] [90m[1msavepack[22m | Storing File: res://assets/textures/harvest/proc/proc_extra_048_albedo.jpg.import[39m[0m
[  18% ] [90m[1msavepack[22m | Storing File: res://.godot/imported/proc_extra_048_normal.jpg-3f9b3bec578e842ee3ba0793f468626a.ctex[39m[0m
[  18% ] [90m[1msavepack[22m | Storing File: res://assets/textures/harvest/proc/proc_extra_048_normal.jpg.import[39m[0m
[  18% ] [90m[1msavepack[22m | Storing File: res://.godot/imported/proc_extra_048_rough.jpg-bdf155780aeb9c48e39d8e6de5859da3.ctex[39m[0m
[  18% ] [90m[1msavepack[22m | Storing File: res://assets/textures/harvest/proc/proc_extra_048_rough.jpg.import[39m[0m
[  18% ] [90m[1msavepack[22m | Storing File: res://.godot/imported/proc_extra_049_albedo.jpg-771fb700a49b62a383a302c65964c52e.ctex[39m[0m
[  18% ] [90m[1msavepack[22m | Storing File: res://assets/textures/harvest/proc/proc_extra_049_albedo.jpg.import[39m[0m
[  18% ] [90m[1msavepack[22m | Storing File: res://.godot/imported/proc_extra_049_normal.jpg-dd449989afe5af5514636c9cb9719456.ctex[39m[0m
[  18% ] [90m[1msavepack[22m | Storing File: res://assets/textures/harvest/proc/proc_extra_049_normal.jpg.import[39m[0m
[  18% ] [90m[1msavepack[22m | Storing File: res://.godot/imported/proc_extra_049_rough.jpg-abcfdacee54b686b27f67b6925b25ef7.ctex[39m[0m
[  18% ] [90m[1msavepack[22m | Storing File: res://assets/textures/harvest/proc/proc_extra_049_rough.jpg.import[39m[0m
[  18% ] [90m[1msavepack[22m | Storing File: res://.godot/imported/proc_extra_050_albedo.jpg-81ab7dac3c2d15405eef010f69728e5d.ctex[39m[0m
[  18% ] [90m[1msavepack[22m | Storing File: res://assets/textures/harvest/proc/proc_extra_050_albedo.jpg.import[39m[0m
[  19% ] [90m[1msavepack[22m | Storing File: res://.godot/imported/proc_extra_050_normal.jpg-43de2b8f835d3313c41dfba76e95e6ff.ctex[39m[0m
[  19% ] [90m[1msavepack[22m | Storing File: res://assets/textures/harvest/proc/proc_extra_050_normal.jpg.import[39m[0m
[  19% ] [90m[1msavepack[22m | Storing File: res://.godot/imported/proc_extra_050_rough.jpg-1059ef217e2584983c996c1135e21537.ctex[39m[0m
[  19% ] [90m[1msavepack[22m | Storing File: res://assets/textures/harvest/proc/proc_extra_050_rough.jpg.import[39m[0m
[  19% ] [90m[1msavepack[22m | Storing File: res://.godot/imported/proc_extra_051_albedo.jpg-59494c8353c1c923de27091faf325a20.ctex[39m[0m
[  19% ] [90m[1msavepack[22m | Storing File: res://assets/textures/harvest/proc/proc_extra_051_albedo.jpg.import[39m[0m
[  19% ] [90m[1msavepack[22m | Storing File: res://.godot/imported/proc_extra_051_normal.jpg-669899493ffa0880e14108babd7c6fb9.ctex[39m[0m
[  19% ] [90m[1msavepack[22m | Storing File: res://assets/textures/harvest/proc/proc_extra_051_normal.jpg.import[39m[0m
[  19% ] [90m[1msavepack[22m | Storing File: res://.godot/imported/proc_extra_051_rough.jpg-e18d88801516717c60e8706354a69146.ctex[39m[0m
[  19% ] [90m[1msavepack[22m | Storing File: res://assets/textures/harvest/proc/proc_extra_051_rough.jpg.import[39m[0m
[  19% ] [90m[1msavepack[22m | Storing File: res://.godot/imported/proc_extra_052_albedo.jpg-82d48238ef024f728dab10c09c35fca2.ctex[39m[0m
[  19% ] [90m[1msavepack[22m | Storing File: res://assets/textures/harvest/proc/proc_extra_052_albedo.jpg.import[39m[0m
[  19% ] [90m[1msavepack[22m | Storing File: res://.godot/imported/proc_extra_052_normal.jpg-fc7af74b412ed6e6f74fb60da3906519.ctex[39m[0m
[  19% ] [90m[1msavepack[22m | Storing File: res://assets/textures/harvest/proc/proc_extra_052_normal.jpg.import[39m[0m
[  19% ] [90m[1msavepack[22m | Storing File: res://.godot/imported/proc_extra_052_rough.jpg-2b74d21af0581f4baca496e804428685.ctex[39m[0m
[  19% ] [90m[1msavepack[22m | Storing File: res://assets/textures/harvest/proc/proc_extra_052_rough.jpg.import[39m[0m
[  19% ] [90m[1msavepack[22m | Storing File: res://.godot/imported/proc_extra_053_albedo.jpg-cd3e905aead3a5d9a2350b27f427d086.ctex[39m[0m
[  19% ] [90m[1msavepack[22m | Storing File: res://assets/textures/harvest/proc/proc_extra_053_albedo.jpg.import[39m[0m
[  19% ] [90m[1msavepack[22m | Storing File: res://.godot/imported/proc_extra_053_normal.jpg-9013e6b6d910dd285840d26b8a616024.ctex[39m[0m
[  19% ] [90m[1msavepack[22m | Storing File: res://assets/textures/harvest/proc/proc_extra_053_normal.jpg.import[39m[0m
[  19% ] [90m[1msavepack[22m | Storing File: res://.godot/imported/proc_extra_053_rough.jpg-a97d86cd1b0b529eb580b48d43d06d36.ctex[39m[0m
[  19% ] [90m[1msavepack[22m | Storing File: res://assets/textures/harvest/proc/proc_extra_053_rough.jpg.import[39m[0m
[  19% ] [90m[1msavepack[22m | Storing File: res://.godot/imported/proc_extra_054_albedo.jpg-f15efcf28eddd6242d3b61e63c233f6d.ctex[39m[0m
[  19% ] [90m[1msavepack[22m | Storing File: res://assets/textures/harvest/proc/proc_extra_054_albedo.jpg.import[39m[0m
[  19% ] [90m[1msavepack[22m | Storing File: res://.godot/imported/proc_extra_054_normal.jpg-586772d819f7f24703b30faf4345350b.ctex[39m[0m
[  19% ] [90m[1msavepack[22m | Storing File: res://assets/textures/harvest/proc/proc_extra_054_normal.jpg.import[39m[0m
[  19% ] [90m[1msavepack[22m | Storing File: res://.godot/imported/proc_extra_054_rough.jpg-dbfb499301beff4c6354a0a47b6e5cf5.ctex[39m[0m
[  19% ] [90m[1msavepack[22m | Storing File: res://assets/textures/harvest/proc/proc_extra_054_rough.jpg.import[39m[0m
[  19% ] [90m[1msavepack[22m | Storing File: res://.godot/imported/proc_extra_055_albedo.jpg-829ba3e07f46e0dc1efa0c4dbb4308be.ctex[39m[0m
[  19% ] [90m[1msavepack[22m | Storing File: res://assets/textures/harvest/proc/proc_extra_055_albedo.jpg.import[39m[0m
[  19% ] [90m[1msavepack[22m | Storing File: res://.godot/imported/proc_extra_055_normal.jpg-60887ebe5a3deb8858ce4887e667453c.ctex[39m[0m
[  19% ] [90m[1msavepack[22m | Storing File: res://assets/textures/harvest/proc/proc_extra_055_normal.jpg.import[39m[0m
[  19% ] [90m[1msavepack[22m | Storing File: res://.godot/imported/proc_extra_055_rough.jpg-c63216e374baf2641ea0deb755b554a3.ctex[39m[0m
[  19% ] [90m[1msavepack[22m | Storing File: res://assets/textures/harvest/proc/proc_extra_055_rough.jpg.import[39m[0m
[  19% ] [90m[1msavepack[22m | Storing File: res://.godot/imported/proc_extra_056_albedo.jpg-41c626c7c0137b36001c512f4e19194f.ctex[39m[0m
[  19% ] [90m[1msavepack[22m | Storing File: res://assets/textures/harvest/proc/proc_extra_056_albedo.jpg.import[39m[0m
[  19% ] [90m[1msavepack[22m | Storing File: res://.godot/imported/proc_extra_056_normal.jpg-255d2dac3bf714a82a760df4d636120a.ctex[39m[0m
[  19% ] [90m[1msavepack[22m | Storing File: res://assets/textures/harvest/proc/proc_extra_056_normal.jpg.import[39m[0m
[  20% ] [90m[1msavepack[22m | Storing File: res://.godot/imported/proc_extra_056_rough.jpg-6aa677fe191575503a9cf71597d73af2.ctex[39m[0m
[  20% ] [90m[1msavepack[22m | Storing File: res://assets/textures/harvest/proc/proc_extra_056_rough.jpg.import[39m[0m
[  20% ] [90m[1msavepack[22m | Storing File: res://.godot/imported/proc_extra_057_albedo.jpg-4ddd3d9396c89dddcab9ee6f547fbe1e.ctex[39m[0m
[  20% ] [90m[1msavepack[22m | Storing File: res://assets/textures/harvest/proc/proc_extra_057_albedo.jpg.import[39m[0m
[  20% ] [90m[1msavepack[22m | Storing File: res://.godot/imported/proc_extra_057_normal.jpg-9113176a8665f65532fa17d916b17006.ctex[39m[0m
[  20% ] [90m[1msavepack[22m | Storing File: res://assets/textures/harvest/proc/proc_extra_057_normal.jpg.import[39m[0m
[  20% ] [90m[1msavepack[22m | Storing File: res://.godot/imported/proc_extra_057_rough.jpg-bf82d95a5d1ca29d2b35d78c0c2ff425.ctex[39m[0m
[  20% ] [90m[1msavepack[22m | Storing File: res://assets/textures/harvest/proc/proc_extra_057_rough.jpg.import[39m[0m
[  20% ] [90m[1msavepack[22m | Storing File: res://.godot/imported/proc_extra_058_albedo.jpg-a206ffb1b22598d6f1f89ae62918b0cc.ctex[39m[0m
[  20% ] [90m[1msavepack[22m | Storing File: res://assets/textures/harvest/proc/proc_extra_058_albedo.jpg.import[39m[0m
[  20% ] [90m[1msavepack[22m | Storing File: res://.godot/imported/proc_extra_058_normal.jpg-fe30ab779664f508cf03dcb2d81edb7a.ctex[39m[0m
[  20% ] [90m[1msavepack[22m | Storing File: res://assets/textures/harvest/proc/proc_extra_058_normal.jpg.import[39m[0m
[  20% ] [90m[1msavepack[22m | Storing File: res://.godot/imported/proc_extra_058_rough.jpg-3a20988dd7e7b6ebb1045b34a69bd9e1.ctex[39m[0m
[  20% ] [90m[1msavepack[22m | Storing File: res://assets/textures/harvest/proc/proc_extra_058_rough.jpg.import[39m[0m
[  20% ] [90m[1msavepack[22m | Storing File: res://.godot/imported/proc_extra_059_albedo.jpg-ba042d1c34e804edde444d01997be481.ctex[39m[0m
[  20% ] [90m[1msavepack[22m | Storing File: res://assets/textures/harvest/proc/proc_extra_059_albedo.jpg.import[39m[0m
[  20% ] [90m[1msavepack[22m | Storing File: res://.godot/imported/proc_extra_059_normal.jpg-7372d37b2c8d9f2f8fc93cc59698542f.ctex[39m[0m
[  20% ] [90m[1msavepack[22m | Storing File: res://assets/textures/harvest/proc/proc_extra_059_normal.jpg.import[39m[0m
[  20% ] [90m[1msavepack[22m | Storing File: res://.godot/imported/proc_extra_059_rough.jpg-65e24b36a35dc834a88054c34c2da727.ctex[39m[0m
[  20% ] [90m[1msavepack[22m | Storing File: res://assets/textures/harvest/proc/proc_extra_059_rough.jpg.import[39m[0m
[  20% ] [90m[1msavepack[22m | Storing File: res://.godot/imported/proc_extra_060_albedo.jpg-5b8197a5aefcafb2da3e4cba49918c9b.ctex[39m[0m
[  20% ] [90m[1msavepack[22m | Storing File: res://assets/textures/harvest/proc/proc_extra_060_albedo.jpg.import[39m[0m
[  20% ] [90m[1msavepack[22m | Storing File: res://.godot/imported/proc_extra_060_normal.jpg-20f18dcb22bce9147bc26d3b611a30bc.ctex[39m[0m
[  20% ] [90m[1msavepack[22m | Storing File: res://assets/textures/harvest/proc/proc_extra_060_normal.jpg.import[39m[0m
[  20% ] [90m[1msavepack[22m | Storing File: res://.godot/imported/proc_extra_060_rough.jpg-403f47426e6226e731196058d9534726.ctex[39m[0m
[  20% ] [90m[1msavepack[22m | Storing File: res://assets/textures/harvest/proc/proc_extra_060_rough.jpg.import[39m[0m
[  20% ] [90m[1msavepack[22m | Storing File: res://.godot/imported/proc_extra_061_albedo.jpg-134ce1729aeb81d75a4fb6f6221d44c6.ctex[39m[0m
[  20% ] [90m[1msavepack[22m | Storing File: res://assets/textures/harvest/proc/proc_extra_061_albedo.jpg.import[39m[0m
[  20% ] [90m[1msavepack[22m | Storing File: res://.godot/imported/proc_extra_061_normal.jpg-8d6ba5df89640e507548053d8b7618dc.ctex[39m[0m
[  20% ] [90m[1msavepack[22m | Storing File: res://assets/textures/harvest/proc/proc_extra_061_normal.jpg.import[39m[0m
[  20% ] [90m[1msavepack[22m | Storing File: res://.godot/imported/proc_extra_061_rough.jpg-5e1fb3d3e45b5406048166af08640992.ctex[39m[0m
[  20% ] [90m[1msavepack[22m | Storing File: res://assets/textures/harvest/proc/proc_extra_061_rough.jpg.import[39m[0m
[  20% ] [90m[1msavepack[22m | Storing File: res://.godot/imported/proc_extra_062_albedo.jpg-b56682cad9870e13ec80f19b116911cd.ctex[39m[0m
[  20% ] [90m[1msavepack[22m | Storing File: res://assets/textures/harvest/proc/proc_extra_062_albedo.jpg.import[39m[0m
[  20% ] [90m[1msavepack[22m | Storing File: res://.godot/imported/proc_extra_062_normal.jpg-b37e33e52d1804ee1d30252325621abe.ctex[39m[0m
[  20% ] [90m[1msavepack[22m | Storing File: res://assets/textures/harvest/proc/proc_extra_062_normal.jpg.import[39m[0m
[  20% ] [90m[1msavepack[22m | Storing File: res://.godot/imported/proc_extra_062_rough.jpg-0e2d6d4f6e24b9611d4302ece7b2c63e.ctex[39m[0m
[  20% ] [90m[1msavepack[22m | Storing File: res://assets/textures/harvest/proc/proc_extra_062_rough.jpg.import[39m[0m
[  21% ] [90m[1msavepack[22m | Storing File: res://.godot/imported/proc_extra_063_albedo.jpg-0bb2bdc20509af904d78a1a10dcdbe95.ctex[39m[0m
[  21% ] [90m[1msavepack[22m | Storing File: res://assets/textures/harvest/proc/proc_extra_063_albedo.jpg.import[39m[0m
[  21% ] [90m[1msavepack[22m | Storing File: res://.godot/imported/proc_extra_063_normal.jpg-86e4478f3738bc36441f2417455c674a.ctex[39m[0m
[  21% ] [90m[1msavepack[22m | Storing File: res://assets/textures/harvest/proc/proc_extra_063_normal.jpg.import[39m[0m
[  21% ] [90m[1msavepack[22m | Storing File: res://.godot/imported/proc_extra_063_rough.jpg-aef3035c84e404e1fd6d0c14d9c32eb8.ctex[39m[0m
[  21% ] [90m[1msavepack[22m | Storing File: res://assets/textures/harvest/proc/proc_extra_063_rough.jpg.import[39m[0m
[  21% ] [90m[1msavepack[22m | Storing File: res://.godot/imported/proc_extra_064_albedo.jpg-dc3253a4c7be6c0f4415566bb916647e.ctex[39m[0m
[  21% ] [90m[1msavepack[22m | Storing File: res://assets/textures/harvest/proc/proc_extra_064_albedo.jpg.import[39m[0m
[  21% ] [90m[1msavepack[22m | Storing File: res://.godot/imported/proc_extra_064_normal.jpg-87c23c76f57bedae906a9342a3c7bb50.ctex[39m[0m
[  21% ] [90m[1msavepack[22m | Storing File: res://assets/textures/harvest/proc/proc_extra_064_normal.jpg.import[39m[0m
[  21% ] [90m[1msavepack[22m | Storing File: res://.godot/imported/proc_extra_064_rough.jpg-dcbae4af8800e3f3e2e04b3cc3d849c7.ctex[39m[0m
[  21% ] [90m[1msavepack[22m | Storing File: res://assets/textures/harvest/proc/proc_extra_064_rough.jpg.import[39m[0m
[  21% ] [90m[1msavepack[22m | Storing File: res://.godot/imported/proc_extra_065_albedo.jpg-d23e019f07ea40d23c1d20265462b00c.ctex[39m[0m
[  21% ] [90m[1msavepack[22m | Storing File: res://assets/textures/harvest/proc/proc_extra_065_albedo.jpg.import[39m[0m
[  21% ] [90m[1msavepack[22m | Storing File: res://.godot/imported/proc_extra_065_normal.jpg-6fdd90374fa39c83c874c07ca5261b18.ctex[39m[0m
[  21% ] [90m[1msavepack[22m | Storing File: res://assets/textures/harvest/proc/proc_extra_065_normal.jpg.import[39m[0m
[  21% ] [90m[1msavepack[22m | Storing File: res://.godot/imported/proc_extra_065_rough.jpg-16c37623fc57ce6ec3b3623030cb17eb.ctex[39m[0m
[  21% ] [90m[1msavepack[22m | Storing File: res://assets/textures/harvest/proc/proc_extra_065_rough.jpg.import[39m[0m
[  21% ] [90m[1msavepack[22m | Storing File: res://.godot/imported/proc_extra_066_albedo.jpg-a266cb8bbf68391f10c7926c32077bef.ctex[39m[0m
[  21% ] [90m[1msavepack[22m | Storing File: res://assets/textures/harvest/proc/proc_extra_066_albedo.jpg.import[39m[0m
[  21% ] [90m[1msavepack[22m | Storing File: res://.godot/imported/proc_extra_066_normal.jpg-7d67bc27cc45f01371c05998f373f323.ctex[39m[0m
[  21% ] [90m[1msavepack[22m | Storing File: res://assets/textures/harvest/proc/proc_extra_066_normal.jpg.import[39m[0m
[  21% ] [90m[1msavepack[22m | Storing File: res://.godot/imported/proc_extra_066_rough.jpg-77d86fb704b0e0c685433518faa40a83.ctex[39m[0m
[  21% ] [90m[1msavepack[22m | Storing File: res://assets/textures/harvest/proc/proc_extra_066_rough.jpg.import[39m[0m
[  21% ] [90m[1msavepack[22m | Storing File: res://.godot/imported/proc_extra_067_albedo.jpg-04cf2b843130eeefe11213aec5f61a2f.ctex[39m[0m
[  21% ] [90m[1msavepack[22m | Storing File: res://assets/textures/harvest/proc/proc_extra_067_albedo.jpg.import[39m[0m
[  21% ] [90m[1msavepack[22m | Storing File: res://.godot/imported/proc_extra_067_normal.jpg-135b7ce46b113d1d66e64857d1627378.ctex[39m[0m
[  21% ] [90m[1msavepack[22m | Storing File: res://assets/textures/harvest/proc/proc_extra_067_normal.jpg.import[39m[0m
[  21% ] [90m[1msavepack[22m | Storing File: res://.godot/imported/proc_extra_067_rough.jpg-19a148e6005eca79d7136c4faaeb303c.ctex[39m[0m
[  21% ] [90m[1msavepack[22m | Storing File: res://assets/textures/harvest/proc/proc_extra_067_rough.jpg.import[39m[0m
[  21% ] [90m[1msavepack[22m | Storing File: res://.godot/imported/proc_extra_068_albedo.jpg-c55b2f9c66e6b8f07b6dd2b2a4f2cfc2.ctex[39m[0m
[  21% ] [90m[1msavepack[22m | Storing File: res://assets/textures/harvest/proc/proc_extra_068_albedo.jpg.import[39m[0m
[  21% ] [90m[1msavepack[22m | Storing File: res://.godot/imported/proc_extra_068_normal.jpg-ecab8fe07c149eaac404adc6f9339e63.ctex[39m[0m
[  21% ] [90m[1msavepack[22m | Storing File: res://assets/textures/harvest/proc/proc_extra_068_normal.jpg.import[39m[0m
[  21% ] [90m[1msavepack[22m | Storing File: res://.godot/imported/proc_extra_068_rough.jpg-a3327b683d20b99f9d49135d1939ddd7.ctex[39m[0m
[  21% ] [90m[1msavepack[22m | Storing File: res://assets/textures/harvest/proc/proc_extra_068_rough.jpg.import[39m[0m
[  21% ] [90m[1msavepack[22m | Storing File: res://.godot/imported/proc_extra_069_albedo.jpg-31f949579bba21279ffa750a8b501580.ctex[39m[0m
[  21% ] [90m[1msavepack[22m | Storing File: res://assets/textures/harvest/proc/proc_extra_069_albedo.jpg.import[39m[0m
[  22% ] [90m[1msavepack[22m | Storing File: res://.godot/imported/proc_extra_069_normal.jpg-05a6f48591e02dfde327b5319c0fca7d.ctex[39m[0m
[  22% ] [90m[1msavepack[22m | Storing File: res://assets/textures/harvest/proc/proc_extra_069_normal.jpg.import[39m[0m
[  22% ] [90m[1msavepack[22m | Storing File: res://.godot/imported/proc_extra_069_rough.jpg-2f7f4e05215d48b87f15e8d6b407dfcb.ctex[39m[0m
[  22% ] [90m[1msavepack[22m | Storing File: res://assets/textures/harvest/proc/proc_extra_069_rough.jpg.import[39m[0m
[  22% ] [90m[1msavepack[22m | Storing File: res://.godot/imported/proc_extra_070_albedo.jpg-112abe238649b6146aab2ec2607dce63.ctex[39m[0m
[  22% ] [90m[1msavepack[22m | Storing File: res://assets/textures/harvest/proc/proc_extra_070_albedo.jpg.import[39m[0m
[  22% ] [90m[1msavepack[22m | Storing File: res://.godot/imported/proc_extra_070_normal.jpg-e26094540616e197c4e8fea4b7405186.ctex[39m[0m
[  22% ] [90m[1msavepack[22m | Storing File: res://assets/textures/harvest/proc/proc_extra_070_normal.jpg.import[39m[0m
[  22% ] [90m[1msavepack[22m | Storing File: res://.godot/imported/proc_extra_070_rough.jpg-72f5b7804e7c41bac5c0932dea27d42b.ctex[39m[0m
[  22% ] [90m[1msavepack[22m | Storing File: res://assets/textures/harvest/proc/proc_extra_070_rough.jpg.import[39m[0m
[  22% ] [90m[1msavepack[22m | Storing File: res://.godot/imported/proc_extra_071_albedo.jpg-c186fd30288fdd880e79e6cfc84c0837.ctex[39m[0m
[  22% ] [90m[1msavepack[22m | Storing File: res://assets/textures/harvest/proc/proc_extra_071_albedo.jpg.import[39m[0m
[  22% ] [90m[1msavepack[22m | Storing File: res://.godot/imported/proc_extra_071_normal.jpg-7bab038f93b950e4cdf80cdf02a8f5f7.ctex[39m[0m
[  22% ] [90m[1msavepack[22m | Storing File: res://assets/textures/harvest/proc/proc_extra_071_normal.jpg.import[39m[0m
[  22% ] [90m[1msavepack[22m | Storing File: res://.godot/imported/proc_extra_071_rough.jpg-9dda6f6ff03c4678a8d2b0349efdf7ea.ctex[39m[0m
[  22% ] [90m[1msavepack[22m | Storing File: res://assets/textures/harvest/proc/proc_extra_071_rough.jpg.import[39m[0m
[  22% ] [90m[1msavepack[22m | Storing File: res://.godot/imported/proc_extra_072_albedo.jpg-04f6f613d6c13714685ee10116f77f7b.ctex[39m[0m
[  22% ] [90m[1msavepack[22m | Storing File: res://assets/textures/harvest/proc/proc_extra_072_albedo.jpg.import[39m[0m
[  22% ] [90m[1msavepack[22m | Storing File: res://.godot/imported/proc_extra_072_normal.jpg-f82d53ab9303e6895cbfdce453a5b910.ctex[39m[0m
[  22% ] [90m[1msavepack[22m | Storing File: res://assets/textures/harvest/proc/proc_extra_072_normal.jpg.import[39m[0m
[  22% ] [90m[1msavepack[22m | Storing File: res://.godot/imported/proc_extra_072_rough.jpg-95aa6589f234c1cba3a6bedde25bd91c.ctex[39m[0m
[  22% ] [90m[1msavepack[22m | Storing File: res://assets/textures/harvest/proc/proc_extra_072_rough.jpg.import[39m[0m
[  22% ] [90m[1msavepack[22m | Storing File: res://.godot/imported/proc_extra_073_albedo.jpg-5cf8add123b5bfbf4f722eda721eb594.ctex[39m[0m
[  22% ] [90m[1msavepack[22m | Storing File: res://assets/textures/harvest/proc/proc_extra_073_albedo.jpg.import[39m[0m
[  22% ] [90m[1msavepack[22m | Storing File: res://.godot/imported/proc_extra_073_normal.jpg-cbce07cb765cb23d784c167f68c6acc7.ctex[39m[0m
[  22% ] [90m[1msavepack[22m | Storing File: res://assets/textures/harvest/proc/proc_extra_073_normal.jpg.import[39m[0m
[  22% ] [90m[1msavepack[22m | Storing File: res://.godot/imported/proc_extra_073_rough.jpg-43dd226cb39396460d3d104791a13ead.ctex[39m[0m
[  22% ] [90m[1msavepack[22m | Storing File: res://assets/textures/harvest/proc/proc_extra_073_rough.jpg.import[39m[0m
[  22% ] [90m[1msavepack[22m | Storing File: res://.godot/imported/proc_extra_074_albedo.jpg-c6e53ec0d2cf893280f2527c54607b62.ctex[39m[0m
[  22% ] [90m[1msavepack[22m | Storing File: res://assets/textures/harvest/proc/proc_extra_074_albedo.jpg.import[39m[0m
[  22% ] [90m[1msavepack[22m | Storing File: res://.godot/imported/proc_extra_074_normal.jpg-78b44207c7cbbf6f78bc0e1ab43ec414.ctex[39m[0m
[  22% ] [90m[1msavepack[22m | Storing File: res://assets/textures/harvest/proc/proc_extra_074_normal.jpg.import[39m[0m
[  22% ] [90m[1msavepack[22m | Storing File: res://.godot/imported/proc_extra_074_rough.jpg-891a277ab4d32ffd4ae5e8a0c55abb30.ctex[39m[0m
[  22% ] [90m[1msavepack[22m | Storing File: res://assets/textures/harvest/proc/proc_extra_074_rough.jpg.import[39m[0m
[  22% ] [90m[1msavepack[22m | Storing File: res://.godot/imported/proc_extra_075_albedo.jpg-3cdae4043b1d0bf28dc3f90c76c4ada8.ctex[39m[0m
[  22% ] [90m[1msavepack[22m | Storing File: res://assets/textures/harvest/proc/proc_extra_075_albedo.jpg.import[39m[0m
[  22% ] [90m[1msavepack[22m | Storing File: res://.godot/imported/proc_extra_075_normal.jpg-04586252345649c33931bd4a5ef1b93a.ctex[39m[0m
[  22% ] [90m[1msavepack[22m | Storing File: res://assets/textures/harvest/proc/proc_extra_075_normal.jpg.import[39m[0m
[  23% ] [90m[1msavepack[22m | Storing File: res://.godot/imported/proc_extra_075_rough.jpg-67f68734fe5f19f90d54aa08561da59b.ctex[39m[0m
[  23% ] [90m[1msavepack[22m | Storing File: res://assets/textures/harvest/proc/proc_extra_075_rough.jpg.import[39m[0m
[  23% ] [90m[1msavepack[22m | Storing File: res://.godot/imported/proc_extra_076_albedo.jpg-6fe6cc4c497df6dc40713c965f37936b.ctex[39m[0m
[  23% ] [90m[1msavepack[22m | Storing File: res://assets/textures/harvest/proc/proc_extra_076_albedo.jpg.import[39m[0m
[  23% ] [90m[1msavepack[22m | Storing File: res://.godot/imported/proc_extra_076_normal.jpg-4f32d3311ed0783c2a7efae661890944.ctex[39m[0m
[  23% ] [90m[1msavepack[22m | Storing File: res://assets/textures/harvest/proc/proc_extra_076_normal.jpg.import[39m[0m
[  23% ] [90m[1msavepack[22m | Storing File: res://.godot/imported/proc_extra_076_rough.jpg-752dd63676ac95ba37abe04c61ff9df6.ctex[39m[0m
[  23% ] [90m[1msavepack[22m | Storing File: res://assets/textures/harvest/proc/proc_extra_076_rough.jpg.import[39m[0m
[  23% ] [90m[1msavepack[22m | Storing File: res://.godot/imported/proc_extra_077_albedo.jpg-691f422d20df2649e9cf0d72e43cd916.ctex[39m[0m
[  23% ] [90m[1msavepack[22m | Storing File: res://assets/textures/harvest/proc/proc_extra_077_albedo.jpg.import[39m[0m
[  23% ] [90m[1msavepack[22m | Storing File: res://.godot/imported/proc_extra_077_normal.jpg-476d58b66895873a8d8d9ec32bee7334.ctex[39m[0m
[  23% ] [90m[1msavepack[22m | Storing File: res://assets/textures/harvest/proc/proc_extra_077_normal.jpg.import[39m[0m
[  23% ] [90m[1msavepack[22m | Storing File: res://.godot/imported/proc_extra_077_rough.jpg-b8da5542d8eaadb69589712f171cb7a7.ctex[39m[0m
[  23% ] [90m[1msavepack[22m | Storing File: res://assets/textures/harvest/proc/proc_extra_077_rough.jpg.import[39m[0m
[  23% ] [90m[1msavepack[22m | Storing File: res://.godot/imported/proc_extra_078_albedo.jpg-a703b14746d884ed7d4d12b7cbe56500.ctex[39m[0m
[  23% ] [90m[1msavepack[22m | Storing File: res://assets/textures/harvest/proc/proc_extra_078_albedo.jpg.import[39m[0m
[  23% ] [90m[1msavepack[22m | Storing File: res://.godot/imported/proc_extra_078_normal.jpg-924aa29ebb6ba6d019fb2257062e7b77.ctex[39m[0m
[  23% ] [90m[1msavepack[22m | Storing File: res://assets/textures/harvest/proc/proc_extra_078_normal.jpg.import[39m[0m
[  23% ] [90m[1msavepack[22m | Storing File: res://.godot/imported/proc_extra_078_rough.jpg-100e53c3f32104a1ce0ef360bd8c8dde.ctex[39m[0m
[  23% ] [90m[1msavepack[22m | Storing File: res://assets/textures/harvest/proc/proc_extra_078_rough.jpg.import[39m[0m
[  23% ] [90m[1msavepack[22m | Storing File: res://.godot/imported/proc_extra_079_albedo.jpg-4bc8616edafa04155c5a25a8f06af867.ctex[39m[0m
[  23% ] [90m[1msavepack[22m | Storing File: res://assets/textures/harvest/proc/proc_extra_079_albedo.jpg.import[39m[0m
[  23% ] [90m[1msavepack[22m | Storing File: res://.godot/imported/proc_extra_079_normal.jpg-4e6d4bd5c09840c03682a9e7ad91c7b1.ctex[39m[0m
[  23% ] [90m[1msavepack[22m | Storing File: res://assets/textures/harvest/proc/proc_extra_079_normal.jpg.import[39m[0m
[  23% ] [90m[1msavepack[22m | Storing File: res://.godot/imported/proc_extra_079_rough.jpg-737b224f772ffda18a49f2ac3af6c338.ctex[39m[0m
[  23% ] [90m[1msavepack[22m | Storing File: res://assets/textures/harvest/proc/proc_extra_079_rough.jpg.import[39m[0m
[  23% ] [90m[1msavepack[22m | Storing File: res://.godot/imported/proc_extra_080_albedo.jpg-417d1a71adbef0569c19b15d9f8e9324.ctex[39m[0m
[  23% ] [90m[1msavepack[22m | Storing File: res://assets/textures/harvest/proc/proc_extra_080_albedo.jpg.import[39m[0m
[  23% ] [90m[1msavepack[22m | Storing File: res://.godot/imported/proc_extra_080_normal.jpg-533208ead0eae2f4dce13a3c56763327.ctex[39m[0m
[  23% ] [90m[1msavepack[22m | Storing File: res://assets/textures/harvest/proc/proc_extra_080_normal.jpg.import[39m[0m
[  23% ] [90m[1msavepack[22m | Storing File: res://.godot/imported/proc_extra_080_rough.jpg-6b79d226c23cc41719f0088a583b528b.ctex[39m[0m
[  23% ] [90m[1msavepack[22m | Storing File: res://assets/textures/harvest/proc/proc_extra_080_rough.jpg.import[39m[0m
[  23% ] [90m[1msavepack[22m | Storing File: res://.godot/imported/proc_extra_081_albedo.jpg-fd22152f74e54532cb629af54db98521.ctex[39m[0m
[  23% ] [90m[1msavepack[22m | Storing File: res://assets/textures/harvest/proc/proc_extra_081_albedo.jpg.import[39m[0m
[  23% ] [90m[1msavepack[22m | Storing File: res://.godot/imported/proc_extra_081_normal.jpg-9d626f7ac9f190dbd6b976ce9d04864b.ctex[39m[0m
[  23% ] [90m[1msavepack[22m | Storing File: res://assets/textures/harvest/proc/proc_extra_081_normal.jpg.import[39m[0m
[  23% ] [90m[1msavepack[22m | Storing File: res://.godot/imported/proc_extra_081_rough.jpg-41a6a56bcdaeba31f63672d89e1326a7.ctex[39m[0m
[  23% ] [90m[1msavepack[22m | Storing File: res://assets/textures/harvest/proc/proc_extra_081_rough.jpg.import[39m[0m
[  24% ] [90m[1msavepack[22m | Storing File: res://.godot/imported/proc_extra_082_albedo.jpg-9e65383580e046302278b6827ed0ecbb.ctex[39m[0m
[  24% ] [90m[1msavepack[22m | Storing File: res://assets/textures/harvest/proc/proc_extra_082_albedo.jpg.import[39m[0m
[  24% ] [90m[1msavepack[22m | Storing File: res://.godot/imported/proc_extra_082_normal.jpg-c2842277eaaf20e27290d72727a02934.ctex[39m[0m
[  24% ] [90m[1msavepack[22m | Storing File: res://assets/textures/harvest/proc/proc_extra_082_normal.jpg.import[39m[0m
[  24% ] [90m[1msavepack[22m | Storing File: res://.godot/imported/proc_extra_082_rough.jpg-77f7a83e5e04c79420d5c1a513677a2a.ctex[39m[0m
[  24% ] [90m[1msavepack[22m | Storing File: res://assets/textures/harvest/proc/proc_extra_082_rough.jpg.import[39m[0m
[  24% ] [90m[1msavepack[22m | Storing File: res://.godot/imported/proc_extra_083_albedo.jpg-c1ade2526b591eb7af7f2c918541b84b.ctex[39m[0m
[  24% ] [90m[1msavepack[22m | Storing File: res://assets/textures/harvest/proc/proc_extra_083_albedo.jpg.import[39m[0m
[  24% ] [90m[1msavepack[22m | Storing File: res://.godot/imported/proc_extra_083_normal.jpg-81ed8e345b77383193aa9564eae84502.ctex[39m[0m
[  24% ] [90m[1msavepack[22m | Storing File: res://assets/textures/harvest/proc/proc_extra_083_normal.jpg.import[39m[0m
[  24% ] [90m[1msavepack[22m | Storing File: res://.godot/imported/proc_extra_083_rough.jpg-268ecf667dc882948d138175d5f510d3.ctex[39m[0m
[  24% ] [90m[1msavepack[22m | Storing File: res://assets/textures/harvest/proc/proc_extra_083_rough.jpg.import[39m[0m
[  24% ] [90m[1msavepack[22m | Storing File: res://.godot/imported/proc_extra_084_albedo.jpg-6cc4eb128914833c6a717e3102a04682.ctex[39m[0m
[  24% ] [90m[1msavepack[22m | Storing File: res://assets/textures/harvest/proc/proc_extra_084_albedo.jpg.import[39m[0m
[  24% ] [90m[1msavepack[22m | Storing File: res://.godot/imported/proc_extra_084_normal.jpg-61233fba658d264f53b7abd73e2c025c.ctex[39m[0m
[  24% ] [90m[1msavepack[22m | Storing File: res://assets/textures/harvest/proc/proc_extra_084_normal.jpg.import[39m[0m
[  24% ] [90m[1msavepack[22m | Storing File: res://.godot/imported/proc_extra_084_rough.jpg-3778ffd60ef609853064f67b731d6d50.ctex[39m[0m
[  24% ] [90m[1msavepack[22m | Storing File: res://assets/textures/harvest/proc/proc_extra_084_rough.jpg.import[39m[0m
[  24% ] [90m[1msavepack[22m | Storing File: res://.godot/imported/proc_extra_085_albedo.jpg-3e5baf1f24346d3f859a01f28a3ab555.ctex[39m[0m
[  24% ] [90m[1msavepack[22m | Storing File: res://assets/textures/harvest/proc/proc_extra_085_albedo.jpg.import[39m[0m
[  24% ] [90m[1msavepack[22m | Storing File: res://.godot/imported/proc_extra_085_normal.jpg-2b2387dd6ec06ad928bf8524b36881e0.ctex[39m[0m
[  24% ] [90m[1msavepack[22m | Storing File: res://assets/textures/harvest/proc/proc_extra_085_normal.jpg.import[39m[0m
[  24% ] [90m[1msavepack[22m | Storing File: res://.godot/imported/proc_extra_085_rough.jpg-0111fe6c2ecddc4f3cef65214b0b7709.ctex[39m[0m
[  24% ] [90m[1msavepack[22m | Storing File: res://assets/textures/harvest/proc/proc_extra_085_rough.jpg.import[39m[0m
[  24% ] [90m[1msavepack[22m | Storing File: res://.godot/imported/proc_extra_086_albedo.jpg-51507e8fd50d939f2fb45922d4564004.ctex[39m[0m
[  24% ] [90m[1msavepack[22m | Storing File: res://assets/textures/harvest/proc/proc_extra_086_albedo.jpg.import[39m[0m
[  24% ] [90m[1msavepack[22m | Storing File: res://.godot/imported/proc_extra_086_normal.jpg-6216d054c991627b53d281b68faf888b.ctex[39m[0m
[  24% ] [90m[1msavepack[22m | Storing File: res://assets/textures/harvest/proc/proc_extra_086_normal.jpg.import[39m[0m
[  24% ] [90m[1msavepack[22m | Storing File: res://.godot/imported/proc_extra_086_rough.jpg-574fc82b04de8cfef1b3e5fd0dbc31dd.ctex[39m[0m
[  24% ] [90m[1msavepack[22m | Storing File: res://assets/textures/harvest/proc/proc_extra_086_rough.jpg.import[39m[0m
[  24% ] [90m[1msavepack[22m | Storing File: res://.godot/imported/proc_extra_087_albedo.jpg-f2c5c7ac8de598edb67445303d4c67eb.ctex[39m[0m
[  24% ] [90m[1msavepack[22m | Storing File: res://assets/textures/harvest/proc/proc_extra_087_albedo.jpg.import[39m[0m
[  24% ] [90m[1msavepack[22m | Storing File: res://.godot/imported/proc_extra_087_normal.jpg-21fb6c6a275525e17a175171e07bf358.ctex[39m[0m
[  24% ] [90m[1msavepack[22m | Storing File: res://assets/textures/harvest/proc/proc_extra_087_normal.jpg.import[39m[0m
[  24% ] [90m[1msavepack[22m | Storing File: res://.godot/imported/proc_extra_087_rough.jpg-6124555d20dbb563270f531427fc937d.ctex[39m[0m
[  24% ] [90m[1msavepack[22m | Storing File: res://assets/textures/harvest/proc/proc_extra_087_rough.jpg.import[39m[0m
[  24% ] [90m[1msavepack[22m | Storing File: res://.godot/imported/proc_extra_088_albedo.jpg-b30ffccea3a394aada91b18aec9dbe25.ctex[39m[0m
[  24% ] [90m[1msavepack[22m | Storing File: res://assets/textures/harvest/proc/proc_extra_088_albedo.jpg.import[39m[0m
[  25% ] [90m[1msavepack[22m | Storing File: res://.godot/imported/proc_extra_088_normal.jpg-1e8fb3f277dff0b718d075b26e90b4bf.ctex[39m[0m
[  25% ] [90m[1msavepack[22m | Storing File: res://assets/textures/harvest/proc/proc_extra_088_normal.jpg.import[39m[0m
[  25% ] [90m[1msavepack[22m | Storing File: res://.godot/imported/proc_extra_088_rough.jpg-8de2a04a822a8f2ca0b8a7d4a4d55fc5.ctex[39m[0m
[  25% ] [90m[1msavepack[22m | Storing File: res://assets/textures/harvest/proc/proc_extra_088_rough.jpg.import[39m[0m
[  25% ] [90m[1msavepack[22m | Storing File: res://.godot/imported/proc_extra_089_albedo.jpg-024c343f8621f7c44ec5cd1c0d646de2.ctex[39m[0m
[  25% ] [90m[1msavepack[22m | Storing File: res://assets/textures/harvest/proc/proc_extra_089_albedo.jpg.import[39m[0m
[  25% ] [90m[1msavepack[22m | Storing File: res://.godot/imported/proc_extra_089_normal.jpg-47b86783fb16e7eb94d3512fc6562b32.ctex[39m[0m
[  25% ] [90m[1msavepack[22m | Storing File: res://assets/textures/harvest/proc/proc_extra_089_normal.jpg.import[39m[0m
[  25% ] [90m[1msavepack[22m | Storing File: res://.godot/imported/proc_extra_089_rough.jpg-bd7580e4d956d4ef5901dde30611ff7d.ctex[39m[0m
[  25% ] [90m[1msavepack[22m | Storing File: res://assets/textures/harvest/proc/proc_extra_089_rough.jpg.import[39m[0m
[  25% ] [90m[1msavepack[22m | Storing File: res://.godot/imported/proc_extra_090_albedo.jpg-ac93f0c9f8575057777d709d55ee766b.ctex[39m[0m
[  25% ] [90m[1msavepack[22m | Storing File: res://assets/textures/harvest/proc/proc_extra_090_albedo.jpg.import[39m[0m
[  25% ] [90m[1msavepack[22m | Storing File: res://.godot/imported/proc_extra_090_normal.jpg-9524ca5e7f516d22bea83b0291268c60.ctex[39m[0m
[  25% ] [90m[1msavepack[22m | Storing File: res://assets/textures/harvest/proc/proc_extra_090_normal.jpg.import[39m[0m
[  25% ] [90m[1msavepack[22m | Storing File: res://.godot/imported/proc_extra_090_rough.jpg-971c39948b90dd51367be5731856f2ec.ctex[39m[0m
[  25% ] [90m[1msavepack[22m | Storing File: res://assets/textures/harvest/proc/proc_extra_090_rough.jpg.import[39m[0m
[  25% ] [90m[1msavepack[22m | Storing File: res://.godot/imported/proc_extra_091_albedo.jpg-47a82577c17dfcef51800ebca4d36631.ctex[39m[0m
[  25% ] [90m[1msavepack[22m | Storing File: res://assets/textures/harvest/proc/proc_extra_091_albedo.jpg.import[39m[0m
[  25% ] [90m[1msavepack[22m | Storing File: res://.godot/imported/proc_extra_091_normal.jpg-725874227f3778b91687a681dfc18071.ctex[39m[0m
[  25% ] [90m[1msavepack[22m | Storing File: res://assets/textures/harvest/proc/proc_extra_091_normal.jpg.import[39m[0m
[  25% ] [90m[1msavepack[22m | Storing File: res://.godot/imported/proc_extra_091_rough.jpg-e2edcecff985fae2a1defd0ed8889c44.ctex[39m[0m
[  25% ] [90m[1msavepack[22m | Storing File: res://assets/textures/harvest/proc/proc_extra_091_rough.jpg.import[39m[0m
[  25% ] [90m[1msavepack[22m | Storing File: res://.godot/imported/proc_extra_092_albedo.jpg-ba6961bfbdaf5be1360dc5eeaed7fc1d.ctex[39m[0m
[  25% ] [90m[1msavepack[22m | Storing File: res://assets/textures/harvest/proc/proc_extra_092_albedo.jpg.import[39m[0m
[  25% ] [90m[1msavepack[22m | Storing File: res://.godot/imported/proc_extra_092_normal.jpg-9444a54707f2efbb669a1e5633667338.ctex[39m[0m
[  25% ] [90m[1msavepack[22m | Storing File: res://assets/textures/harvest/proc/proc_extra_092_normal.jpg.import[39m[0m
[  25% ] [90m[1msavepack[22m | Storing File: res://.godot/imported/proc_extra_092_rough.jpg-bcc96a2cd683ed1eb9ebed6bc68b6c3a.ctex[39m[0m
[  25% ] [90m[1msavepack[22m | Storing File: res://assets/textures/harvest/proc/proc_extra_092_rough.jpg.import[39m[0m
[  25% ] [90m[1msavepack[22m | Storing File: res://.godot/imported/proc_extra_093_albedo.jpg-84ec451f6e093b04ea774528ce90c702.ctex[39m[0m
[  25% ] [90m[1msavepack[22m | Storing File: res://assets/textures/harvest/proc/proc_extra_093_albedo.jpg.import[39m[0m
[  25% ] [90m[1msavepack[22m | Storing File: res://.godot/imported/proc_extra_093_normal.jpg-a6d7dc48af547708a3ea75bbf85ed31b.ctex[39m[0m
[  25% ] [90m[1msavepack[22m | Storing File: res://assets/textures/harvest/proc/proc_extra_093_normal.jpg.import[39m[0m
[  25% ] [90m[1msavepack[22m | Storing File: res://.godot/imported/proc_extra_093_rough.jpg-da094210cb86fc28478467b66098ab10.ctex[39m[0m
[  25% ] [90m[1msavepack[22m | Storing File: res://assets/textures/harvest/proc/proc_extra_093_rough.jpg.import[39m[0m
[  25% ] [90m[1msavepack[22m | Storing File: res://.godot/imported/proc_extra_094_albedo.jpg-7aa3f4e8a34c33371de6b0c99ab1e62d.ctex[39m[0m
[  25% ] [90m[1msavepack[22m | Storing File: res://assets/textures/harvest/proc/proc_extra_094_albedo.jpg.import[39m[0m
[  25% ] [90m[1msavepack[22m | Storing File: res://.godot/imported/proc_extra_094_normal.jpg-f05d744c30ceeadfd1576770c87222be.ctex[39m[0m
[  25% ] [90m[1msavepack[22m | Storing File: res://assets/textures/harvest/proc/proc_extra_094_normal.jpg.import[39m[0m
[  26% ] [90m[1msavepack[22m | Storing File: res://.godot/imported/proc_extra_094_rough.jpg-410f287767f73bbbf3d7eda6b98639c9.ctex[39m[0m
[  26% ] [90m[1msavepack[22m | Storing File: res://assets/textures/harvest/proc/proc_extra_094_rough.jpg.import[39m[0m
[  26% ] [90m[1msavepack[22m | Storing File: res://.godot/imported/proc_extra_095_albedo.jpg-f9ef075f6cc162889cd32de52d47eec4.ctex[39m[0m
[  26% ] [90m[1msavepack[22m | Storing File: res://assets/textures/harvest/proc/proc_extra_095_albedo.jpg.import[39m[0m
[  26% ] [90m[1msavepack[22m | Storing File: res://.godot/imported/proc_extra_095_normal.jpg-3d2b8096a699bd4f9ad9c584fe900f05.ctex[39m[0m
[  26% ] [90m[1msavepack[22m | Storing File: res://assets/textures/harvest/proc/proc_extra_095_normal.jpg.import[39m[0m
[  26% ] [90m[1msavepack[22m | Storing File: res://.godot/imported/proc_extra_095_rough.jpg-b2068436c8e3c003832a86a21441b81d.ctex[39m[0m
[  26% ] [90m[1msavepack[22m | Storing File: res://assets/textures/harvest/proc/proc_extra_095_rough.jpg.import[39m[0m
[  26% ] [90m[1msavepack[22m | Storing File: res://.godot/imported/proc_extra_096_albedo.jpg-c10c82ca1e6def6d4708b9881d061b17.ctex[39m[0m
[  26% ] [90m[1msavepack[22m | Storing File: res://assets/textures/harvest/proc/proc_extra_096_albedo.jpg.import[39m[0m
[  26% ] [90m[1msavepack[22m | Storing File: res://.godot/imported/proc_extra_096_normal.jpg-4190745fdb43f7a98d5f4420c51daf70.ctex[39m[0m
[  26% ] [90m[1msavepack[22m | Storing File: res://assets/textures/harvest/proc/proc_extra_096_normal.jpg.import[39m[0m
[  26% ] [90m[1msavepack[22m | Storing File: res://.godot/imported/proc_extra_096_rough.jpg-8bcc23197043edebaa0d5d061fbdd7ff.ctex[39m[0m
[  26% ] [90m[1msavepack[22m | Storing File: res://assets/textures/harvest/proc/proc_extra_096_rough.jpg.import[39m[0m
[  26% ] [90m[1msavepack[22m | Storing File: res://.godot/imported/proc_extra_097_albedo.jpg-ae479a9925614fcbede58be3722cedc3.ctex[39m[0m
[  26% ] [90m[1msavepack[22m | Storing File: res://assets/textures/harvest/proc/proc_extra_097_albedo.jpg.import[39m[0m
[  26% ] [90m[1msavepack[22m | Storing File: res://.godot/imported/proc_extra_097_normal.jpg-084d5c111650d18898a70f5b4c4bfd1f.ctex[39m[0m
[  26% ] [90m[1msavepack[22m | Storing File: res://assets/textures/harvest/proc/proc_extra_097_normal.jpg.import[39m[0m
[  26% ] [90m[1msavepack[22m | Storing File: res://.godot/imported/proc_extra_097_rough.jpg-049577d34aeafd46ec55710694b0b85d.ctex[39m[0m
[  26% ] [90m[1msavepack[22m | Storing File: res://assets/textures/harvest/proc/proc_extra_097_rough.jpg.import[39m[0m
[  26% ] [90m[1msavepack[22m | Storing File: res://.godot/imported/proc_extra_098_albedo.jpg-1f510d94d0c494b54357acfa6dd2ad6c.ctex[39m[0m
[  26% ] [90m[1msavepack[22m | Storing File: res://assets/textures/harvest/proc/proc_extra_098_albedo.jpg.import[39m[0m
[  26% ] [90m[1msavepack[22m | Storing File: res://.godot/imported/proc_extra_098_normal.jpg-f49fc3e999f3203fe05ec4c1f7975013.ctex[39m[0m
[  26% ] [90m[1msavepack[22m | Storing File: res://assets/textures/harvest/proc/proc_extra_098_normal.jpg.import[39m[0m
[  26% ] [90m[1msavepack[22m | Storing File: res://.godot/imported/proc_extra_098_rough.jpg-8eb0cf519d72c6bd2c2be8e13cb03e89.ctex[39m[0m
[  26% ] [90m[1msavepack[22m | Storing File: res://assets/textures/harvest/proc/proc_extra_098_rough.jpg.import[39m[0m
[  26% ] [90m[1msavepack[22m | Storing File: res://.godot/imported/proc_extra_099_albedo.jpg-89a9d1e280b1a2002a834af8c51c547c.ctex[39m[0m
[  26% ] [90m[1msavepack[22m | Storing File: res://assets/textures/harvest/proc/proc_extra_099_albedo.jpg.import[39m[0m
[  26% ] [90m[1msavepack[22m | Storing File: res://.godot/imported/proc_extra_099_normal.jpg-e24339df2a79e596f4389bf9ad93e183.ctex[39m[0m
[  26% ] [90m[1msavepack[22m | Storing File: res://assets/textures/harvest/proc/proc_extra_099_normal.jpg.import[39m[0m
[  26% ] [90m[1msavepack[22m | Storing File: res://.godot/imported/proc_extra_099_rough.jpg-fd98caba51846d362df35a2ab106f4ca.ctex[39m[0m
[  26% ] [90m[1msavepack[22m | Storing File: res://assets/textures/harvest/proc/proc_extra_099_rough.jpg.import[39m[0m
[  26% ] [90m[1msavepack[22m | Storing File: res://.godot/imported/proc_extra_100_albedo.jpg-731a58d915a477cbda8c6ef6d1aea87a.ctex[39m[0m
[  26% ] [90m[1msavepack[22m | Storing File: res://assets/textures/harvest/proc/proc_extra_100_albedo.jpg.import[39m[0m
[  26% ] [90m[1msavepack[22m | Storing File: res://.godot/imported/proc_extra_100_normal.jpg-62061c353643a75ea01f8a9514dd6e0f.ctex[39m[0m
[  26% ] [90m[1msavepack[22m | Storing File: res://assets/textures/harvest/proc/proc_extra_100_normal.jpg.import[39m[0m
[  26% ] [90m[1msavepack[22m | Storing File: res://.godot/imported/proc_extra_100_rough.jpg-af6a11d9352779a090b5d143c9d01a47.ctex[39m[0m
[  26% ] [90m[1msavepack[22m | Storing File: res://assets/textures/harvest/proc/proc_extra_100_rough.jpg.import[39m[0m
[  27% ] [90m[1msavepack[22m | Storing File: res://.godot/imported/proc_extra_101_albedo.jpg-058dfc47572cbfdf916f98972ae6523a.ctex[39m[0m
[  27% ] [90m[1msavepack[22m | Storing File: res://assets/textures/harvest/proc/proc_extra_101_albedo.jpg.import[39m[0m
[  27% ] [90m[1msavepack[22m | Storing File: res://.godot/imported/proc_extra_101_normal.jpg-fe11fde0f4ffb9bbe4e40d393fd69d8e.ctex[39m[0m
[  27% ] [90m[1msavepack[22m | Storing File: res://assets/textures/harvest/proc/proc_extra_101_normal.jpg.import[39m[0m
[  27% ] [90m[1msavepack[22m | Storing File: res://.godot/imported/proc_extra_101_rough.jpg-27c106888c4be1bcbf6dc7edaf26b5cb.ctex[39m[0m
[  27% ] [90m[1msavepack[22m | Storing File: res://assets/textures/harvest/proc/proc_extra_101_rough.jpg.import[39m[0m
[  27% ] [90m[1msavepack[22m | Storing File: res://.godot/imported/proc_extra_102_albedo.jpg-327c554b5c70fc7d9f6467f6fc9938b2.ctex[39m[0m
[  27% ] [90m[1msavepack[22m | Storing File: res://assets/textures/harvest/proc/proc_extra_102_albedo.jpg.import[39m[0m
[  27% ] [90m[1msavepack[22m | Storing File: res://.godot/imported/proc_extra_102_normal.jpg-da799e13e73c32caaf373ea4771b7197.ctex[39m[0m
[  27% ] [90m[1msavepack[22m | Storing File: res://assets/textures/harvest/proc/proc_extra_102_normal.jpg.import[39m[0m
[  27% ] [90m[1msavepack[22m | Storing File: res://.godot/imported/proc_extra_102_rough.jpg-f2b1409c71ff08fa4703654c4435b2d0.ctex[39m[0m
[  27% ] [90m[1msavepack[22m | Storing File: res://assets/textures/harvest/proc/proc_extra_102_rough.jpg.import[39m[0m
[  27% ] [90m[1msavepack[22m | Storing File: res://.godot/imported/proc_extra_103_albedo.jpg-5b0c698640ee8021c073aafaa1924af2.ctex[39m[0m
[  27% ] [90m[1msavepack[22m | Storing File: res://assets/textures/harvest/proc/proc_extra_103_albedo.jpg.import[39m[0m
[  27% ] [90m[1msavepack[22m | Storing File: res://.godot/imported/proc_extra_103_normal.jpg-91441aa865540786a7eba9b56f488ad1.ctex[39m[0m
[  27% ] [90m[1msavepack[22m | Storing File: res://assets/textures/harvest/proc/proc_extra_103_normal.jpg.import[39m[0m
[  27% ] [90m[1msavepack[22m | Storing File: res://.godot/imported/proc_extra_103_rough.jpg-aabff5cf616eb8b7989c4f24627928e7.ctex[39m[0m
[  27% ] [90m[1msavepack[22m | Storing File: res://assets/textures/harvest/proc/proc_extra_103_rough.jpg.import[39m[0m
[  27% ] [90m[1msavepack[22m | Storing File: res://.godot/imported/proc_extra_104_albedo.jpg-75923836fd24f93477006086122cfb50.ctex[39m[0m
[  27% ] [90m[1msavepack[22m | Storing File: res://assets/textures/harvest/proc/proc_extra_104_albedo.jpg.import[39m[0m
[  27% ] [90m[1msavepack[22m | Storing File: res://.godot/imported/proc_extra_104_normal.jpg-f242f22d575e6fcf3854a9541de03dc0.ctex[39m[0m
[  27% ] [90m[1msavepack[22m | Storing File: res://assets/textures/harvest/proc/proc_extra_104_normal.jpg.import[39m[0m
[  27% ] [90m[1msavepack[22m | Storing File: res://.godot/imported/proc_extra_104_rough.jpg-708254bc6596aa37b69a74ab3191e998.ctex[39m[0m
[  27% ] [90m[1msavepack[22m | Storing File: res://assets/textures/harvest/proc/proc_extra_104_rough.jpg.import[39m[0m
[  27% ] [90m[1msavepack[22m | Storing File: res://.godot/imported/proc_extra_105_albedo.jpg-259ef6d6995eb35057eeabac55672c2d.ctex[39m[0m
[  27% ] [90m[1msavepack[22m | Storing File: res://assets/textures/harvest/proc/proc_extra_105_albedo.jpg.import[39m[0m
[  27% ] [90m[1msavepack[22m | Storing File: res://.godot/imported/proc_extra_105_normal.jpg-c220b2180e099db2b4896f925b0ecdd4.ctex[39m[0m
[  27% ] [90m[1msavepack[22m | Storing File: res://assets/textures/harvest/proc/proc_extra_105_normal.jpg.import[39m[0m
[  27% ] [90m[1msavepack[22m | Storing File: res://.godot/imported/proc_extra_105_rough.jpg-3a8b7a56342bbef8247293be9db19ab5.ctex[39m[0m
[  27% ] [90m[1msavepack[22m | Storing File: res://assets/textures/harvest/proc/proc_extra_105_rough.jpg.import[39m[0m
[  27% ] [90m[1msavepack[22m | Storing File: res://.godot/imported/proc_extra_106_albedo.jpg-b3c40753e86b2c2cf6ae6a8c6dc3c572.ctex[39m[0m
[  27% ] [90m[1msavepack[22m | Storing File: res://assets/textures/harvest/proc/proc_extra_106_albedo.jpg.import[39m[0m
[  27% ] [90m[1msavepack[22m | Storing File: res://.godot/imported/proc_extra_106_normal.jpg-278c4c0e946d691bea3efa4b050d66b5.ctex[39m[0m
[  27% ] [90m[1msavepack[22m | Storing File: res://assets/textures/harvest/proc/proc_extra_106_normal.jpg.import[39m[0m
[  27% ] [90m[1msavepack[22m | Storing File: res://.godot/imported/proc_extra_106_rough.jpg-796d8ddf79f77d2f298a22f14f3fdf16.ctex[39m[0m
[  27% ] [90m[1msavepack[22m | Storing File: res://assets/textures/harvest/proc/proc_extra_106_rough.jpg.import[39m[0m
[  27% ] [90m[1msavepack[22m | Storing File: res://.godot/imported/proc_extra_107_albedo.jpg-4ec4a8595d34a1c735eb4b695b42e351.ctex[39m[0m
[  27% ] [90m[1msavepack[22m | Storing File: res://assets/textures/harvest/proc/proc_extra_107_albedo.jpg.import[39m[0m
[  28% ] [90m[1msavepack[22m | Storing File: res://.godot/imported/proc_extra_107_normal.jpg-5ff2dcc2bbb176117d987ec1992ec936.ctex[39m[0m
[  28% ] [90m[1msavepack[22m | Storing File: res://assets/textures/harvest/proc/proc_extra_107_normal.jpg.import[39m[0m
[  28% ] [90m[1msavepack[22m | Storing File: res://.godot/imported/proc_extra_107_rough.jpg-eb2dbe3538585bf77b14d56ffb78c976.ctex[39m[0m
[  28% ] [90m[1msavepack[22m | Storing File: res://assets/textures/harvest/proc/proc_extra_107_rough.jpg.import[39m[0m
[  28% ] [90m[1msavepack[22m | Storing File: res://.godot/imported/proc_extra_108_albedo.jpg-e2e595a94882627bf1c165bca40464c4.ctex[39m[0m
[  28% ] [90m[1msavepack[22m | Storing File: res://assets/textures/harvest/proc/proc_extra_108_albedo.jpg.import[39m[0m
[  28% ] [90m[1msavepack[22m | Storing File: res://.godot/imported/proc_extra_108_normal.jpg-be5147679c305e6765f5f46568de6748.ctex[39m[0m
[  28% ] [90m[1msavepack[22m | Storing File: res://assets/textures/harvest/proc/proc_extra_108_normal.jpg.import[39m[0m
[  28% ] [90m[1msavepack[22m | Storing File: res://.godot/imported/proc_extra_108_rough.jpg-7a3675594c031636b5a2e1d931db92e8.ctex[39m[0m
[  28% ] [90m[1msavepack[22m | Storing File: res://assets/textures/harvest/proc/proc_extra_108_rough.jpg.import[39m[0m
[  28% ] [90m[1msavepack[22m | Storing File: res://.godot/imported/proc_extra_109_albedo.jpg-d6cdd116f6c815b1e48284fe5e668036.ctex[39m[0m
[  28% ] [90m[1msavepack[22m | Storing File: res://assets/textures/harvest/proc/proc_extra_109_albedo.jpg.import[39m[0m
[  28% ] [90m[1msavepack[22m | Storing File: res://.godot/imported/proc_extra_109_normal.jpg-aad7c29adac952b95c7e44b7a5a4339c.ctex[39m[0m
[  28% ] [90m[1msavepack[22m | Storing File: res://assets/textures/harvest/proc/proc_extra_109_normal.jpg.import[39m[0m
[  28% ] [90m[1msavepack[22m | Storing File: res://.godot/imported/proc_extra_109_rough.jpg-43212dd6d133c10c36e8d25228894afa.ctex[39m[0m
[  28% ] [90m[1msavepack[22m | Storing File: res://assets/textures/harvest/proc/proc_extra_109_rough.jpg.import[39m[0m
[  28% ] [90m[1msavepack[22m | Storing File: res://.godot/imported/proc_extra_110_albedo.jpg-f284374782f6f4907327685d90f8b28b.ctex[39m[0m
[  28% ] [90m[1msavepack[22m | Storing File: res://assets/textures/harvest/proc/proc_extra_110_albedo.jpg.import[39m[0m
[  28% ] [90m[1msavepack[22m | Storing File: res://.godot/imported/proc_extra_110_normal.jpg-f7f884959ba442202b4d8de58b039d4d.ctex[39m[0m
[  28% ] [90m[1msavepack[22m | Storing File: res://assets/textures/harvest/proc/proc_extra_110_normal.jpg.import[39m[0m
[  28% ] [90m[1msavepack[22m | Storing File: res://.godot/imported/proc_extra_110_rough.jpg-08063fd0b1ce777c0c5f8c122748f361.ctex[39m[0m
[  28% ] [90m[1msavepack[22m | Storing File: res://assets/textures/harvest/proc/proc_extra_110_rough.jpg.import[39m[0m
[  28% ] [90m[1msavepack[22m | Storing File: res://.godot/imported/proc_extra_111_albedo.jpg-fb5dbcd594eac8501984147126e6a25f.ctex[39m[0m
[  28% ] [90m[1msavepack[22m | Storing File: res://assets/textures/harvest/proc/proc_extra_111_albedo.jpg.import[39m[0m
[  28% ] [90m[1msavepack[22m | Storing File: res://.godot/imported/proc_extra_111_normal.jpg-79fbd7a0e8a33398b1efe5d73f374446.ctex[39m[0m
[  28% ] [90m[1msavepack[22m | Storing File: res://assets/textures/harvest/proc/proc_extra_111_normal.jpg.import[39m[0m
[  28% ] [90m[1msavepack[22m | Storing File: res://.godot/imported/proc_extra_111_rough.jpg-7edfd1e0bf9a327632fa3498e3e9a4d0.ctex[39m[0m
[  28% ] [90m[1msavepack[22m | Storing File: res://assets/textures/harvest/proc/proc_extra_111_rough.jpg.import[39m[0m
[  28% ] [90m[1msavepack[22m | Storing File: res://.godot/imported/proc_extra_112_albedo.jpg-05c9b9e629d29a109c9b9a515756db34.ctex[39m[0m
[  28% ] [90m[1msavepack[22m | Storing File: res://assets/textures/harvest/proc/proc_extra_112_albedo.jpg.import[39m[0m
[  28% ] [90m[1msavepack[22m | Storing File: res://.godot/imported/proc_extra_112_normal.jpg-4143f3de7c1968f618bfe18459e0ecb5.ctex[39m[0m
[  28% ] [90m[1msavepack[22m | Storing File: res://assets/textures/harvest/proc/proc_extra_112_normal.jpg.import[39m[0m
[  28% ] [90m[1msavepack[22m | Storing File: res://.godot/imported/proc_extra_112_rough.jpg-2c25250f50648e4122f2ff63f9df06cb.ctex[39m[0m
[  28% ] [90m[1msavepack[22m | Storing File: res://assets/textures/harvest/proc/proc_extra_112_rough.jpg.import[39m[0m
[  28% ] [90m[1msavepack[22m | Storing File: res://.godot/imported/proc_extra_113_albedo.jpg-9d4498fb134b738e16c725a77ccf79fb.ctex[39m[0m
[  28% ] [90m[1msavepack[22m | Storing File: res://assets/textures/harvest/proc/proc_extra_113_albedo.jpg.import[39m[0m
[  28% ] [90m[1msavepack[22m | Storing File: res://.godot/imported/proc_extra_113_normal.jpg-21ce5fe33625936e20193f6bf4ff1192.ctex[39m[0m
[  28% ] [90m[1msavepack[22m | Storing File: res://assets/textures/harvest/proc/proc_extra_113_normal.jpg.import[39m[0m
[  29% ] [90m[1msavepack[22m | Storing File: res://.godot/imported/proc_extra_113_rough.jpg-b504cb34c83df724924c7a451f218e70.ctex[39m[0m
[  29% ] [90m[1msavepack[22m | Storing File: res://assets/textures/harvest/proc/proc_extra_113_rough.jpg.import[39m[0m
[  29% ] [90m[1msavepack[22m | Storing File: res://.godot/imported/proc_extra_114_albedo.jpg-6819682fbbe2179de8d1b2803384e481.ctex[39m[0m
[  29% ] [90m[1msavepack[22m | Storing File: res://assets/textures/harvest/proc/proc_extra_114_albedo.jpg.import[39m[0m
[  29% ] [90m[1msavepack[22m | Storing File: res://.godot/imported/proc_extra_114_normal.jpg-e2bac7d1b8e538c3e7065cd2b07f22fc.ctex[39m[0m
[  29% ] [90m[1msavepack[22m | Storing File: res://assets/textures/harvest/proc/proc_extra_114_normal.jpg.import[39m[0m
[  29% ] [90m[1msavepack[22m | Storing File: res://.godot/imported/proc_extra_114_rough.jpg-84e967c3fa2f5fc614b87b9ee0e84c80.ctex[39m[0m
[  29% ] [90m[1msavepack[22m | Storing File: res://assets/textures/harvest/proc/proc_extra_114_rough.jpg.import[39m[0m
[  29% ] [90m[1msavepack[22m | Storing File: res://.godot/imported/proc_extra_115_albedo.jpg-4e6a9828b9a1f85e448d0a710fdf86fe.ctex[39m[0m
[  29% ] [90m[1msavepack[22m | Storing File: res://assets/textures/harvest/proc/proc_extra_115_albedo.jpg.import[39m[0m
[  29% ] [90m[1msavepack[22m | Storing File: res://.godot/imported/proc_extra_115_normal.jpg-04bbd6aa2037e358be73214f5c679762.ctex[39m[0m
[  29% ] [90m[1msavepack[22m | Storing File: res://assets/textures/harvest/proc/proc_extra_115_normal.jpg.import[39m[0m
[  29% ] [90m[1msavepack[22m | Storing File: res://.godot/imported/proc_extra_115_rough.jpg-ad54a8ed795cbd68371ef0bc1cd76bf6.ctex[39m[0m
[  29% ] [90m[1msavepack[22m | Storing File: res://assets/textures/harvest/proc/proc_extra_115_rough.jpg.import[39m[0m
[  29% ] [90m[1msavepack[22m | Storing File: res://.godot/imported/proc_extra_116_albedo.jpg-e817a1d175c18ca1babe8bd3cca5c285.ctex[39m[0m
[  29% ] [90m[1msavepack[22m | Storing File: res://assets/textures/harvest/proc/proc_extra_116_albedo.jpg.import[39m[0m
[  29% ] [90m[1msavepack[22m | Storing File: res://.godot/imported/proc_extra_116_normal.jpg-b7da66617f6b6c18bb67a3eda7cad4b9.ctex[39m[0m
[  29% ] [90m[1msavepack[22m | Storing File: res://assets/textures/harvest/proc/proc_extra_116_normal.jpg.import[39m[0m
[  29% ] [90m[1msavepack[22m | Storing File: res://.godot/imported/proc_extra_116_rough.jpg-15e6da963ec74e8013cfeeaaae981856.ctex[39m[0m
[  29% ] [90m[1msavepack[22m | Storing File: res://assets/textures/harvest/proc/proc_extra_116_rough.jpg.import[39m[0m
[  29% ] [90m[1msavepack[22m | Storing File: res://.godot/imported/proc_extra_117_albedo.jpg-caab9500cec4d6c607f22e11c6b2597d.ctex[39m[0m
[  29% ] [90m[1msavepack[22m | Storing File: res://assets/textures/harvest/proc/proc_extra_117_albedo.jpg.import[39m[0m
[  29% ] [90m[1msavepack[22m | Storing File: res://.godot/imported/proc_extra_117_normal.jpg-e048a106e3136544191a32997ca8edc4.ctex[39m[0m
[  29% ] [90m[1msavepack[22m | Storing File: res://assets/textures/harvest/proc/proc_extra_117_normal.jpg.import[39m[0m
[  29% ] [90m[1msavepack[22m | Storing File: res://.godot/imported/proc_extra_117_rough.jpg-390888a170f0ee2febc6d95593e8cd27.ctex[39m[0m
[  29% ] [90m[1msavepack[22m | Storing File: res://assets/textures/harvest/proc/proc_extra_117_rough.jpg.import[39m[0m
[  29% ] [90m[1msavepack[22m | Storing File: res://.godot/imported/proc_extra_118_albedo.jpg-a1965adec85f3ebbf85fe74178d5e813.ctex[39m[0m
[  29% ] [90m[1msavepack[22m | Storing File: res://assets/textures/harvest/proc/proc_extra_118_albedo.jpg.import[39m[0m
[  29% ] [90m[1msavepack[22m | Storing File: res://.godot/imported/proc_extra_118_normal.jpg-ca422f8deb8dd412ffb545f9d35ccb04.ctex[39m[0m
[  29% ] [90m[1msavepack[22m | Storing File: res://assets/textures/harvest/proc/proc_extra_118_normal.jpg.import[39m[0m
[  29% ] [90m[1msavepack[22m | Storing File: res://.godot/imported/proc_extra_118_rough.jpg-9f1ad471372f4453bbe2e5920cfe4ac7.ctex[39m[0m
[  29% ] [90m[1msavepack[22m | Storing File: res://assets/textures/harvest/proc/proc_extra_118_rough.jpg.import[39m[0m
[  29% ] [90m[1msavepack[22m | Storing File: res://.godot/imported/proc_extra_119_albedo.jpg-08172885f9afb0cb6f551415d9b0740f.ctex[39m[0m
[  29% ] [90m[1msavepack[22m | Storing File: res://assets/textures/harvest/proc/proc_extra_119_albedo.jpg.import[39m[0m
[  29% ] [90m[1msavepack[22m | Storing File: res://.godot/imported/proc_extra_119_normal.jpg-e0c9cf7d1ad11e45aa91cd8fbdbfa6d5.ctex[39m[0m
[  29% ] [90m[1msavepack[22m | Storing File: res://assets/textures/harvest/proc/proc_extra_119_normal.jpg.import[39m[0m
[  29% ] [90m[1msavepack[22m | Storing File: res://.godot/imported/proc_extra_119_rough.jpg-a3632e15c55104602a73a07a57fb460a.ctex[39m[0m
[  29% ] [90m[1msavepack[22m | Storing File: res://assets/textures/harvest/proc/proc_extra_119_rough.jpg.import[39m[0m
[  30% ] [90m[1msavepack[22m | Storing File: res://.godot/imported/proc_extra_120_albedo.jpg-ce97350c1fd55401c60735310f98ba6a.ctex[39m[0m
[  30% ] [90m[1msavepack[22m | Storing File: res://assets/textures/harvest/proc/proc_extra_120_albedo.jpg.import[39m[0m
[  30% ] [90m[1msavepack[22m | Storing File: res://.godot/imported/proc_extra_120_normal.jpg-bda8106271ec8f227d598f9f90948ca2.ctex[39m[0m
[  30% ] [90m[1msavepack[22m | Storing File: res://assets/textures/harvest/proc/proc_extra_120_normal.jpg.import[39m[0m
[  30% ] [90m[1msavepack[22m | Storing File: res://.godot/imported/proc_extra_120_rough.jpg-b383b505c01cb62acd70f4386ae59e53.ctex[39m[0m
[  30% ] [90m[1msavepack[22m | Storing File: res://assets/textures/harvest/proc/proc_extra_120_rough.jpg.import[39m[0m
[  30% ] [90m[1msavepack[22m | Storing File: res://.godot/imported/proc_extra_121_albedo.jpg-2d5c4ac6ba6c5eafa1a20348356a0b1f.ctex[39m[0m
[  30% ] [90m[1msavepack[22m | Storing File: res://assets/textures/harvest/proc/proc_extra_121_albedo.jpg.import[39m[0m
[  30% ] [90m[1msavepack[22m | Storing File: res://.godot/imported/proc_extra_121_normal.jpg-dc2d3dc1ca1e7895eb5dfa6086c19527.ctex[39m[0m
[  30% ] [90m[1msavepack[22m | Storing File: res://assets/textures/harvest/proc/proc_extra_121_normal.jpg.import[39m[0m
[  30% ] [90m[1msavepack[22m | Storing File: res://.godot/imported/proc_extra_121_rough.jpg-686250f9b1e9bd28a5a1b5892f03d66d.ctex[39m[0m
[  30% ] [90m[1msavepack[22m | Storing File: res://assets/textures/harvest/proc/proc_extra_121_rough.jpg.import[39m[0m
[  30% ] [90m[1msavepack[22m | Storing File: res://.godot/imported/proc_extra_122_albedo.jpg-0c99457bcf412e7a82e028f99191ebe4.ctex[39m[0m
[  30% ] [90m[1msavepack[22m | Storing File: res://assets/textures/harvest/proc/proc_extra_122_albedo.jpg.import[39m[0m
[  30% ] [90m[1msavepack[22m | Storing File: res://.godot/imported/proc_extra_122_normal.jpg-0dcebc4de8c181df00571d8e253366bf.ctex[39m[0m
[  30% ] [90m[1msavepack[22m | Storing File: res://assets/textures/harvest/proc/proc_extra_122_normal.jpg.import[39m[0m
[  30% ] [90m[1msavepack[22m | Storing File: res://.godot/imported/proc_extra_122_rough.jpg-c5d6e9c977540b99884058371ce94915.ctex[39m[0m
[  30% ] [90m[1msavepack[22m | Storing File: res://assets/textures/harvest/proc/proc_extra_122_rough.jpg.import[39m[0m
[  30% ] [90m[1msavepack[22m | Storing File: res://.godot/imported/proc_extra_123_albedo.jpg-61eed030be48605532bd7b697c0da5cc.ctex[39m[0m
[  30% ] [90m[1msavepack[22m | Storing File: res://assets/textures/harvest/proc/proc_extra_123_albedo.jpg.import[39m[0m
[  30% ] [90m[1msavepack[22m | Storing File: res://.godot/imported/proc_extra_123_normal.jpg-1759b5a2e48cfe273d1220abda48add8.ctex[39m[0m
[  30% ] [90m[1msavepack[22m | Storing File: res://assets/textures/harvest/proc/proc_extra_123_normal.jpg.import[39m[0m
[  30% ] [90m[1msavepack[22m | Storing File: res://.godot/imported/proc_extra_123_rough.jpg-afcade0a8752dbdce650eb0c091d9807.ctex[39m[0m
[  30% ] [90m[1msavepack[22m | Storing File: res://assets/textures/harvest/proc/proc_extra_123_rough.jpg.import[39m[0m
[  30% ] [90m[1msavepack[22m | Storing File: res://.godot/imported/proc_extra_124_albedo.jpg-263d5a4c93006d2b9ed60e0638a2faff.ctex[39m[0m
[  30% ] [90m[1msavepack[22m | Storing File: res://assets/textures/harvest/proc/proc_extra_124_albedo.jpg.import[39m[0m
[  30% ] [90m[1msavepack[22m | Storing File: res://.godot/imported/proc_extra_124_normal.jpg-675eccbe192c18a03653f194fe9bfdd8.ctex[39m[0m
[  30% ] [90m[1msavepack[22m | Storing File: res://assets/textures/harvest/proc/proc_extra_124_normal.jpg.import[39m[0m
[  30% ] [90m[1msavepack[22m | Storing File: res://.godot/imported/proc_extra_124_rough.jpg-777094ce4779fedd5e5ac2c89a6fc14a.ctex[39m[0m
[  30% ] [90m[1msavepack[22m | Storing File: res://assets/textures/harvest/proc/proc_extra_124_rough.jpg.import[39m[0m
[  30% ] [90m[1msavepack[22m | Storing File: res://.godot/imported/proc_extra_125_albedo.jpg-f091c92317f71d3765fe4ac29eaf28e5.ctex[39m[0m
[  30% ] [90m[1msavepack[22m | Storing File: res://assets/textures/harvest/proc/proc_extra_125_albedo.jpg.import[39m[0m
[  30% ] [90m[1msavepack[22m | Storing File: res://.godot/imported/proc_extra_125_normal.jpg-a802c26da03557d1187f494828b37a83.ctex[39m[0m
[  30% ] [90m[1msavepack[22m | Storing File: res://assets/textures/harvest/proc/proc_extra_125_normal.jpg.import[39m[0m
[  30% ] [90m[1msavepack[22m | Storing File: res://.godot/imported/proc_extra_125_rough.jpg-845afcbf16912fdc21bf823d960def9d.ctex[39m[0m
[  30% ] [90m[1msavepack[22m | Storing File: res://assets/textures/harvest/proc/proc_extra_125_rough.jpg.import[39m[0m
[  30% ] [90m[1msavepack[22m | Storing File: res://.godot/imported/proc_extra_126_albedo.jpg-4e53d13259d4ec6c9ee8ec02910d34a5.ctex[39m[0m
[  30% ] [90m[1msavepack[22m | Storing File: res://assets/textures/harvest/proc/proc_extra_126_albedo.jpg.import[39m[0m
[  31% ] [90m[1msavepack[22m | Storing File: res://.godot/imported/proc_extra_126_normal.jpg-eedbce80fadfc9d345dd36ceb92bbb0d.ctex[39m[0m
[  31% ] [90m[1msavepack[22m | Storing File: res://assets/textures/harvest/proc/proc_extra_126_normal.jpg.import[39m[0m
[  31% ] [90m[1msavepack[22m | Storing File: res://.godot/imported/proc_extra_126_rough.jpg-bc1ee21eb688d5e3c2c2e4225d8f0b72.ctex[39m[0m
[  31% ] [90m[1msavepack[22m | Storing File: res://assets/textures/harvest/proc/proc_extra_126_rough.jpg.import[39m[0m
[  31% ] [90m[1msavepack[22m | Storing File: res://.godot/imported/proc_extra_127_albedo.jpg-e49af10f01c40d1f562a5f836ef2a775.ctex[39m[0m
[  31% ] [90m[1msavepack[22m | Storing File: res://assets/textures/harvest/proc/proc_extra_127_albedo.jpg.import[39m[0m
[  31% ] [90m[1msavepack[22m | Storing File: res://.godot/imported/proc_extra_127_normal.jpg-232540c9f48dc0fa7b04eebc204c0313.ctex[39m[0m
[  31% ] [90m[1msavepack[22m | Storing File: res://assets/textures/harvest/proc/proc_extra_127_normal.jpg.import[39m[0m
[  31% ] [90m[1msavepack[22m | Storing File: res://.godot/imported/proc_extra_127_rough.jpg-4be486fc647a88185d09650261092cb0.ctex[39m[0m
[  31% ] [90m[1msavepack[22m | Storing File: res://assets/textures/harvest/proc/proc_extra_127_rough.jpg.import[39m[0m
[  31% ] [90m[1msavepack[22m | Storing File: res://.godot/imported/proc_extra_128_albedo.jpg-189c27dace49c5a476357d2835556f9e.ctex[39m[0m
[  31% ] [90m[1msavepack[22m | Storing File: res://assets/textures/harvest/proc/proc_extra_128_albedo.jpg.import[39m[0m
[  31% ] [90m[1msavepack[22m | Storing File: res://.godot/imported/proc_extra_128_normal.jpg-fbf7f201fc2e07dd8256aa2c1567b79a.ctex[39m[0m
[  31% ] [90m[1msavepack[22m | Storing File: res://assets/textures/harvest/proc/proc_extra_128_normal.jpg.import[39m[0m
[  31% ] [90m[1msavepack[22m | Storing File: res://.godot/imported/proc_extra_128_rough.jpg-f4511b7f01fbbf7983453dc644085fe6.ctex[39m[0m
[  31% ] [90m[1msavepack[22m | Storing File: res://assets/textures/harvest/proc/proc_extra_128_rough.jpg.import[39m[0m
[  31% ] [90m[1msavepack[22m | Storing File: res://.godot/imported/proc_extra_129_albedo.jpg-689287b697c875964659ab7dddc4aa2e.ctex[39m[0m
[  31% ] [90m[1msavepack[22m | Storing File: res://assets/textures/harvest/proc/proc_extra_129_albedo.jpg.import[39m[0m
[  31% ] [90m[1msavepack[22m | Storing File: res://.godot/imported/proc_extra_129_normal.jpg-6f54624b425f5088251e09fd7fff06f0.ctex[39m[0m
[  31% ] [90m[1msavepack[22m | Storing File: res://assets/textures/harvest/proc/proc_extra_129_normal.jpg.import[39m[0m
[  31% ] [90m[1msavepack[22m | Storing File: res://.godot/imported/proc_extra_129_rough.jpg-c5df0e1ade4ca25d423f7efe333636e5.ctex[39m[0m
[  31% ] [90m[1msavepack[22m | Storing File: res://assets/textures/harvest/proc/proc_extra_129_rough.jpg.import[39m[0m
[  31% ] [90m[1msavepack[22m | Storing File: res://.godot/imported/proc_extra_130_albedo.jpg-324ed6df38dc6ffe65f3f93b8663816a.ctex[39m[0m
[  31% ] [90m[1msavepack[22m | Storing File: res://assets/textures/harvest/proc/proc_extra_130_albedo.jpg.import[39m[0m
[  31% ] [90m[1msavepack[22m | Storing File: res://.godot/imported/proc_extra_130_normal.jpg-0deaffe163d98a707d8dbef668b85e1f.ctex[39m[0m
[  31% ] [90m[1msavepack[22m | Storing File: res://assets/textures/harvest/proc/proc_extra_130_normal.jpg.import[39m[0m
[  31% ] [90m[1msavepack[22m | Storing File: res://.godot/imported/proc_extra_130_rough.jpg-1c9da142e16776c58e47b60e8bbd34c2.ctex[39m[0m
[  31% ] [90m[1msavepack[22m | Storing File: res://assets/textures/harvest/proc/proc_extra_130_rough.jpg.import[39m[0m
[  31% ] [90m[1msavepack[22m | Storing File: res://.godot/imported/proc_extra_131_albedo.jpg-8326e8a0e3d0fd18a56c43544c7cd771.ctex[39m[0m
[  31% ] [90m[1msavepack[22m | Storing File: res://assets/textures/harvest/proc/proc_extra_131_albedo.jpg.import[39m[0m
[  31% ] [90m[1msavepack[22m | Storing File: res://.godot/imported/proc_extra_131_normal.jpg-9c52cf08f1acad40b597d7b9d60cb430.ctex[39m[0m
[  31% ] [90m[1msavepack[22m | Storing File: res://assets/textures/harvest/proc/proc_extra_131_normal.jpg.import[39m[0m
[  31% ] [90m[1msavepack[22m | Storing File: res://.godot/imported/proc_extra_131_rough.jpg-eb5cc861251f8d5e770d87336f9f8216.ctex[39m[0m
[  31% ] [90m[1msavepack[22m | Storing File: res://assets/textures/harvest/proc/proc_extra_131_rough.jpg.import[39m[0m
[  31% ] [90m[1msavepack[22m | Storing File: res://.godot/imported/proc_extra_132_albedo.jpg-f12337a557a7c041fa8a94af7751d8c3.ctex[39m[0m
[  31% ] [90m[1msavepack[22m | Storing File: res://assets/textures/harvest/proc/proc_extra_132_albedo.jpg.import[39m[0m
[  31% ] [90m[1msavepack[22m | Storing File: res://.godot/imported/proc_extra_132_normal.jpg-812a4a3eeab8ba9e09ba58edd4460948.ctex[39m[0m
[  31% ] [90m[1msavepack[22m | Storing File: res://assets/textures/harvest/proc/proc_extra_132_normal.jpg.import[39m[0m
[  32% ] [90m[1msavepack[22m | Storing File: res://.godot/imported/proc_extra_132_rough.jpg-3d70b2f1c175bc810a25a5a80fd1801a.ctex[39m[0m
[  32% ] [90m[1msavepack[22m | Storing File: res://assets/textures/harvest/proc/proc_extra_132_rough.jpg.import[39m[0m
[  32% ] [90m[1msavepack[22m | Storing File: res://.godot/imported/proc_extra_133_albedo.jpg-f0583ec86057f1a63415de36a5b1fef3.ctex[39m[0m
[  32% ] [90m[1msavepack[22m | Storing File: res://assets/textures/harvest/proc/proc_extra_133_albedo.jpg.import[39m[0m
[  32% ] [90m[1msavepack[22m | Storing File: res://.godot/imported/proc_extra_133_normal.jpg-1e08312621c6b806ee0b61a1d1001adc.ctex[39m[0m
[  32% ] [90m[1msavepack[22m | Storing File: res://assets/textures/harvest/proc/proc_extra_133_normal.jpg.import[39m[0m
[  32% ] [90m[1msavepack[22m | Storing File: res://.godot/imported/proc_extra_133_rough.jpg-7d69b654e5eada54027c292d1e638552.ctex[39m[0m
[  32% ] [90m[1msavepack[22m | Storing File: res://assets/textures/harvest/proc/proc_extra_133_rough.jpg.import[39m[0m
[  32% ] [90m[1msavepack[22m | Storing File: res://.godot/imported/proc_extra_134_albedo.jpg-a02207e831110ff90a9063adb7eaf81b.ctex[39m[0m
[  32% ] [90m[1msavepack[22m | Storing File: res://assets/textures/harvest/proc/proc_extra_134_albedo.jpg.import[39m[0m
[  32% ] [90m[1msavepack[22m | Storing File: res://.godot/imported/proc_extra_134_normal.jpg-2dd43f91daa49233d08471ef4398edbf.ctex[39m[0m
[  32% ] [90m[1msavepack[22m | Storing File: res://assets/textures/harvest/proc/proc_extra_134_normal.jpg.import[39m[0m
[  32% ] [90m[1msavepack[22m | Storing File: res://.godot/imported/proc_extra_134_rough.jpg-7c4ccccbec31258aaa82b5d231f03939.ctex[39m[0m
[  32% ] [90m[1msavepack[22m | Storing File: res://assets/textures/harvest/proc/proc_extra_134_rough.jpg.import[39m[0m
[  32% ] [90m[1msavepack[22m | Storing File: res://.godot/imported/proc_extra_135_albedo.jpg-f5efb4211083e4b19479f36cc2889f0f.ctex[39m[0m
[  32% ] [90m[1msavepack[22m | Storing File: res://assets/textures/harvest/proc/proc_extra_135_albedo.jpg.import[39m[0m
[  32% ] [90m[1msavepack[22m | Storing File: res://.godot/imported/proc_extra_135_normal.jpg-b6de36806baefaf4a1a732a7fbeb0f6b.ctex[39m[0m
[  32% ] [90m[1msavepack[22m | Storing File: res://assets/textures/harvest/proc/proc_extra_135_normal.jpg.import[39m[0m
[  32% ] [90m[1msavepack[22m | Storing File: res://.godot/imported/proc_extra_135_rough.jpg-a2e17b33edbdaa632f06a695876ed52b.ctex[39m[0m
[  32% ] [90m[1msavepack[22m | Storing File: res://assets/textures/harvest/proc/proc_extra_135_rough.jpg.import[39m[0m
[  32% ] [90m[1msavepack[22m | Storing File: res://.godot/imported/proc_extra_136_albedo.jpg-d80be838c3ac4616199fb6af0633b4ea.ctex[39m[0m
[  32% ] [90m[1msavepack[22m | Storing File: res://assets/textures/harvest/proc/proc_extra_136_albedo.jpg.import[39m[0m
[  32% ] [90m[1msavepack[22m | Storing File: res://.godot/imported/proc_extra_136_normal.jpg-8aafea896a14044d84a683d2fe1e7b77.ctex[39m[0m
[  32% ] [90m[1msavepack[22m | Storing File: res://assets/textures/harvest/proc/proc_extra_136_normal.jpg.import[39m[0m
[  32% ] [90m[1msavepack[22m | Storing File: res://.godot/imported/proc_extra_136_rough.jpg-2ca6bb88109dac7478cb122ebc3f2768.ctex[39m[0m
[  32% ] [90m[1msavepack[22m | Storing File: res://assets/textures/harvest/proc/proc_extra_136_rough.jpg.import[39m[0m
[  32% ] [90m[1msavepack[22m | Storing File: res://.godot/imported/proc_extra_137_albedo.jpg-3eb819e368d9e8712d6979eab594065c.ctex[39m[0m
[  32% ] [90m[1msavepack[22m | Storing File: res://assets/textures/harvest/proc/proc_extra_137_albedo.jpg.import[39m[0m
[  32% ] [90m[1msavepack[22m | Storing File: res://.godot/imported/proc_extra_137_normal.jpg-f594c5cae92a6949d00a9639dd2b15a4.ctex[39m[0m
[  32% ] [90m[1msavepack[22m | Storing File: res://assets/textures/harvest/proc/proc_extra_137_normal.jpg.import[39m[0m
[  32% ] [90m[1msavepack[22m | Storing File: res://.godot/imported/proc_extra_137_rough.jpg-6a16c67a58d56be3a7582577bf41797a.ctex[39m[0m
[  32% ] [90m[1msavepack[22m | Storing File: res://assets/textures/harvest/proc/proc_extra_137_rough.jpg.import[39m[0m
[  32% ] [90m[1msavepack[22m | Storing File: res://.godot/imported/proc_extra_138_albedo.jpg-ce1a1eb8e769845a8077f0cc8c49855a.ctex[39m[0m
[  32% ] [90m[1msavepack[22m | Storing File: res://assets/textures/harvest/proc/proc_extra_138_albedo.jpg.import[39m[0m
[  32% ] [90m[1msavepack[22m | Storing File: res://.godot/imported/proc_extra_138_normal.jpg-5df02008302f6070cce87515f92bb2a7.ctex[39m[0m
[  32% ] [90m[1msavepack[22m | Storing File: res://assets/textures/harvest/proc/proc_extra_138_normal.jpg.import[39m[0m
[  32% ] [90m[1msavepack[22m | Storing File: res://.godot/imported/proc_extra_138_rough.jpg-710f192c6dac6cdb1140441aa211237b.ctex[39m[0m
[  32% ] [90m[1msavepack[22m | Storing File: res://assets/textures/harvest/proc/proc_extra_138_rough.jpg.import[39m[0m
[  33% ] [90m[1msavepack[22m | Storing File: res://.godot/imported/proc_extra_139_albedo.jpg-92a780a6bd131a6f57be4c47444253fe.ctex[39m[0m
[  33% ] [90m[1msavepack[22m | Storing File: res://assets/textures/harvest/proc/proc_extra_139_albedo.jpg.import[39m[0m
[  33% ] [90m[1msavepack[22m | Storing File: res://.godot/imported/proc_extra_139_normal.jpg-b18927e180b35c6710661f80110efe5d.ctex[39m[0m
[  33% ] [90m[1msavepack[22m | Storing File: res://assets/textures/harvest/proc/proc_extra_139_normal.jpg.import[39m[0m
[  33% ] [90m[1msavepack[22m | Storing File: res://.godot/imported/proc_extra_139_rough.jpg-a6f216a130abc851be532cef3b7db714.ctex[39m[0m
[  33% ] [90m[1msavepack[22m | Storing File: res://assets/textures/harvest/proc/proc_extra_139_rough.jpg.import[39m[0m
[  33% ] [90m[1msavepack[22m | Storing File: res://.godot/imported/proc_extra_140_albedo.jpg-1bc97a5e016755bac2b804ec68c5be99.ctex[39m[0m
[  33% ] [90m[1msavepack[22m | Storing File: res://assets/textures/harvest/proc/proc_extra_140_albedo.jpg.import[39m[0m
[  33% ] [90m[1msavepack[22m | Storing File: res://.godot/imported/proc_extra_140_normal.jpg-671f0269e15e33873702060bf22b5bd2.ctex[39m[0m
[  33% ] [90m[1msavepack[22m | Storing File: res://assets/textures/harvest/proc/proc_extra_140_normal.jpg.import[39m[0m
[  33% ] [90m[1msavepack[22m | Storing File: res://.godot/imported/proc_extra_140_rough.jpg-518d260e53ecc8015c3fb7bb4267f279.ctex[39m[0m
[  33% ] [90m[1msavepack[22m | Storing File: res://assets/textures/harvest/proc/proc_extra_140_rough.jpg.import[39m[0m
[  33% ] [90m[1msavepack[22m | Storing File: res://.godot/imported/proc_extra_141_albedo.jpg-bb0075e28d96d2ede61ef0c2dd76e71a.ctex[39m[0m
[  33% ] [90m[1msavepack[22m | Storing File: res://assets/textures/harvest/proc/proc_extra_141_albedo.jpg.import[39m[0m
[  33% ] [90m[1msavepack[22m | Storing File: res://.godot/imported/proc_extra_141_normal.jpg-86dde012cfc12842b2c24f2da56f3f44.ctex[39m[0m
[  33% ] [90m[1msavepack[22m | Storing File: res://assets/textures/harvest/proc/proc_extra_141_normal.jpg.import[39m[0m
[  33% ] [90m[1msavepack[22m | Storing File: res://.godot/imported/proc_extra_141_rough.jpg-880d7c346974fafc87c14b6f8e178e66.ctex[39m[0m
[  33% ] [90m[1msavepack[22m | Storing File: res://assets/textures/harvest/proc/proc_extra_141_rough.jpg.import[39m[0m
[  33% ] [90m[1msavepack[22m | Storing File: res://.godot/imported/proc_extra_142_albedo.jpg-82fd3f41ad501bf21c1a6b9c439896b5.ctex[39m[0m
[  33% ] [90m[1msavepack[22m | Storing File: res://assets/textures/harvest/proc/proc_extra_142_albedo.jpg.import[39m[0m
[  33% ] [90m[1msavepack[22m | Storing File: res://.godot/imported/proc_extra_142_normal.jpg-3e9523f71fe6675a2b469bc09faebaa6.ctex[39m[0m
[  33% ] [90m[1msavepack[22m | Storing File: res://assets/textures/harvest/proc/proc_extra_142_normal.jpg.import[39m[0m
[  33% ] [90m[1msavepack[22m | Storing File: res://.godot/imported/proc_extra_142_rough.jpg-5a0d25f7a1b4a5888080b1f040925cdc.ctex[39m[0m
[  33% ] [90m[1msavepack[22m | Storing File: res://assets/textures/harvest/proc/proc_extra_142_rough.jpg.import[39m[0m
[  33% ] [90m[1msavepack[22m | Storing File: res://.godot/imported/proc_extra_143_albedo.jpg-fb90bd2a6ee98923dafe673223fed85e.ctex[39m[0m
[  33% ] [90m[1msavepack[22m | Storing File: res://assets/textures/harvest/proc/proc_extra_143_albedo.jpg.import[39m[0m
[  33% ] [90m[1msavepack[22m | Storing File: res://.godot/imported/proc_extra_143_normal.jpg-205e570bdd5bfda997c5fe4314580c58.ctex[39m[0m
[  33% ] [90m[1msavepack[22m | Storing File: res://assets/textures/harvest/proc/proc_extra_143_normal.jpg.import[39m[0m
[  33% ] [90m[1msavepack[22m | Storing File: res://.godot/imported/proc_extra_143_rough.jpg-9e6339d7c5cef7b9984068e0813e846a.ctex[39m[0m
[  33% ] [90m[1msavepack[22m | Storing File: res://assets/textures/harvest/proc/proc_extra_143_rough.jpg.import[39m[0m
[  33% ] [90m[1msavepack[22m | Storing File: res://.godot/imported/proc_extra_144_albedo.jpg-29c23d0921377d9afa42500ea985c859.ctex[39m[0m
[  33% ] [90m[1msavepack[22m | Storing File: res://assets/textures/harvest/proc/proc_extra_144_albedo.jpg.import[39m[0m
[  33% ] [90m[1msavepack[22m | Storing File: res://.godot/imported/proc_extra_144_normal.jpg-e6a1882eb283c927596d2d64fdcfd255.ctex[39m[0m
[  33% ] [90m[1msavepack[22m | Storing File: res://assets/textures/harvest/proc/proc_extra_144_normal.jpg.import[39m[0m
[  33% ] [90m[1msavepack[22m | Storing File: res://.godot/imported/proc_extra_144_rough.jpg-1d5d4e727dde345d3fd32424546975d5.ctex[39m[0m
[  33% ] [90m[1msavepack[22m | Storing File: res://assets/textures/harvest/proc/proc_extra_144_rough.jpg.import[39m[0m
[  33% ] [90m[1msavepack[22m | Storing File: res://.godot/imported/proc_extra_145_albedo.jpg-93188d7601036d6a4ac63adb8080c5b9.ctex[39m[0m
[  33% ] [90m[1msavepack[22m | Storing File: res://assets/textures/harvest/proc/proc_extra_145_albedo.jpg.import[39m[0m
[  33% ] [90m[1msavepack[22m | Storing File: res://.godot/imported/proc_extra_145_normal.jpg-2400b04c3c51f2e857656bf4b03f7832.ctex[39m[0m
[  33% ] [90m[1msavepack[22m | Storing File: res://assets/textures/harvest/proc/proc_extra_145_normal.jpg.import[39m[0m
[  33% ] [90m[1msavepack[22m | Storing File: res://.godot/imported/proc_extra_145_rough.jpg-cec95d04932f1703790f773c3e0195be.ctex[39m[0m
[  33% ] [90m[1msavepack[22m | Storing File: res://assets/textures/harvest/proc/proc_extra_145_rough.jpg.import[39m[0m
[  33% ] [90m[1msavepack[22m | Storing File: res://.godot/imported/proc_extra_146_albedo.jpg-45b5582af290192e36dc716ccd3effb2.ctex[39m[0m
[  33% ] [90m[1msavepack[22m | Storing File: res://assets/textures/harvest/proc/proc_extra_146_albedo.jpg.import[39m[0m
[  33% ] [90m[1msavepack[22m | Storing File: res://.godot/imported/proc_extra_146_normal.jpg-eebdd1a458b76dc254ff8b9993b218be.ctex[39m[0m
[  33% ] [90m[1msavepack[22m | Storing File: res://assets/textures/harvest/proc/proc_extra_146_normal.jpg.import[39m[0m
[  33% ] [90m[1msavepack[22m | Storing File: res://.godot/imported/proc_extra_146_rough.jpg-a2c49390ee3e1a355affa44ac9ac36a8.ctex[39m[0m
[  33% ] [90m[1msavepack[22m | Storing File: res://assets/textures/harvest/proc/proc_extra_146_rough.jpg.import[39m[0m
[  33% ] [90m[1msavepack[22m | Storing File: res://.godot/imported/proc_extra_147_albedo.jpg-8e047e9a1bd5508b697bba1b41791fe0.ctex[39m[0m
[  33% ] [90m[1msavepack[22m | Storing File: res://assets/textures/harvest/proc/proc_extra_147_albedo.jpg.import[39m[0m
[  33% ] [90m[1msavepack[22m | Storing File: res://.godot/imported/proc_extra_147_normal.jpg-07d7934ae9abc72a85cf072cefb7eb3d.ctex[39m[0m
[  33% ] [90m[1msavepack[22m | Storing File: res://assets/textures/harvest/proc/proc_extra_147_normal.jpg.import[39m[0m
[  33% ] [90m[1msavepack[22m | Storing File: res://.godot/imported/proc_extra_147_rough.jpg-15bcc1b536cc2bf44672e72bb7f70644.ctex[39m[0m
[  33% ] [90m[1msavepack[22m | Storing File: res://assets/textures/harvest/proc/proc_extra_147_rough.jpg.import[39m[0m
[  33% ] [90m[1msavepack[22m | Storing File: res://.godot/imported/proc_extra_148_albedo.jpg-336427ef57cd2ebfc12ceec2555075c6.ctex[39m[0m
[  33% ] [90m[1msavepack[22m | Storing File: res://assets/textures/harvest/proc/proc_extra_148_albedo.jpg.import[39m[0m
[  33% ] [90m[1msavepack[22m | Storing File: res://.godot/imported/proc_extra_148_normal.jpg-799a7a7a277f64658bdfac3357a8c237.ctex[39m[0m
[  33% ] [90m[1msavepack[22m | Storing File: res://assets/textures/harvest/proc/proc_extra_148_normal.jpg.import[39m[0m
[  33% ] [90m[1msavepack[22m | Storing File: res://.godot/imported/proc_extra_148_rough.jpg-51c9d906df16ae47789f52ef4615a1a2.ctex[39m[0m
[  33% ] [90m[1msavepack[22m | Storing File: res://assets/textures/harvest/proc/proc_extra_148_rough.jpg.import[39m[0m
[  33% ] [90m[1msavepack[22m | Storing File: res://.godot/imported/proc_extra_149_albedo.jpg-cbef94cd927470756bf33064e286d222.ctex[39m[0m
[  33% ] [90m[1msavepack[22m | Storing File: res://assets/textures/harvest/proc/proc_extra_149_albedo.jpg.import[39m[0m
[  33% ] [90m[1msavepack[22m | Storing File: res://.godot/imported/proc_extra_149_normal.jpg-60dadcdc07e1adca430d85be1accb699.ctex[39m[0m
[  33% ] [90m[1msavepack[22m | Storing File: res://assets/textures/harvest/proc/proc_extra_149_normal.jpg.import[39m[0m
[  33% ] [90m[1msavepack[22m | Storing File: res://.godot/imported/proc_extra_149_rough.jpg-1e494a834aefa41231d232f972dceada.ctex[39m[0m
[  33% ] [90m[1msavepack[22m | Storing File: res://assets/textures/harvest/proc/proc_extra_149_rough.jpg.import[39m[0m
[  33% ] [90m[1msavepack[22m | Storing File: res://.godot/imported/proc_extra_150_albedo.jpg-b355700e9cec7b6cdbcc25c6db6273b2.ctex[39m[0m
[  33% ] [90m[1msavepack[22m | Storing File: res://assets/textures/harvest/proc/proc_extra_150_albedo.jpg.import[39m[0m
[  33% ] [90m[1msavepack[22m | Storing File: res://.godot/imported/proc_extra_150_normal.jpg-971616daec31b0abbe498908cbf14c52.ctex[39m[0m
[  33% ] [90m[1msavepack[22m | Storing File: res://assets/textures/harvest/proc/proc_extra_150_normal.jpg.import[39m[0m
[  33% ] [90m[1msavepack[22m | Storing File: res://.godot/imported/proc_extra_150_rough.jpg-75b6ea1a30ff24b527baf72e211c3ca2.ctex[39m[0m
[  33% ] [90m[1msavepack[22m | Storing File: res://assets/textures/harvest/proc/proc_extra_150_rough.jpg.import[39m[0m
[  33% ] [90m[1msavepack[22m | Storing File: res://.godot/imported/proc_extra_151_albedo.jpg-529b4dc7753ee13fd38d2770ea5d3405.ctex[39m[0m
[  33% ] [90m[1msavepack[22m | Storing File: res://assets/textures/harvest/proc/proc_extra_151_albedo.jpg.import[39m[0m
[  33% ] [90m[1msavepack[22m | Storing File: res://.godot/imported/proc_extra_151_normal.jpg-e5978ab2b1f22c16f89ec35b5e68c845.ctex[39m[0m
[  33% ] [90m[1msavepack[22m | Storing File: res://assets/textures/harvest/proc/proc_extra_151_normal.jpg.import[39m[0m
[  34% ] [90m[1msavepack[22m | Storing File: res://.godot/imported/proc_extra_151_rough.jpg-29c040743634e5f535f0b5dd36791beb.ctex[39m[0m
[  34% ] [90m[1msavepack[22m | Storing File: res://assets/textures/harvest/proc/proc_extra_151_rough.jpg.import[39m[0m
[  34% ] [90m[1msavepack[22m | Storing File: res://.godot/imported/proc_extra_152_albedo.jpg-bb3409a2ac8a85ad6ce426a5ef815d32.ctex[39m[0m
[  34% ] [90m[1msavepack[22m | Storing File: res://assets/textures/harvest/proc/proc_extra_152_albedo.jpg.import[39m[0m
[  34% ] [90m[1msavepack[22m | Storing File: res://.godot/imported/proc_extra_152_normal.jpg-91adf93aa25ddf297b053f4b9af60df5.ctex[39m[0m
[  34% ] [90m[1msavepack[22m | Storing File: res://assets/textures/harvest/proc/proc_extra_152_normal.jpg.import[39m[0m
[  34% ] [90m[1msavepack[22m | Storing File: res://.godot/imported/proc_extra_152_rough.jpg-b747352d8d12e1e330fcd1e39ac5909d.ctex[39m[0m
[  34% ] [90m[1msavepack[22m | Storing File: res://assets/textures/harvest/proc/proc_extra_152_rough.jpg.import[39m[0m
[  34% ] [90m[1msavepack[22m | Storing File: res://.godot/imported/proc_extra_153_albedo.jpg-5437e1bc2e42de94d7584786d1decf14.ctex[39m[0m
[  34% ] [90m[1msavepack[22m | Storing File: res://assets/textures/harvest/proc/proc_extra_153_albedo.jpg.import[39m[0m
[  34% ] [90m[1msavepack[22m | Storing File: res://.godot/imported/proc_extra_153_normal.jpg-a0bf2d3d48fbafbf27bf64d1ede61b6f.ctex[39m[0m
[  34% ] [90m[1msavepack[22m | Storing File: res://assets/textures/harvest/proc/proc_extra_153_normal.jpg.import[39m[0m
[  34% ] [90m[1msavepack[22m | Storing File: res://.godot/imported/proc_extra_153_rough.jpg-4cf4b8954a4ec0bca4dea2f45773960f.ctex[39m[0m
[  34% ] [90m[1msavepack[22m | Storing File: res://assets/textures/harvest/proc/proc_extra_153_rough.jpg.import[39m[0m
[  34% ] [90m[1msavepack[22m | Storing File: res://.godot/imported/proc_extra_154_albedo.jpg-b0c428e8d7d1dbca3fcccb2c7220e650.ctex[39m[0m
[  34% ] [90m[1msavepack[22m | Storing File: res://assets/textures/harvest/proc/proc_extra_154_albedo.jpg.import[39m[0m
[  34% ] [90m[1msavepack[22m | Storing File: res://.godot/imported/proc_extra_154_normal.jpg-34f25da9d811413f288410459e49ba13.ctex[39m[0m
[  34% ] [90m[1msavepack[22m | Storing File: res://assets/textures/harvest/proc/proc_extra_154_normal.jpg.import[39m[0m
[  34% ] [90m[1msavepack[22m | Storing File: res://.godot/imported/proc_extra_154_rough.jpg-b4bff1d991ce1fab930ff8bb0b6b1d55.ctex[39m[0m
[  34% ] [90m[1msavepack[22m | Storing File: res://assets/textures/harvest/proc/proc_extra_154_rough.jpg.import[39m[0m
[  34% ] [90m[1msavepack[22m | Storing File: res://.godot/imported/proc_extra_155_albedo.jpg-a7ff083898e2750bfc8b62942561c57b.ctex[39m[0m
[  34% ] [90m[1msavepack[22m | Storing File: res://assets/textures/harvest/proc/proc_extra_155_albedo.jpg.import[39m[0m
[  34% ] [90m[1msavepack[22m | Storing File: res://.godot/imported/proc_extra_155_normal.jpg-36867ba141f18eb54ea8e779f29d774d.ctex[39m[0m
[  34% ] [90m[1msavepack[22m | Storing File: res://assets/textures/harvest/proc/proc_extra_155_normal.jpg.import[39m[0m
[  34% ] [90m[1msavepack[22m | Storing File: res://.godot/imported/proc_extra_155_rough.jpg-5effbe46190b30736d241c44d8929e76.ctex[39m[0m
[  34% ] [90m[1msavepack[22m | Storing File: res://assets/textures/harvest/proc/proc_extra_155_rough.jpg.import[39m[0m
[  34% ] [90m[1msavepack[22m | Storing File: res://.godot/imported/proc_extra_156_albedo.jpg-b49bf84c11826b536b85ed07920daddd.ctex[39m[0m
[  34% ] [90m[1msavepack[22m | Storing File: res://assets/textures/harvest/proc/proc_extra_156_albedo.jpg.import[39m[0m
[  34% ] [90m[1msavepack[22m | Storing File: res://.godot/imported/proc_extra_156_normal.jpg-c0a5b19c9b49fd798737533b5a370a14.ctex[39m[0m
[  34% ] [90m[1msavepack[22m | Storing File: res://assets/textures/harvest/proc/proc_extra_156_normal.jpg.import[39m[0m
[  34% ] [90m[1msavepack[22m | Storing File: res://.godot/imported/proc_extra_156_rough.jpg-2108bbbe5f81b8e02874d0ebf6841f0f.ctex[39m[0m
[  34% ] [90m[1msavepack[22m | Storing File: res://assets/textures/harvest/proc/proc_extra_156_rough.jpg.import[39m[0m
[  34% ] [90m[1msavepack[22m | Storing File: res://.godot/imported/proc_extra_157_albedo.jpg-c95da7b5b4d00baebf399cec50af1600.ctex[39m[0m
[  34% ] [90m[1msavepack[22m | Storing File: res://assets/textures/harvest/proc/proc_extra_157_albedo.jpg.import[39m[0m
[  34% ] [90m[1msavepack[22m | Storing File: res://.godot/imported/proc_extra_157_normal.jpg-a4e85f63dafbae0dde15b7f16c1132a6.ctex[39m[0m
[  34% ] [90m[1msavepack[22m | Storing File: res://assets/textures/harvest/proc/proc_extra_157_normal.jpg.import[39m[0m
[  34% ] [90m[1msavepack[22m | Storing File: res://.godot/imported/proc_extra_157_rough.jpg-122903fb8c6f1436185041146264eb79.ctex[39m[0m
[  34% ] [90m[1msavepack[22m | Storing File: res://assets/textures/harvest/proc/proc_extra_157_rough.jpg.import[39m[0m
[  35% ] [90m[1msavepack[22m | Storing File: res://.godot/imported/proc_extra_158_albedo.jpg-46502c151a7afa0629089d6ad549941f.ctex[39m[0m
[  35% ] [90m[1msavepack[22m | Storing File: res://assets/textures/harvest/proc/proc_extra_158_albedo.jpg.import[39m[0m
[  35% ] [90m[1msavepack[22m | Storing File: res://.godot/imported/proc_extra_158_normal.jpg-a5cdb9478ecd8750587695e5d9b479d9.ctex[39m[0m
[  35% ] [90m[1msavepack[22m | Storing File: res://assets/textures/harvest/proc/proc_extra_158_normal.jpg.import[39m[0m
[  35% ] [90m[1msavepack[22m | Storing File: res://.godot/imported/proc_extra_158_rough.jpg-d26708fa319e54b97b643c786e414a54.ctex[39m[0m
[  35% ] [90m[1msavepack[22m | Storing File: res://assets/textures/harvest/proc/proc_extra_158_rough.jpg.import[39m[0m
[  35% ] [90m[1msavepack[22m | Storing File: res://.godot/imported/proc_extra_159_albedo.jpg-66baab79b3e516ec9ca09d3531e536de.ctex[39m[0m
[  35% ] [90m[1msavepack[22m | Storing File: res://assets/textures/harvest/proc/proc_extra_159_albedo.jpg.import[39m[0m
[  35% ] [90m[1msavepack[22m | Storing File: res://.godot/imported/proc_extra_159_normal.jpg-a6e717183301970187761d34385dad52.ctex[39m[0m
[  35% ] [90m[1msavepack[22m | Storing File: res://assets/textures/harvest/proc/proc_extra_159_normal.jpg.import[39m[0m
[  35% ] [90m[1msavepack[22m | Storing File: res://.godot/imported/proc_extra_159_rough.jpg-fa71fd08e05713f243caa866f0967c5c.ctex[39m[0m
[  35% ] [90m[1msavepack[22m | Storing File: res://assets/textures/harvest/proc/proc_extra_159_rough.jpg.import[39m[0m
[  35% ] [90m[1msavepack[22m | Storing File: res://.godot/imported/proc_extra_160_albedo.jpg-afc3ed16ac18b056fed756f27491905e.ctex[39m[0m
[  35% ] [90m[1msavepack[22m | Storing File: res://assets/textures/harvest/proc/proc_extra_160_albedo.jpg.import[39m[0m
[  35% ] [90m[1msavepack[22m | Storing File: res://.godot/imported/proc_extra_160_normal.jpg-159b970024104eb496f7c8b1258199cf.ctex[39m[0m
[  35% ] [90m[1msavepack[22m | Storing File: res://assets/textures/harvest/proc/proc_extra_160_normal.jpg.import[39m[0m
[  35% ] [90m[1msavepack[22m | Storing File: res://.godot/imported/proc_extra_160_rough.jpg-5ea052b204307e5802cc5f464e646910.ctex[39m[0m
[  35% ] [90m[1msavepack[22m | Storing File: res://assets/textures/harvest/proc/proc_extra_160_rough.jpg.import[39m[0m
[  35% ] [90m[1msavepack[22m | Storing File: res://.godot/imported/proc_extra_161_albedo.jpg-f3eb12bc167fd7263ff2d3543b7dc877.ctex[39m[0m
[  35% ] [90m[1msavepack[22m | Storing File: res://assets/textures/harvest/proc/proc_extra_161_albedo.jpg.import[39m[0m
[  35% ] [90m[1msavepack[22m | Storing File: res://.godot/imported/proc_extra_161_normal.jpg-d7d9ed838d6b601f2cddcac6fad63187.ctex[39m[0m
[  35% ] [90m[1msavepack[22m | Storing File: res://assets/textures/harvest/proc/proc_extra_161_normal.jpg.import[39m[0m
[  35% ] [90m[1msavepack[22m | Storing File: res://.godot/imported/proc_extra_161_rough.jpg-1663996a792cd6fae46e3db22d15ad4b.ctex[39m[0m
[  35% ] [90m[1msavepack[22m | Storing File: res://assets/textures/harvest/proc/proc_extra_161_rough.jpg.import[39m[0m
[  35% ] [90m[1msavepack[22m | Storing File: res://.godot/imported/proc_extra_162_albedo.jpg-1786cf27e16be90b5f8e231c8efc65be.ctex[39m[0m
[  35% ] [90m[1msavepack[22m | Storing File: res://assets/textures/harvest/proc/proc_extra_162_albedo.jpg.import[39m[0m
[  35% ] [90m[1msavepack[22m | Storing File: res://.godot/imported/proc_extra_162_normal.jpg-5c3b1f06c25eb79c753e9090f70bf076.ctex[39m[0m
[  35% ] [90m[1msavepack[22m | Storing File: res://assets/textures/harvest/proc/proc_extra_162_normal.jpg.import[39m[0m
[  35% ] [90m[1msavepack[22m | Storing File: res://.godot/imported/proc_extra_162_rough.jpg-499ecf4c3d2223a4e02b578a47286048.ctex[39m[0m
[  35% ] [90m[1msavepack[22m | Storing File: res://assets/textures/harvest/proc/proc_extra_162_rough.jpg.import[39m[0m
[  35% ] [90m[1msavepack[22m | Storing File: res://.godot/imported/proc_extra_163_albedo.jpg-48689621db3e36372af078930c62186a.ctex[39m[0m
[  35% ] [90m[1msavepack[22m | Storing File: res://assets/textures/harvest/proc/proc_extra_163_albedo.jpg.import[39m[0m
[  35% ] [90m[1msavepack[22m | Storing File: res://.godot/imported/proc_extra_163_normal.jpg-6017feaa88a1d7349a2102fe8627a86b.ctex[39m[0m
[  35% ] [90m[1msavepack[22m | Storing File: res://assets/textures/harvest/proc/proc_extra_163_normal.jpg.import[39m[0m
[  35% ] [90m[1msavepack[22m | Storing File: res://.godot/imported/proc_extra_163_rough.jpg-6c066f25227b4491521052e93414e100.ctex[39m[0m
[  35% ] [90m[1msavepack[22m | Storing File: res://assets/textures/harvest/proc/proc_extra_163_rough.jpg.import[39m[0m
[  35% ] [90m[1msavepack[22m | Storing File: res://.godot/imported/proc_extra_164_albedo.jpg-bb3b5051cf6d097a9f70a13a2c95a3f8.ctex[39m[0m
[  35% ] [90m[1msavepack[22m | Storing File: res://assets/textures/harvest/proc/proc_extra_164_albedo.jpg.import[39m[0m
[  36% ] [90m[1msavepack[22m | Storing File: res://.godot/imported/proc_extra_164_normal.jpg-1d95e0f1bbb2f2000c80355fc293e1aa.ctex[39m[0m
[  36% ] [90m[1msavepack[22m | Storing File: res://assets/textures/harvest/proc/proc_extra_164_normal.jpg.import[39m[0m
[  36% ] [90m[1msavepack[22m | Storing File: res://.godot/imported/proc_extra_164_rough.jpg-af180f2a6e6a31d53ed0fba9ceca1c8b.ctex[39m[0m
[  36% ] [90m[1msavepack[22m | Storing File: res://assets/textures/harvest/proc/proc_extra_164_rough.jpg.import[39m[0m
[  36% ] [90m[1msavepack[22m | Storing File: res://.godot/imported/proc_extra_165_albedo.jpg-678cab1cca9b9bc709cd1b189fb10651.ctex[39m[0m
[  36% ] [90m[1msavepack[22m | Storing File: res://assets/textures/harvest/proc/proc_extra_165_albedo.jpg.import[39m[0m
[  36% ] [90m[1msavepack[22m | Storing File: res://.godot/imported/proc_extra_165_normal.jpg-3b186188ca3b5826dc2444e6dff7e596.ctex[39m[0m
[  36% ] [90m[1msavepack[22m | Storing File: res://assets/textures/harvest/proc/proc_extra_165_normal.jpg.import[39m[0m
[  36% ] [90m[1msavepack[22m | Storing File: res://.godot/imported/proc_extra_165_rough.jpg-3e9150f1e36fd2f78299bfd9f2b567ad.ctex[39m[0m
[  36% ] [90m[1msavepack[22m | Storing File: res://assets/textures/harvest/proc/proc_extra_165_rough.jpg.import[39m[0m
[  36% ] [90m[1msavepack[22m | Storing File: res://.godot/imported/proc_extra_166_albedo.jpg-63c86241098698a0d6fde1e2f2d35cec.ctex[39m[0m
[  36% ] [90m[1msavepack[22m | Storing File: res://assets/textures/harvest/proc/proc_extra_166_albedo.jpg.import[39m[0m
[  36% ] [90m[1msavepack[22m | Storing File: res://.godot/imported/proc_extra_166_normal.jpg-7990c72a28d117a1364f8ea051dfc54b.ctex[39m[0m
[  36% ] [90m[1msavepack[22m | Storing File: res://assets/textures/harvest/proc/proc_extra_166_normal.jpg.import[39m[0m
[  36% ] [90m[1msavepack[22m | Storing File: res://.godot/imported/proc_extra_166_rough.jpg-d6b10a5802a47726348d830b2b663f24.ctex[39m[0m
[  36% ] [90m[1msavepack[22m | Storing File: res://assets/textures/harvest/proc/proc_extra_166_rough.jpg.import[39m[0m
[  36% ] [90m[1msavepack[22m | Storing File: res://.godot/imported/proc_extra_167_albedo.jpg-30f788a224877a551e2206c745189fe2.ctex[39m[0m
[  36% ] [90m[1msavepack[22m | Storing File: res://assets/textures/harvest/proc/proc_extra_167_albedo.jpg.import[39m[0m
[  36% ] [90m[1msavepack[22m | Storing File: res://.godot/imported/proc_extra_167_normal.jpg-b032ad135d5ed939d413b962e8d18267.ctex[39m[0m
[  36% ] [90m[1msavepack[22m | Storing File: res://assets/textures/harvest/proc/proc_extra_167_normal.jpg.import[39m[0m
[  36% ] [90m[1msavepack[22m | Storing File: res://.godot/imported/proc_extra_167_rough.jpg-9bd5d627029f8eab88051d04a60d74de.ctex[39m[0m
[  36% ] [90m[1msavepack[22m | Storing File: res://assets/textures/harvest/proc/proc_extra_167_rough.jpg.import[39m[0m
[  36% ] [90m[1msavepack[22m | Storing File: res://.godot/imported/proc_extra_168_albedo.jpg-9c6f27bab8ae1e0ff3ca9bc355e32823.ctex[39m[0m
[  36% ] [90m[1msavepack[22m | Storing File: res://assets/textures/harvest/proc/proc_extra_168_albedo.jpg.import[39m[0m
[  36% ] [90m[1msavepack[22m | Storing File: res://.godot/imported/proc_extra_168_normal.jpg-bec5b9a851f5500f75e396a863f9ee3c.ctex[39m[0m
[  36% ] [90m[1msavepack[22m | Storing File: res://assets/textures/harvest/proc/proc_extra_168_normal.jpg.import[39m[0m
[  36% ] [90m[1msavepack[22m | Storing File: res://.godot/imported/proc_extra_168_rough.jpg-de083dc895d118f7ba8892ec2eba04c6.ctex[39m[0m
[  36% ] [90m[1msavepack[22m | Storing File: res://assets/textures/harvest/proc/proc_extra_168_rough.jpg.import[39m[0m
[  36% ] [90m[1msavepack[22m | Storing File: res://.godot/imported/proc_extra_169_albedo.jpg-2df2550fa974614e35a76d42ceec0850.ctex[39m[0m
[  36% ] [90m[1msavepack[22m | Storing File: res://assets/textures/harvest/proc/proc_extra_169_albedo.jpg.import[39m[0m
[  36% ] [90m[1msavepack[22m | Storing File: res://.godot/imported/proc_extra_169_normal.jpg-9980076e10292da0838b9b80819664b1.ctex[39m[0m
[  36% ] [90m[1msavepack[22m | Storing File: res://assets/textures/harvest/proc/proc_extra_169_normal.jpg.import[39m[0m
[  36% ] [90m[1msavepack[22m | Storing File: res://.godot/imported/proc_extra_169_rough.jpg-d57efdf99e993f27b7c855a9476960c4.ctex[39m[0m
[  36% ] [90m[1msavepack[22m | Storing File: res://assets/textures/harvest/proc/proc_extra_169_rough.jpg.import[39m[0m
[  36% ] [90m[1msavepack[22m | Storing File: res://.godot/imported/proc_extra_170_albedo.jpg-449bde0c1d32b0384b10881cd3c6e854.ctex[39m[0m
[  36% ] [90m[1msavepack[22m | Storing File: res://assets/textures/harvest/proc/proc_extra_170_albedo.jpg.import[39m[0m
[  36% ] [90m[1msavepack[22m | Storing File: res://.godot/imported/proc_extra_170_normal.jpg-ed7db6248753a1a44935023479245276.ctex[39m[0m
[  36% ] [90m[1msavepack[22m | Storing File: res://assets/textures/harvest/proc/proc_extra_170_normal.jpg.import[39m[0m
[  37% ] [90m[1msavepack[22m | Storing File: res://.godot/imported/proc_extra_170_rough.jpg-1edf19bc531c15952332248abc649688.ctex[39m[0m
[  37% ] [90m[1msavepack[22m | Storing File: res://assets/textures/harvest/proc/proc_extra_170_rough.jpg.import[39m[0m
[  37% ] [90m[1msavepack[22m | Storing File: res://.godot/imported/proc_extra_171_albedo.jpg-22caab2c6f1a4252faf5cd1666c9d3cc.ctex[39m[0m
[  37% ] [90m[1msavepack[22m | Storing File: res://assets/textures/harvest/proc/proc_extra_171_albedo.jpg.import[39m[0m
[  37% ] [90m[1msavepack[22m | Storing File: res://.godot/imported/proc_extra_171_normal.jpg-4a75983df794f6f191d7a82de57a8eb8.ctex[39m[0m
[  37% ] [90m[1msavepack[22m | Storing File: res://assets/textures/harvest/proc/proc_extra_171_normal.jpg.import[39m[0m
[  37% ] [90m[1msavepack[22m | Storing File: res://.godot/imported/proc_extra_171_rough.jpg-6491535f2ea61f0ff782c77a0422b813.ctex[39m[0m
[  37% ] [90m[1msavepack[22m | Storing File: res://assets/textures/harvest/proc/proc_extra_171_rough.jpg.import[39m[0m
[  37% ] [90m[1msavepack[22m | Storing File: res://.godot/imported/proc_extra_172_albedo.jpg-5d362cd3cfc883f956f7a3b1898b6db9.ctex[39m[0m
[  37% ] [90m[1msavepack[22m | Storing File: res://assets/textures/harvest/proc/proc_extra_172_albedo.jpg.import[39m[0m
[  37% ] [90m[1msavepack[22m | Storing File: res://.godot/imported/proc_extra_172_normal.jpg-ce7b7c75515d2aa235e9f9d13c9c71c0.ctex[39m[0m
[  37% ] [90m[1msavepack[22m | Storing File: res://assets/textures/harvest/proc/proc_extra_172_normal.jpg.import[39m[0m
[  37% ] [90m[1msavepack[22m | Storing File: res://.godot/imported/proc_extra_172_rough.jpg-5e368993e13d3bea1520802bdbc298ba.ctex[39m[0m
[  37% ] [90m[1msavepack[22m | Storing File: res://assets/textures/harvest/proc/proc_extra_172_rough.jpg.import[39m[0m
[  37% ] [90m[1msavepack[22m | Storing File: res://.godot/imported/proc_extra_173_albedo.jpg-5170a2f298b0f78baff7f326f335c66c.ctex[39m[0m
[  37% ] [90m[1msavepack[22m | Storing File: res://assets/textures/harvest/proc/proc_extra_173_albedo.jpg.import[39m[0m
[  37% ] [90m[1msavepack[22m | Storing File: res://.godot/imported/proc_extra_173_normal.jpg-01d80c910c62f3df7ceb57d9d928219b.ctex[39m[0m
[  37% ] [90m[1msavepack[22m | Storing File: res://assets/textures/harvest/proc/proc_extra_173_normal.jpg.import[39m[0m
[  37% ] [90m[1msavepack[22m | Storing File: res://.godot/imported/proc_extra_173_rough.jpg-8141b9c6a2df854b7339db5eb411d5f2.ctex[39m[0m
[  37% ] [90m[1msavepack[22m | Storing File: res://assets/textures/harvest/proc/proc_extra_173_rough.jpg.import[39m[0m
[  37% ] [90m[1msavepack[22m | Storing File: res://.godot/imported/proc_extra_174_albedo.jpg-145bf6836e0631b8a378d421a917af14.ctex[39m[0m
[  37% ] [90m[1msavepack[22m | Storing File: res://assets/textures/harvest/proc/proc_extra_174_albedo.jpg.import[39m[0m
[  37% ] [90m[1msavepack[22m | Storing File: res://.godot/imported/proc_extra_174_normal.jpg-0a7908b5a0c8322940f4380a0db079dc.ctex[39m[0m
[  37% ] [90m[1msavepack[22m | Storing File: res://assets/textures/harvest/proc/proc_extra_174_normal.jpg.import[39m[0m
[  37% ] [90m[1msavepack[22m | Storing File: res://.godot/imported/proc_extra_174_rough.jpg-a34dac11263b9017784b199d263cfe3f.ctex[39m[0m
[  37% ] [90m[1msavepack[22m | Storing File: res://assets/textures/harvest/proc/proc_extra_174_rough.jpg.import[39m[0m
[  37% ] [90m[1msavepack[22m | Storing File: res://.godot/imported/proc_extra_175_albedo.jpg-78a946fbee16046d71c13220aaaad026.ctex[39m[0m
[  37% ] [90m[1msavepack[22m | Storing File: res://assets/textures/harvest/proc/proc_extra_175_albedo.jpg.import[39m[0m
[  37% ] [90m[1msavepack[22m | Storing File: res://.godot/imported/proc_extra_175_normal.jpg-6d79092a965f08de41b3bf684db8db47.ctex[39m[0m
[  37% ] [90m[1msavepack[22m | Storing File: res://assets/textures/harvest/proc/proc_extra_175_normal.jpg.import[39m[0m
[  37% ] [90m[1msavepack[22m | Storing File: res://.godot/imported/proc_extra_175_rough.jpg-b39e27ad84e2f58f356e583423688735.ctex[39m[0m
[  37% ] [90m[1msavepack[22m | Storing File: res://assets/textures/harvest/proc/proc_extra_175_rough.jpg.import[39m[0m
[  37% ] [90m[1msavepack[22m | Storing File: res://.godot/imported/proc_extra_176_albedo.jpg-5b10b8b2cf1bf7ec7d079f2ec0d66ad7.ctex[39m[0m
[  37% ] [90m[1msavepack[22m | Storing File: res://assets/textures/harvest/proc/proc_extra_176_albedo.jpg.import[39m[0m
[  37% ] [90m[1msavepack[22m | Storing File: res://.godot/imported/proc_extra_176_normal.jpg-97537059577e42b7cd3e65ab8819ab17.ctex[39m[0m
[  37% ] [90m[1msavepack[22m | Storing File: res://assets/textures/harvest/proc/proc_extra_176_normal.jpg.import[39m[0m
[  37% ] [90m[1msavepack[22m | Storing File: res://.godot/imported/proc_extra_176_rough.jpg-479b6f722dd21f8892261b95eec6e5fd.ctex[39m[0m
[  37% ] [90m[1msavepack[22m | Storing File: res://assets/textures/harvest/proc/proc_extra_176_rough.jpg.import[39m[0m
[  38% ] [90m[1msavepack[22m | Storing File: res://.godot/imported/proc_extra_177_albedo.jpg-2c5713e3172ec4e1b28abc2718303104.ctex[39m[0m
[  38% ] [90m[1msavepack[22m | Storing File: res://assets/textures/harvest/proc/proc_extra_177_albedo.jpg.import[39m[0m
[  38% ] [90m[1msavepack[22m | Storing File: res://.godot/imported/proc_extra_177_normal.jpg-40658fb38ac11bc64bfa5a20cb460489.ctex[39m[0m
[  38% ] [90m[1msavepack[22m | Storing File: res://assets/textures/harvest/proc/proc_extra_177_normal.jpg.import[39m[0m
[  38% ] [90m[1msavepack[22m | Storing File: res://.godot/imported/proc_extra_177_rough.jpg-582b47ff40a5cff4c33a9b4c247a1527.ctex[39m[0m
[  38% ] [90m[1msavepack[22m | Storing File: res://assets/textures/harvest/proc/proc_extra_177_rough.jpg.import[39m[0m
[  38% ] [90m[1msavepack[22m | Storing File: res://.godot/imported/proc_extra_178_albedo.jpg-8ea9521efd61caca97a9fc2a5959ae7e.ctex[39m[0m
[  38% ] [90m[1msavepack[22m | Storing File: res://assets/textures/harvest/proc/proc_extra_178_albedo.jpg.import[39m[0m
[  38% ] [90m[1msavepack[22m | Storing File: res://.godot/imported/proc_extra_178_normal.jpg-af732ffdde4e7071020c30adc796c40f.ctex[39m[0m
[  38% ] [90m[1msavepack[22m | Storing File: res://assets/textures/harvest/proc/proc_extra_178_normal.jpg.import[39m[0m
[  38% ] [90m[1msavepack[22m | Storing File: res://.godot/imported/proc_extra_178_rough.jpg-81e5e6e5d385f6877ebda119008c73cc.ctex[39m[0m
[  38% ] [90m[1msavepack[22m | Storing File: res://assets/textures/harvest/proc/proc_extra_178_rough.jpg.import[39m[0m
[  38% ] [90m[1msavepack[22m | Storing File: res://.godot/imported/proc_extra_179_albedo.jpg-0ebe18559f818e22175147df55655f03.ctex[39m[0m
[  38% ] [90m[1msavepack[22m | Storing File: res://assets/textures/harvest/proc/proc_extra_179_albedo.jpg.import[39m[0m
[  38% ] [90m[1msavepack[22m | Storing File: res://.godot/imported/proc_extra_179_normal.jpg-81e937304ac30719af6b7c38c117803c.ctex[39m[0m
[  38% ] [90m[1msavepack[22m | Storing File: res://assets/textures/harvest/proc/proc_extra_179_normal.jpg.import[39m[0m
[  38% ] [90m[1msavepack[22m | Storing File: res://.godot/imported/proc_extra_179_rough.jpg-de081dd16373573fb9c9cfe34d046eee.ctex[39m[0m
[  38% ] [90m[1msavepack[22m | Storing File: res://assets/textures/harvest/proc/proc_extra_179_rough.jpg.import[39m[0m
[  38% ] [90m[1msavepack[22m | Storing File: res://.godot/imported/proc_extra_180_albedo.jpg-3a0cea8d164d9814e480e612015cd8be.ctex[39m[0m
[  38% ] [90m[1msavepack[22m | Storing File: res://assets/textures/harvest/proc/proc_extra_180_albedo.jpg.import[39m[0m
[  38% ] [90m[1msavepack[22m | Storing File: res://.godot/imported/proc_extra_180_normal.jpg-b01e4350b99f83a199104d7a2503bb7c.ctex[39m[0m
[  38% ] [90m[1msavepack[22m | Storing File: res://assets/textures/harvest/proc/proc_extra_180_normal.jpg.import[39m[0m
[  38% ] [90m[1msavepack[22m | Storing File: res://.godot/imported/proc_extra_180_rough.jpg-f3830a3a708026b96a5816995d31eb60.ctex[39m[0m
[  38% ] [90m[1msavepack[22m | Storing File: res://assets/textures/harvest/proc/proc_extra_180_rough.jpg.import[39m[0m
[  38% ] [90m[1msavepack[22m | Storing File: res://.godot/imported/proc_extra_181_albedo.jpg-1b5971734f1420cc04d285695b8c3160.ctex[39m[0m
[  38% ] [90m[1msavepack[22m | Storing File: res://assets/textures/harvest/proc/proc_extra_181_albedo.jpg.import[39m[0m
[  38% ] [90m[1msavepack[22m | Storing File: res://.godot/imported/proc_extra_181_normal.jpg-7f4d9b4d6ba2d7158ce1960c65f3c8c0.ctex[39m[0m
[  38% ] [90m[1msavepack[22m | Storing File: res://assets/textures/harvest/proc/proc_extra_181_normal.jpg.import[39m[0m
[  38% ] [90m[1msavepack[22m | Storing File: res://.godot/imported/proc_extra_181_rough.jpg-22d56dfde8b7e717f1973c67b948253f.ctex[39m[0m
[  38% ] [90m[1msavepack[22m | Storing File: res://assets/textures/harvest/proc/proc_extra_181_rough.jpg.import[39m[0m
[  38% ] [90m[1msavepack[22m | Storing File: res://.godot/imported/proc_extra_182_albedo.jpg-b03d3843d945ccb80687195f6e346aa7.ctex[39m[0m
[  38% ] [90m[1msavepack[22m | Storing File: res://assets/textures/harvest/proc/proc_extra_182_albedo.jpg.import[39m[0m
[  38% ] [90m[1msavepack[22m | Storing File: res://.godot/imported/proc_extra_182_normal.jpg-e85f20a786ddb471746a8d5d1e9e2b5a.ctex[39m[0m
[  38% ] [90m[1msavepack[22m | Storing File: res://assets/textures/harvest/proc/proc_extra_182_normal.jpg.import[39m[0m
[  38% ] [90m[1msavepack[22m | Storing File: res://.godot/imported/proc_extra_182_rough.jpg-1d9ff76f6246019aad0eb7be64bf948c.ctex[39m[0m
[  38% ] [90m[1msavepack[22m | Storing File: res://assets/textures/harvest/proc/proc_extra_182_rough.jpg.import[39m[0m
[  38% ] [90m[1msavepack[22m | Storing File: res://.godot/imported/proc_extra_183_albedo.jpg-76a25b8db420c22a4b5f6a1621e0086b.ctex[39m[0m
[  38% ] [90m[1msavepack[22m | Storing File: res://assets/textures/harvest/proc/proc_extra_183_albedo.jpg.import[39m[0m
[  39% ] [90m[1msavepack[22m | Storing File: res://.godot/imported/proc_extra_183_normal.jpg-b5509ca0739c0881e153d8b785531ed3.ctex[39m[0m
[  39% ] [90m[1msavepack[22m | Storing File: res://assets/textures/harvest/proc/proc_extra_183_normal.jpg.import[39m[0m
[  39% ] [90m[1msavepack[22m | Storing File: res://.godot/imported/proc_extra_183_rough.jpg-901d93f8ba32a5b4d2f7dcde54356ad1.ctex[39m[0m
[  39% ] [90m[1msavepack[22m | Storing File: res://assets/textures/harvest/proc/proc_extra_183_rough.jpg.import[39m[0m
[  39% ] [90m[1msavepack[22m | Storing File: res://.godot/imported/proc_extra_184_albedo.jpg-006e3cfb6954abb4c3b584bf252ff9c9.ctex[39m[0m
[  39% ] [90m[1msavepack[22m | Storing File: res://assets/textures/harvest/proc/proc_extra_184_albedo.jpg.import[39m[0m
[  39% ] [90m[1msavepack[22m | Storing File: res://.godot/imported/proc_extra_184_normal.jpg-d0ec57b86eaf0abb796b410fcf869238.ctex[39m[0m
[  39% ] [90m[1msavepack[22m | Storing File: res://assets/textures/harvest/proc/proc_extra_184_normal.jpg.import[39m[0m
[  39% ] [90m[1msavepack[22m | Storing File: res://.godot/imported/proc_extra_184_rough.jpg-c2ce02cda372a796d445f4fc80f523b8.ctex[39m[0m
[  39% ] [90m[1msavepack[22m | Storing File: res://assets/textures/harvest/proc/proc_extra_184_rough.jpg.import[39m[0m
[  39% ] [90m[1msavepack[22m | Storing File: res://.godot/imported/proc_extra_185_albedo.jpg-88ae716d60ad9856b552daa73cf4e499.ctex[39m[0m
[  39% ] [90m[1msavepack[22m | Storing File: res://assets/textures/harvest/proc/proc_extra_185_albedo.jpg.import[39m[0m
[  39% ] [90m[1msavepack[22m | Storing File: res://.godot/imported/proc_extra_185_normal.jpg-c479c2e0b622f53eab85f1871b882ea8.ctex[39m[0m
[  39% ] [90m[1msavepack[22m | Storing File: res://assets/textures/harvest/proc/proc_extra_185_normal.jpg.import[39m[0m
[  39% ] [90m[1msavepack[22m | Storing File: res://.godot/imported/proc_extra_185_rough.jpg-812615d33602eaf3e18535a6ebc20c85.ctex[39m[0m
[  39% ] [90m[1msavepack[22m | Storing File: res://assets/textures/harvest/proc/proc_extra_185_rough.jpg.import[39m[0m
[  39% ] [90m[1msavepack[22m | Storing File: res://.godot/imported/proc_extra_186_albedo.jpg-ad3a63e6f2008091be870ebef982ae6d.ctex[39m[0m
[  39% ] [90m[1msavepack[22m | Storing File: res://assets/textures/harvest/proc/proc_extra_186_albedo.jpg.import[39m[0m
[  39% ] [90m[1msavepack[22m | Storing File: res://.godot/imported/proc_extra_186_normal.jpg-2957bf127c14b56073550008283f0a1b.ctex[39m[0m
[  39% ] [90m[1msavepack[22m | Storing File: res://assets/textures/harvest/proc/proc_extra_186_normal.jpg.import[39m[0m
[  39% ] [90m[1msavepack[22m | Storing File: res://.godot/imported/proc_extra_186_rough.jpg-4d6f18ea4253dc1d89387b72cec1c5bf.ctex[39m[0m
[  39% ] [90m[1msavepack[22m | Storing File: res://assets/textures/harvest/proc/proc_extra_186_rough.jpg.import[39m[0m
[  39% ] [90m[1msavepack[22m | Storing File: res://.godot/imported/proc_extra_187_albedo.jpg-1dc8bc82148048ce6eb6af6a2c4dd166.ctex[39m[0m
[  39% ] [90m[1msavepack[22m | Storing File: res://assets/textures/harvest/proc/proc_extra_187_albedo.jpg.import[39m[0m
[  39% ] [90m[1msavepack[22m | Storing File: res://.godot/imported/proc_extra_187_normal.jpg-bc2c0e7830e108e1e5101bcf81b346ea.ctex[39m[0m
[  39% ] [90m[1msavepack[22m | Storing File: res://assets/textures/harvest/proc/proc_extra_187_normal.jpg.import[39m[0m
[  39% ] [90m[1msavepack[22m | Storing File: res://.godot/imported/proc_extra_187_rough.jpg-28317d7bf7ae473a52195476edffbd6f.ctex[39m[0m
[  39% ] [90m[1msavepack[22m | Storing File: res://assets/textures/harvest/proc/proc_extra_187_rough.jpg.import[39m[0m
[  39% ] [90m[1msavepack[22m | Storing File: res://.godot/imported/proc_extra_188_albedo.jpg-b52c4bfc1bd9fb28c750a403e7b7e1fa.ctex[39m[0m
[  39% ] [90m[1msavepack[22m | Storing File: res://assets/textures/harvest/proc/proc_extra_188_albedo.jpg.import[39m[0m
[  39% ] [90m[1msavepack[22m | Storing File: res://.godot/imported/proc_extra_188_normal.jpg-6d3e1d4c4f0d88ab6247961d418f15d1.ctex[39m[0m
[  39% ] [90m[1msavepack[22m | Storing File: res://assets/textures/harvest/proc/proc_extra_188_normal.jpg.import[39m[0m
[  39% ] [90m[1msavepack[22m | Storing File: res://.godot/imported/proc_extra_188_rough.jpg-f312e56caf924444d35f1a019748cfa0.ctex[39m[0m
[  39% ] [90m[1msavepack[22m | Storing File: res://assets/textures/harvest/proc/proc_extra_188_rough.jpg.import[39m[0m
[  39% ] [90m[1msavepack[22m | Storing File: res://.godot/imported/proc_extra_189_albedo.jpg-1a0f7cc9dcc89a5a570d99c207131d12.ctex[39m[0m
[  39% ] [90m[1msavepack[22m | Storing File: res://assets/textures/harvest/proc/proc_extra_189_albedo.jpg.import[39m[0m
[  39% ] [90m[1msavepack[22m | Storing File: res://.godot/imported/proc_extra_189_normal.jpg-e66c5134de6ef1710d78ae9c76756cf6.ctex[39m[0m
[  39% ] [90m[1msavepack[22m | Storing File: res://assets/textures/harvest/proc/proc_extra_189_normal.jpg.import[39m[0m
[  40% ] [90m[1msavepack[22m | Storing File: res://.godot/imported/proc_extra_189_rough.jpg-02c7e7d42e55af8ff3973f8a6c812af2.ctex[39m[0m
[  40% ] [90m[1msavepack[22m | Storing File: res://assets/textures/harvest/proc/proc_extra_189_rough.jpg.import[39m[0m
[  40% ] [90m[1msavepack[22m | Storing File: res://.godot/imported/proc_extra_190_albedo.jpg-bf9cff5bb019594c3b5cb8aec135f0b9.ctex[39m[0m
[  40% ] [90m[1msavepack[22m | Storing File: res://assets/textures/harvest/proc/proc_extra_190_albedo.jpg.import[39m[0m
[  40% ] [90m[1msavepack[22m | Storing File: res://.godot/imported/proc_extra_190_normal.jpg-ecb99da76f11ba5b7e65a37974c84d6a.ctex[39m[0m
[  40% ] [90m[1msavepack[22m | Storing File: res://assets/textures/harvest/proc/proc_extra_190_normal.jpg.import[39m[0m
[  40% ] [90m[1msavepack[22m | Storing File: res://.godot/imported/proc_extra_190_rough.jpg-58dc50e7114e902b255be48d11034dcf.ctex[39m[0m
[  40% ] [90m[1msavepack[22m | Storing File: res://assets/textures/harvest/proc/proc_extra_190_rough.jpg.import[39m[0m
[  40% ] [90m[1msavepack[22m | Storing File: res://.godot/imported/proc_extra_191_albedo.jpg-d0873fb727d160976c0f21d1ae6e4123.ctex[39m[0m
[  40% ] [90m[1msavepack[22m | Storing File: res://assets/textures/harvest/proc/proc_extra_191_albedo.jpg.import[39m[0m
[  40% ] [90m[1msavepack[22m | Storing File: res://.godot/imported/proc_extra_191_normal.jpg-1462993eb4f885340dccd502e1539445.ctex[39m[0m
[  40% ] [90m[1msavepack[22m | Storing File: res://assets/textures/harvest/proc/proc_extra_191_normal.jpg.import[39m[0m
[  40% ] [90m[1msavepack[22m | Storing File: res://.godot/imported/proc_extra_191_rough.jpg-61cc66639890d8482d1525e86a22eaee.ctex[39m[0m
[  40% ] [90m[1msavepack[22m | Storing File: res://assets/textures/harvest/proc/proc_extra_191_rough.jpg.import[39m[0m
[  40% ] [90m[1msavepack[22m | Storing File: res://.godot/imported/proc_extra_192_albedo.jpg-7f16c3a9dfdccd9628b3906266d802cf.ctex[39m[0m
[  40% ] [90m[1msavepack[22m | Storing File: res://assets/textures/harvest/proc/proc_extra_192_albedo.jpg.import[39m[0m
[  40% ] [90m[1msavepack[22m | Storing File: res://.godot/imported/proc_extra_192_normal.jpg-4f1da44a4d00a2e30b9332a2c2f5be08.ctex[39m[0m
[  40% ] [90m[1msavepack[22m | Storing File: res://assets/textures/harvest/proc/proc_extra_192_normal.jpg.import[39m[0m
[  40% ] [90m[1msavepack[22m | Storing File: res://.godot/imported/proc_extra_192_rough.jpg-5d2f972e12aac0708b0d3690f72d2984.ctex[39m[0m
[  40% ] [90m[1msavepack[22m | Storing File: res://assets/textures/harvest/proc/proc_extra_192_rough.jpg.import[39m[0m
[  40% ] [90m[1msavepack[22m | Storing File: res://.godot/imported/proc_extra_193_albedo.jpg-65f2b9172e4f3b520abf3466c554d3fc.ctex[39m[0m
[  40% ] [90m[1msavepack[22m | Storing File: res://assets/textures/harvest/proc/proc_extra_193_albedo.jpg.import[39m[0m
[  40% ] [90m[1msavepack[22m | Storing File: res://.godot/imported/proc_extra_193_normal.jpg-699e9175e02a6ecf99ba082d52b0fbc2.ctex[39m[0m
[  40% ] [90m[1msavepack[22m | Storing File: res://assets/textures/harvest/proc/proc_extra_193_normal.jpg.import[39m[0m
[  40% ] [90m[1msavepack[22m | Storing File: res://.godot/imported/proc_extra_193_rough.jpg-81fb0cecfb1fbcdbbd6754ca78fcfad9.ctex[39m[0m
[  40% ] [90m[1msavepack[22m | Storing File: res://assets/textures/harvest/proc/proc_extra_193_rough.jpg.import[39m[0m
[  40% ] [90m[1msavepack[22m | Storing File: res://.godot/imported/proc_extra_194_albedo.jpg-47cb06f10b2e543e85d5e984e39a1d0e.ctex[39m[0m
[  40% ] [90m[1msavepack[22m | Storing File: res://assets/textures/harvest/proc/proc_extra_194_albedo.jpg.import[39m[0m
[  40% ] [90m[1msavepack[22m | Storing File: res://.godot/imported/proc_extra_194_normal.jpg-e6cd1dd484a3146ae5bfb60ad2cac7d4.ctex[39m[0m
[  40% ] [90m[1msavepack[22m | Storing File: res://assets/textures/harvest/proc/proc_extra_194_normal.jpg.import[39m[0m
[  40% ] [90m[1msavepack[22m | Storing File: res://.godot/imported/proc_extra_194_rough.jpg-9d8295bf6a6103b427f5dc2d66f128b7.ctex[39m[0m
[  40% ] [90m[1msavepack[22m | Storing File: res://assets/textures/harvest/proc/proc_extra_194_rough.jpg.import[39m[0m
[  40% ] [90m[1msavepack[22m | Storing File: res://.godot/imported/proc_extra_195_albedo.jpg-2190bda962145a2ca01e603c64643cc8.ctex[39m[0m
[  40% ] [90m[1msavepack[22m | Storing File: res://assets/textures/harvest/proc/proc_extra_195_albedo.jpg.import[39m[0m
[  40% ] [90m[1msavepack[22m | Storing File: res://.godot/imported/proc_extra_195_normal.jpg-075c1dc29a0eb76e985a7f0dd1703b8a.ctex[39m[0m
[  40% ] [90m[1msavepack[22m | Storing File: res://assets/textures/harvest/proc/proc_extra_195_normal.jpg.import[39m[0m
[  40% ] [90m[1msavepack[22m | Storing File: res://.godot/imported/proc_extra_195_rough.jpg-8e1f7ae34e63cf0f2594380d272307f0.ctex[39m[0m
[  40% ] [90m[1msavepack[22m | Storing File: res://assets/textures/harvest/proc/proc_extra_195_rough.jpg.import[39m[0m
[  41% ] [90m[1msavepack[22m | Storing File: res://.godot/imported/proc_extra_196_albedo.jpg-1e055b3600b17b792ac784864c759c1f.ctex[39m[0m
[  41% ] [90m[1msavepack[22m | Storing File: res://assets/textures/harvest/proc/proc_extra_196_albedo.jpg.import[39m[0m
[  41% ] [90m[1msavepack[22m | Storing File: res://.godot/imported/proc_extra_196_normal.jpg-6e5c1a80a68630b5519d811edd3f4d4c.ctex[39m[0m
[  41% ] [90m[1msavepack[22m | Storing File: res://assets/textures/harvest/proc/proc_extra_196_normal.jpg.import[39m[0m
[  41% ] [90m[1msavepack[22m | Storing File: res://.godot/imported/proc_extra_196_rough.jpg-9898dc78427925f02194f4ea5e65e352.ctex[39m[0m
[  41% ] [90m[1msavepack[22m | Storing File: res://assets/textures/harvest/proc/proc_extra_196_rough.jpg.import[39m[0m
[  41% ] [90m[1msavepack[22m | Storing File: res://.godot/imported/proc_extra_197_albedo.jpg-85a198b76205a9d95cdc894af325c4ab.ctex[39m[0m
[  41% ] [90m[1msavepack[22m | Storing File: res://assets/textures/harvest/proc/proc_extra_197_albedo.jpg.import[39m[0m
[  41% ] [90m[1msavepack[22m | Storing File: res://.godot/imported/proc_extra_197_normal.jpg-038f7db455548a59ac1ccb781b7ee1a4.ctex[39m[0m
[  41% ] [90m[1msavepack[22m | Storing File: res://assets/textures/harvest/proc/proc_extra_197_normal.jpg.import[39m[0m
[  41% ] [90m[1msavepack[22m | Storing File: res://.godot/imported/proc_extra_197_rough.jpg-aaaa9438037c90c5d2ea9eda99f4d6eb.ctex[39m[0m
[  41% ] [90m[1msavepack[22m | Storing File: res://assets/textures/harvest/proc/proc_extra_197_rough.jpg.import[39m[0m
[  41% ] [90m[1msavepack[22m | Storing File: res://.godot/imported/proc_extra_198_albedo.jpg-baf40dc090e26e28b231363b9edb7bd1.ctex[39m[0m
[  41% ] [90m[1msavepack[22m | Storing File: res://assets/textures/harvest/proc/proc_extra_198_albedo.jpg.import[39m[0m
[  41% ] [90m[1msavepack[22m | Storing File: res://.godot/imported/proc_extra_198_normal.jpg-9d8bdf2bf72cb6fa6c63979dc01cb0d6.ctex[39m[0m
[  41% ] [90m[1msavepack[22m | Storing File: res://assets/textures/harvest/proc/proc_extra_198_normal.jpg.import[39m[0m
[  41% ] [90m[1msavepack[22m | Storing File: res://.godot/imported/proc_extra_198_rough.jpg-2cadef46c6f8ac2a8e5d72b2fe06aa19.ctex[39m[0m
[  41% ] [90m[1msavepack[22m | Storing File: res://assets/textures/harvest/proc/proc_extra_198_rough.jpg.import[39m[0m
[  41% ] [90m[1msavepack[22m | Storing File: res://.godot/imported/proc_extra_199_albedo.jpg-bcaa51645976752a97dcffb5bc529291.ctex[39m[0m
[  41% ] [90m[1msavepack[22m | Storing File: res://assets/textures/harvest/proc/proc_extra_199_albedo.jpg.import[39m[0m
[  41% ] [90m[1msavepack[22m | Storing File: res://.godot/imported/proc_extra_199_normal.jpg-fc3a9badb40e312da9bbb92d503fe46b.ctex[39m[0m
[  41% ] [90m[1msavepack[22m | Storing File: res://assets/textures/harvest/proc/proc_extra_199_normal.jpg.import[39m[0m
[  41% ] [90m[1msavepack[22m | Storing File: res://.godot/imported/proc_extra_199_rough.jpg-0861ef6b2edc3df2a807a788999518f1.ctex[39m[0m
[  41% ] [90m[1msavepack[22m | Storing File: res://assets/textures/harvest/proc/proc_extra_199_rough.jpg.import[39m[0m
[  41% ] [90m[1msavepack[22m | Storing File: res://.godot/imported/proc_extra_200_albedo.jpg-abadc11bf45d96126f0c4308c834e039.ctex[39m[0m
[  41% ] [90m[1msavepack[22m | Storing File: res://assets/textures/harvest/proc/proc_extra_200_albedo.jpg.import[39m[0m
[  41% ] [90m[1msavepack[22m | Storing File: res://.godot/imported/proc_extra_200_normal.jpg-4a6cfae53993e6059ff0afe15c35856f.ctex[39m[0m
[  41% ] [90m[1msavepack[22m | Storing File: res://assets/textures/harvest/proc/proc_extra_200_normal.jpg.import[39m[0m
[  41% ] [90m[1msavepack[22m | Storing File: res://.godot/imported/proc_extra_200_rough.jpg-f1810106a52e95b31912b57c2a43b76d.ctex[39m[0m
[  41% ] [90m[1msavepack[22m | Storing File: res://assets/textures/harvest/proc/proc_extra_200_rough.jpg.import[39m[0m
[  41% ] [90m[1msavepack[22m | Storing File: res://.godot/imported/proc_extra_201_albedo.jpg-a72d0444b6f295f8ebdf4cbece3c88f0.ctex[39m[0m
[  41% ] [90m[1msavepack[22m | Storing File: res://assets/textures/harvest/proc/proc_extra_201_albedo.jpg.import[39m[0m
[  41% ] [90m[1msavepack[22m | Storing File: res://.godot/imported/proc_extra_201_normal.jpg-ee14cc8e76ea2b20d4287d06136bf3fb.ctex[39m[0m
[  41% ] [90m[1msavepack[22m | Storing File: res://assets/textures/harvest/proc/proc_extra_201_normal.jpg.import[39m[0m
[  41% ] [90m[1msavepack[22m | Storing File: res://.godot/imported/proc_extra_201_rough.jpg-75bcb7dc79860eb070e1923ed1ac8a3f.ctex[39m[0m
[  41% ] [90m[1msavepack[22m | Storing File: res://assets/textures/harvest/proc/proc_extra_201_rough.jpg.import[39m[0m
[  41% ] [90m[1msavepack[22m | Storing File: res://.godot/imported/proc_extra_202_albedo.jpg-2a4343dec4ac32f91a8bda464a281b7d.ctex[39m[0m
[  41% ] [90m[1msavepack[22m | Storing File: res://assets/textures/harvest/proc/proc_extra_202_albedo.jpg.import[39m[0m
[  42% ] [90m[1msavepack[22m | Storing File: res://.godot/imported/proc_extra_202_normal.jpg-16ad097796e51ecbd272a2f4c5ad7b4d.ctex[39m[0m
[  42% ] [90m[1msavepack[22m | Storing File: res://assets/textures/harvest/proc/proc_extra_202_normal.jpg.import[39m[0m
[  42% ] [90m[1msavepack[22m | Storing File: res://.godot/imported/proc_extra_202_rough.jpg-5a122c56282cf5ad6a74df98eff2f8e6.ctex[39m[0m
[  42% ] [90m[1msavepack[22m | Storing File: res://assets/textures/harvest/proc/proc_extra_202_rough.jpg.import[39m[0m
[  42% ] [90m[1msavepack[22m | Storing File: res://.godot/imported/proc_extra_203_albedo.jpg-89e85f5e75199cb2a1c69338493d5e3d.ctex[39m[0m
[  42% ] [90m[1msavepack[22m | Storing File: res://assets/textures/harvest/proc/proc_extra_203_albedo.jpg.import[39m[0m
[  42% ] [90m[1msavepack[22m | Storing File: res://.godot/imported/proc_extra_203_normal.jpg-73813dcbf693f7d305979ee9d5d16816.ctex[39m[0m
[  42% ] [90m[1msavepack[22m | Storing File: res://assets/textures/harvest/proc/proc_extra_203_normal.jpg.import[39m[0m
[  42% ] [90m[1msavepack[22m | Storing File: res://.godot/imported/proc_extra_203_rough.jpg-5c96ae5e69c4b76ad484169544716919.ctex[39m[0m
[  42% ] [90m[1msavepack[22m | Storing File: res://assets/textures/harvest/proc/proc_extra_203_rough.jpg.import[39m[0m
[  42% ] [90m[1msavepack[22m | Storing File: res://.godot/imported/proc_extra_204_albedo.jpg-5a6d9dbad633afc4073590a79c4466dd.ctex[39m[0m
[  42% ] [90m[1msavepack[22m | Storing File: res://assets/textures/harvest/proc/proc_extra_204_albedo.jpg.import[39m[0m
[  42% ] [90m[1msavepack[22m | Storing File: res://.godot/imported/proc_extra_204_normal.jpg-4eb08635654ffc063bd9e81445b5e671.ctex[39m[0m
[  42% ] [90m[1msavepack[22m | Storing File: res://assets/textures/harvest/proc/proc_extra_204_normal.jpg.import[39m[0m
[  42% ] [90m[1msavepack[22m | Storing File: res://.godot/imported/proc_extra_204_rough.jpg-ddb086c91da04cec418f418b3bb31c2b.ctex[39m[0m
[  42% ] [90m[1msavepack[22m | Storing File: res://assets/textures/harvest/proc/proc_extra_204_rough.jpg.import[39m[0m
[  42% ] [90m[1msavepack[22m | Storing File: res://.godot/imported/proc_extra_205_albedo.jpg-263e6654abdbfff4bcdfe8c50515ccee.ctex[39m[0m
[  42% ] [90m[1msavepack[22m | Storing File: res://assets/textures/harvest/proc/proc_extra_205_albedo.jpg.import[39m[0m
[  42% ] [90m[1msavepack[22m | Storing File: res://.godot/imported/proc_extra_205_normal.jpg-f9aafe8c25520123b6cdea4e7f34db9a.ctex[39m[0m
[  42% ] [90m[1msavepack[22m | Storing File: res://assets/textures/harvest/proc/proc_extra_205_normal.jpg.import[39m[0m
[  42% ] [90m[1msavepack[22m | Storing File: res://.godot/imported/proc_extra_205_rough.jpg-3097c1d264f7a255995fb953379bf5a3.ctex[39m[0m
[  42% ] [90m[1msavepack[22m | Storing File: res://assets/textures/harvest/proc/proc_extra_205_rough.jpg.import[39m[0m
[  42% ] [90m[1msavepack[22m | Storing File: res://.godot/imported/proc_extra_206_albedo.jpg-89ba1936101a144e3005ad71a98db221.ctex[39m[0m
[  42% ] [90m[1msavepack[22m | Storing File: res://assets/textures/harvest/proc/proc_extra_206_albedo.jpg.import[39m[0m
[  42% ] [90m[1msavepack[22m | Storing File: res://.godot/imported/proc_extra_206_normal.jpg-75f6b86e4a44e74ba240452eb793c7c2.ctex[39m[0m
[  42% ] [90m[1msavepack[22m | Storing File: res://assets/textures/harvest/proc/proc_extra_206_normal.jpg.import[39m[0m
[  42% ] [90m[1msavepack[22m | Storing File: res://.godot/imported/proc_extra_206_rough.jpg-23d68a9139a1f9c87764fbba969d8f12.ctex[39m[0m
[  42% ] [90m[1msavepack[22m | Storing File: res://assets/textures/harvest/proc/proc_extra_206_rough.jpg.import[39m[0m
[  42% ] [90m[1msavepack[22m | Storing File: res://.godot/imported/proc_extra_207_albedo.jpg-38544dbb5dbd7dc34c19e1eab6f95c53.ctex[39m[0m
[  42% ] [90m[1msavepack[22m | Storing File: res://assets/textures/harvest/proc/proc_extra_207_albedo.jpg.import[39m[0m
[  42% ] [90m[1msavepack[22m | Storing File: res://.godot/imported/proc_extra_207_normal.jpg-c1eb478ce7e65f5f4e98250ec65161bc.ctex[39m[0m
[  42% ] [90m[1msavepack[22m | Storing File: res://assets/textures/harvest/proc/proc_extra_207_normal.jpg.import[39m[0m
[  42% ] [90m[1msavepack[22m | Storing File: res://.godot/imported/proc_extra_207_rough.jpg-45cc168d892109430d260130e349d312.ctex[39m[0m
[  42% ] [90m[1msavepack[22m | Storing File: res://assets/textures/harvest/proc/proc_extra_207_rough.jpg.import[39m[0m
[  42% ] [90m[1msavepack[22m | Storing File: res://.godot/imported/proc_extra_208_albedo.jpg-f2fabfc369bff90d3a1aebb81b77c5ac.ctex[39m[0m
[  42% ] [90m[1msavepack[22m | Storing File: res://assets/textures/harvest/proc/proc_extra_208_albedo.jpg.import[39m[0m
[  42% ] [90m[1msavepack[22m | Storing File: res://.godot/imported/proc_extra_208_normal.jpg-83cb96ea981957b0560c6c6ec9d1abff.ctex[39m[0m
[  42% ] [90m[1msavepack[22m | Storing File: res://assets/textures/harvest/proc/proc_extra_208_normal.jpg.import[39m[0m
[  43% ] [90m[1msavepack[22m | Storing File: res://.godot/imported/proc_extra_208_rough.jpg-882144eab3321fbcfbbd00d12f9b5e8c.ctex[39m[0m
[  43% ] [90m[1msavepack[22m | Storing File: res://assets/textures/harvest/proc/proc_extra_208_rough.jpg.import[39m[0m
[  43% ] [90m[1msavepack[22m | Storing File: res://.godot/imported/proc_extra_209_albedo.jpg-f52f06f568329b57b748a72b4a7492d2.ctex[39m[0m
[  43% ] [90m[1msavepack[22m | Storing File: res://assets/textures/harvest/proc/proc_extra_209_albedo.jpg.import[39m[0m
[  43% ] [90m[1msavepack[22m | Storing File: res://.godot/imported/proc_extra_209_normal.jpg-dfcfd4b140644fb426fcb395139e4640.ctex[39m[0m
[  43% ] [90m[1msavepack[22m | Storing File: res://assets/textures/harvest/proc/proc_extra_209_normal.jpg.import[39m[0m
[  43% ] [90m[1msavepack[22m | Storing File: res://.godot/imported/proc_extra_209_rough.jpg-0a3fe15f5facff8c9970987f89c8a136.ctex[39m[0m
[  43% ] [90m[1msavepack[22m | Storing File: res://assets/textures/harvest/proc/proc_extra_209_rough.jpg.import[39m[0m
[  43% ] [90m[1msavepack[22m | Storing File: res://.godot/imported/proc_extra_210_albedo.jpg-a8c74e66107a304d0f8e1503d78f29bb.ctex[39m[0m
[  43% ] [90m[1msavepack[22m | Storing File: res://assets/textures/harvest/proc/proc_extra_210_albedo.jpg.import[39m[0m
[  43% ] [90m[1msavepack[22m | Storing File: res://.godot/imported/proc_extra_210_normal.jpg-9c79d2cfc873b32ba75aae61571f2097.ctex[39m[0m
[  43% ] [90m[1msavepack[22m | Storing File: res://assets/textures/harvest/proc/proc_extra_210_normal.jpg.import[39m[0m
[  43% ] [90m[1msavepack[22m | Storing File: res://.godot/imported/proc_extra_210_rough.jpg-25fb274285c25be993d799875ac0de3f.ctex[39m[0m
[  43% ] [90m[1msavepack[22m | Storing File: res://assets/textures/harvest/proc/proc_extra_210_rough.jpg.import[39m[0m
[  43% ] [90m[1msavepack[22m | Storing File: res://.godot/imported/proc_extra_211_albedo.jpg-d12570ce3c3736fea48af5e9f96f6038.ctex[39m[0m
[  43% ] [90m[1msavepack[22m | Storing File: res://assets/textures/harvest/proc/proc_extra_211_albedo.jpg.import[39m[0m
[  43% ] [90m[1msavepack[22m | Storing File: res://.godot/imported/proc_extra_211_normal.jpg-29042ae1797dc8226650db58837ef5e1.ctex[39m[0m
[  43% ] [90m[1msavepack[22m | Storing File: res://assets/textures/harvest/proc/proc_extra_211_normal.jpg.import[39m[0m
[  43% ] [90m[1msavepack[22m | Storing File: res://.godot/imported/proc_extra_211_rough.jpg-5d06a2a083b8bf056761ed7a4a43f5a9.ctex[39m[0m
[  43% ] [90m[1msavepack[22m | Storing File: res://assets/textures/harvest/proc/proc_extra_211_rough.jpg.import[39m[0m
[  43% ] [90m[1msavepack[22m | Storing File: res://.godot/imported/proc_extra_212_albedo.jpg-d5c525d18793ffc94045bbd2fc26ae6b.ctex[39m[0m
[  43% ] [90m[1msavepack[22m | Storing File: res://assets/textures/harvest/proc/proc_extra_212_albedo.jpg.import[39m[0m
[  43% ] [90m[1msavepack[22m | Storing File: res://.godot/imported/proc_extra_212_normal.jpg-f71cfe41bc59f27e34c6dc5f17f7bbb2.ctex[39m[0m
[  43% ] [90m[1msavepack[22m | Storing File: res://assets/textures/harvest/proc/proc_extra_212_normal.jpg.import[39m[0m
[  43% ] [90m[1msavepack[22m | Storing File: res://.godot/imported/proc_extra_212_rough.jpg-36dc5f9ebe04211a34a9c3402ab112a3.ctex[39m[0m
[  43% ] [90m[1msavepack[22m | Storing File: res://assets/textures/harvest/proc/proc_extra_212_rough.jpg.import[39m[0m
[  43% ] [90m[1msavepack[22m | Storing File: res://.godot/imported/proc_extra_213_albedo.jpg-6a49d6ff33686b09ecc773e2813741f6.ctex[39m[0m
[  43% ] [90m[1msavepack[22m | Storing File: res://assets/textures/harvest/proc/proc_extra_213_albedo.jpg.import[39m[0m
[  43% ] [90m[1msavepack[22m | Storing File: res://.godot/imported/proc_extra_213_normal.jpg-049f9db6caf8b6a9efffda4cc64584b5.ctex[39m[0m
[  43% ] [90m[1msavepack[22m | Storing File: res://assets/textures/harvest/proc/proc_extra_213_normal.jpg.import[39m[0m
[  43% ] [90m[1msavepack[22m | Storing File: res://.godot/imported/proc_extra_213_rough.jpg-cabdcfd540f22dbea0995652738ef0ba.ctex[39m[0m
[  43% ] [90m[1msavepack[22m | Storing File: res://assets/textures/harvest/proc/proc_extra_213_rough.jpg.import[39m[0m
[  43% ] [90m[1msavepack[22m | Storing File: res://.godot/imported/proc_extra_214_albedo.jpg-7879d890b91337d48587b0a805392667.ctex[39m[0m
[  43% ] [90m[1msavepack[22m | Storing File: res://assets/textures/harvest/proc/proc_extra_214_albedo.jpg.import[39m[0m
[  43% ] [90m[1msavepack[22m | Storing File: res://.godot/imported/proc_extra_214_normal.jpg-00b3d9d89c32acfbc70319aed10d1e30.ctex[39m[0m
[  43% ] [90m[1msavepack[22m | Storing File: res://assets/textures/harvest/proc/proc_extra_214_normal.jpg.import[39m[0m
[  43% ] [90m[1msavepack[22m | Storing File: res://.godot/imported/proc_extra_214_rough.jpg-9fcb852f2b342735ba3cc16aebdd4f3f.ctex[39m[0m
[  43% ] [90m[1msavepack[22m | Storing File: res://assets/textures/harvest/proc/proc_extra_214_rough.jpg.import[39m[0m
[  44% ] [90m[1msavepack[22m | Storing File: res://.godot/imported/proc_extra_215_albedo.jpg-6db7e477ebb13bb1a0e4318c00fc1f3d.ctex[39m[0m
[  44% ] [90m[1msavepack[22m | Storing File: res://assets/textures/harvest/proc/proc_extra_215_albedo.jpg.import[39m[0m
[  44% ] [90m[1msavepack[22m | Storing File: res://.godot/imported/proc_extra_215_normal.jpg-4ccd95e6867f791d5a069a7941bffa2a.ctex[39m[0m
[  44% ] [90m[1msavepack[22m | Storing File: res://assets/textures/harvest/proc/proc_extra_215_normal.jpg.import[39m[0m
[  44% ] [90m[1msavepack[22m | Storing File: res://.godot/imported/proc_extra_215_rough.jpg-1964d677e0358270039bec1957cd0c75.ctex[39m[0m
[  44% ] [90m[1msavepack[22m | Storing File: res://assets/textures/harvest/proc/proc_extra_215_rough.jpg.import[39m[0m
[  44% ] [90m[1msavepack[22m | Storing File: res://.godot/imported/proc_extra_216_albedo.jpg-160b29efe36c79b226222e5ad02d31de.ctex[39m[0m
[  44% ] [90m[1msavepack[22m | Storing File: res://assets/textures/harvest/proc/proc_extra_216_albedo.jpg.import[39m[0m
[  44% ] [90m[1msavepack[22m | Storing File: res://.godot/imported/proc_extra_216_normal.jpg-7d218c1192d9edea793b6e900b030cb3.ctex[39m[0m
[  44% ] [90m[1msavepack[22m | Storing File: res://assets/textures/harvest/proc/proc_extra_216_normal.jpg.import[39m[0m
[  44% ] [90m[1msavepack[22m | Storing File: res://.godot/imported/proc_extra_216_rough.jpg-f75179032e410171a9b9a7e89e66d42b.ctex[39m[0m
[  44% ] [90m[1msavepack[22m | Storing File: res://assets/textures/harvest/proc/proc_extra_216_rough.jpg.import[39m[0m
[  44% ] [90m[1msavepack[22m | Storing File: res://.godot/imported/proc_extra_217_albedo.jpg-afdeaa0bfd4957adbf0b165aff3ab52c.ctex[39m[0m
[  44% ] [90m[1msavepack[22m | Storing File: res://assets/textures/harvest/proc/proc_extra_217_albedo.jpg.import[39m[0m
[  44% ] [90m[1msavepack[22m | Storing File: res://.godot/imported/proc_extra_217_normal.jpg-73a2d3cd44e95e1dc60343e5b8134c56.ctex[39m[0m
[  44% ] [90m[1msavepack[22m | Storing File: res://assets/textures/harvest/proc/proc_extra_217_normal.jpg.import[39m[0m
[  44% ] [90m[1msavepack[22m | Storing File: res://.godot/imported/proc_extra_217_rough.jpg-1af3318b76ea0849988fbb703e68a463.ctex[39m[0m
[  44% ] [90m[1msavepack[22m | Storing File: res://assets/textures/harvest/proc/proc_extra_217_rough.jpg.import[39m[0m
[  44% ] [90m[1msavepack[22m | Storing File: res://.godot/imported/proc_extra_218_albedo.jpg-9ca99051bbd5fe1e063c96f0aadfb15d.ctex[39m[0m
[  44% ] [90m[1msavepack[22m | Storing File: res://assets/textures/harvest/proc/proc_extra_218_albedo.jpg.import[39m[0m
[  44% ] [90m[1msavepack[22m | Storing File: res://.godot/imported/proc_extra_218_normal.jpg-1948093164de4d90e0d6307585f12d39.ctex[39m[0m
[  44% ] [90m[1msavepack[22m | Storing File: res://assets/textures/harvest/proc/proc_extra_218_normal.jpg.import[39m[0m
[  44% ] [90m[1msavepack[22m | Storing File: res://.godot/imported/proc_extra_218_rough.jpg-43b0ef76e89ef9d09aacce80b0a1ceb7.ctex[39m[0m
[  44% ] [90m[1msavepack[22m | Storing File: res://assets/textures/harvest/proc/proc_extra_218_rough.jpg.import[39m[0m
[  44% ] [90m[1msavepack[22m | Storing File: res://.godot/imported/proc_extra_219_albedo.jpg-b52b1b69d3168730f760b19479e44977.ctex[39m[0m
[  44% ] [90m[1msavepack[22m | Storing File: res://assets/textures/harvest/proc/proc_extra_219_albedo.jpg.import[39m[0m
[  44% ] [90m[1msavepack[22m | Storing File: res://.godot/imported/proc_extra_219_normal.jpg-ffe338fcb6ae130922810bd75fe693df.ctex[39m[0m
[  44% ] [90m[1msavepack[22m | Storing File: res://assets/textures/harvest/proc/proc_extra_219_normal.jpg.import[39m[0m
[  44% ] [90m[1msavepack[22m | Storing File: res://.godot/imported/proc_extra_219_rough.jpg-4f1a955eda13dd89b41341b8c8daea91.ctex[39m[0m
[  44% ] [90m[1msavepack[22m | Storing File: res://assets/textures/harvest/proc/proc_extra_219_rough.jpg.import[39m[0m
[  44% ] [90m[1msavepack[22m | Storing File: res://.godot/imported/proc_extra_220_albedo.jpg-4c5cf8b088bff0aa57a81ad4d5500b75.ctex[39m[0m
[  44% ] [90m[1msavepack[22m | Storing File: res://assets/textures/harvest/proc/proc_extra_220_albedo.jpg.import[39m[0m
[  44% ] [90m[1msavepack[22m | Storing File: res://.godot/imported/proc_extra_220_normal.jpg-ecf56ecdfeee7b0849eb734d73d9e6be.ctex[39m[0m
[  44% ] [90m[1msavepack[22m | Storing File: res://assets/textures/harvest/proc/proc_extra_220_normal.jpg.import[39m[0m
[  44% ] [90m[1msavepack[22m | Storing File: res://.godot/imported/proc_extra_220_rough.jpg-93bbab0499e654538d141d7bf046ba91.ctex[39m[0m
[  44% ] [90m[1msavepack[22m | Storing File: res://assets/textures/harvest/proc/proc_extra_220_rough.jpg.import[39m[0m
[  44% ] [90m[1msavepack[22m | Storing File: res://.godot/imported/proc_extra_221_albedo.jpg-35cadc8a9b37d09176031c545bb39961.ctex[39m[0m
[  44% ] [90m[1msavepack[22m | Storing File: res://assets/textures/harvest/proc/proc_extra_221_albedo.jpg.import[39m[0m
[  45% ] [90m[1msavepack[22m | Storing File: res://.godot/imported/proc_extra_221_normal.jpg-bab4f29eb82bd91897cd88d98ce239ef.ctex[39m[0m
[  45% ] [90m[1msavepack[22m | Storing File: res://assets/textures/harvest/proc/proc_extra_221_normal.jpg.import[39m[0m
[  45% ] [90m[1msavepack[22m | Storing File: res://.godot/imported/proc_extra_221_rough.jpg-5c73161f93f8436e186dbeb1cff86081.ctex[39m[0m
[  45% ] [90m[1msavepack[22m | Storing File: res://assets/textures/harvest/proc/proc_extra_221_rough.jpg.import[39m[0m
[  45% ] [90m[1msavepack[22m | Storing File: res://.godot/imported/proc_extra_222_albedo.jpg-782fe9d27f3c0c197416a84a8c14ef01.ctex[39m[0m
[  45% ] [90m[1msavepack[22m | Storing File: res://assets/textures/harvest/proc/proc_extra_222_albedo.jpg.import[39m[0m
[  45% ] [90m[1msavepack[22m | Storing File: res://.godot/imported/proc_extra_222_normal.jpg-17aa9d83e1b2b0069127ced18f730ff6.ctex[39m[0m
[  45% ] [90m[1msavepack[22m | Storing File: res://assets/textures/harvest/proc/proc_extra_222_normal.jpg.import[39m[0m
[  45% ] [90m[1msavepack[22m | Storing File: res://.godot/imported/proc_extra_222_rough.jpg-2bf59e7754b978976b4b8d9075186163.ctex[39m[0m
[  45% ] [90m[1msavepack[22m | Storing File: res://assets/textures/harvest/proc/proc_extra_222_rough.jpg.import[39m[0m
[  45% ] [90m[1msavepack[22m | Storing File: res://.godot/imported/proc_extra_223_albedo.jpg-7b05a7800f39cc13841c4cec6295f493.ctex[39m[0m
[  45% ] [90m[1msavepack[22m | Storing File: res://assets/textures/harvest/proc/proc_extra_223_albedo.jpg.import[39m[0m
[  45% ] [90m[1msavepack[22m | Storing File: res://.godot/imported/proc_extra_223_normal.jpg-ae13be46462dfe5a5488f514bb99491b.ctex[39m[0m
[  45% ] [90m[1msavepack[22m | Storing File: res://assets/textures/harvest/proc/proc_extra_223_normal.jpg.import[39m[0m
[  45% ] [90m[1msavepack[22m | Storing File: res://.godot/imported/proc_extra_223_rough.jpg-ab499e380b6ccbc4577da6133059846e.ctex[39m[0m
[  45% ] [90m[1msavepack[22m | Storing File: res://assets/textures/harvest/proc/proc_extra_223_rough.jpg.import[39m[0m
[  45% ] [90m[1msavepack[22m | Storing File: res://.godot/imported/proc_extra_224_albedo.jpg-91f0a2aa17fd752d3f227b15ede8947e.ctex[39m[0m
[  45% ] [90m[1msavepack[22m | Storing File: res://assets/textures/harvest/proc/proc_extra_224_albedo.jpg.import[39m[0m
[  45% ] [90m[1msavepack[22m | Storing File: res://.godot/imported/proc_extra_224_normal.jpg-6f9395f9935b9c268dfca977fe134718.ctex[39m[0m
[  45% ] [90m[1msavepack[22m | Storing File: res://assets/textures/harvest/proc/proc_extra_224_normal.jpg.import[39m[0m
[  45% ] [90m[1msavepack[22m | Storing File: res://.godot/imported/proc_extra_224_rough.jpg-da955f41a1d5b39addd5a041f898165a.ctex[39m[0m
[  45% ] [90m[1msavepack[22m | Storing File: res://assets/textures/harvest/proc/proc_extra_224_rough.jpg.import[39m[0m
[  45% ] [90m[1msavepack[22m | Storing File: res://.godot/imported/proc_extra_225_albedo.jpg-e8ffb52c14d0ae57081b98dec15fd931.ctex[39m[0m
[  45% ] [90m[1msavepack[22m | Storing File: res://assets/textures/harvest/proc/proc_extra_225_albedo.jpg.import[39m[0m
[  45% ] [90m[1msavepack[22m | Storing File: res://.godot/imported/proc_extra_225_normal.jpg-984230cbedf20a073fd9972579344cee.ctex[39m[0m
[  45% ] [90m[1msavepack[22m | Storing File: res://assets/textures/harvest/proc/proc_extra_225_normal.jpg.import[39m[0m
[  45% ] [90m[1msavepack[22m | Storing File: res://.godot/imported/proc_extra_225_rough.jpg-be1e02288008e512ff17cdd5b6f2f663.ctex[39m[0m
[  45% ] [90m[1msavepack[22m | Storing File: res://assets/textures/harvest/proc/proc_extra_225_rough.jpg.import[39m[0m
[  45% ] [90m[1msavepack[22m | Storing File: res://.godot/imported/proc_extra_226_albedo.jpg-f4d49c7c57f2f3839507214131c9d98c.ctex[39m[0m
[  45% ] [90m[1msavepack[22m | Storing File: res://assets/textures/harvest/proc/proc_extra_226_albedo.jpg.import[39m[0m
[  45% ] [90m[1msavepack[22m | Storing File: res://.godot/imported/proc_extra_226_normal.jpg-95fdd8fc220fe86b76edaa479dfab8d3.ctex[39m[0m
[  45% ] [90m[1msavepack[22m | Storing File: res://assets/textures/harvest/proc/proc_extra_226_normal.jpg.import[39m[0m
[  45% ] [90m[1msavepack[22m | Storing File: res://.godot/imported/proc_extra_226_rough.jpg-2be31d3aa2a43bdd83d02893a86fb8c0.ctex[39m[0m
[  45% ] [90m[1msavepack[22m | Storing File: res://assets/textures/harvest/proc/proc_extra_226_rough.jpg.import[39m[0m
[  45% ] [90m[1msavepack[22m | Storing File: res://.godot/imported/proc_extra_227_albedo.jpg-137ebaf441c2b560e7f4e6ba225205d6.ctex[39m[0m
[  45% ] [90m[1msavepack[22m | Storing File: res://assets/textures/harvest/proc/proc_extra_227_albedo.jpg.import[39m[0m
[  45% ] [90m[1msavepack[22m | Storing File: res://.godot/imported/proc_extra_227_normal.jpg-e1957edf956e3fa52b4ae4905d33ec68.ctex[39m[0m
[  45% ] [90m[1msavepack[22m | Storing File: res://assets/textures/harvest/proc/proc_extra_227_normal.jpg.import[39m[0m
[  46% ] [90m[1msavepack[22m | Storing File: res://.godot/imported/proc_extra_227_rough.jpg-8d254b10197f00a9206670533286eb9d.ctex[39m[0m
[  46% ] [90m[1msavepack[22m | Storing File: res://assets/textures/harvest/proc/proc_extra_227_rough.jpg.import[39m[0m
[  46% ] [90m[1msavepack[22m | Storing File: res://.godot/imported/proc_extra_228_albedo.jpg-d343ce464c4c8f1b020bcaeb81abd975.ctex[39m[0m
[  46% ] [90m[1msavepack[22m | Storing File: res://assets/textures/harvest/proc/proc_extra_228_albedo.jpg.import[39m[0m
[  46% ] [90m[1msavepack[22m | Storing File: res://.godot/imported/proc_extra_228_normal.jpg-18f38b6e52ef472c0e407427ba82fed6.ctex[39m[0m
[  46% ] [90m[1msavepack[22m | Storing File: res://assets/textures/harvest/proc/proc_extra_228_normal.jpg.import[39m[0m
[  46% ] [90m[1msavepack[22m | Storing File: res://.godot/imported/proc_extra_228_rough.jpg-da52c451d5e5f32e65b8781a46aa60ce.ctex[39m[0m
[  46% ] [90m[1msavepack[22m | Storing File: res://assets/textures/harvest/proc/proc_extra_228_rough.jpg.import[39m[0m
[  46% ] [90m[1msavepack[22m | Storing File: res://.godot/imported/proc_extra_229_albedo.jpg-9b48c6ece4a209ac609bc712ae7305e8.ctex[39m[0m
[  46% ] [90m[1msavepack[22m | Storing File: res://assets/textures/harvest/proc/proc_extra_229_albedo.jpg.import[39m[0m
[  46% ] [90m[1msavepack[22m | Storing File: res://.godot/imported/proc_extra_229_normal.jpg-88d5bb36a71a4ce31b430359b77a21f9.ctex[39m[0m
[  46% ] [90m[1msavepack[22m | Storing File: res://assets/textures/harvest/proc/proc_extra_229_normal.jpg.import[39m[0m
[  46% ] [90m[1msavepack[22m | Storing File: res://.godot/imported/proc_extra_229_rough.jpg-34533cad8050a3017dd462057a9ff2c6.ctex[39m[0m
[  46% ] [90m[1msavepack[22m | Storing File: res://assets/textures/harvest/proc/proc_extra_229_rough.jpg.import[39m[0m
[  46% ] [90m[1msavepack[22m | Storing File: res://.godot/imported/proc_extra_230_albedo.jpg-938a4168e4a749c471eb365ba9cfe9f3.ctex[39m[0m
[  46% ] [90m[1msavepack[22m | Storing File: res://assets/textures/harvest/proc/proc_extra_230_albedo.jpg.import[39m[0m
[  46% ] [90m[1msavepack[22m | Storing File: res://.godot/imported/proc_extra_230_normal.jpg-629597e3d7d52a02071f8dea46c21569.ctex[39m[0m
[  46% ] [90m[1msavepack[22m | Storing File: res://assets/textures/harvest/proc/proc_extra_230_normal.jpg.import[39m[0m
[  46% ] [90m[1msavepack[22m | Storing File: res://.godot/imported/proc_extra_230_rough.jpg-1c50718e26114e3d6241b8da638eb550.ctex[39m[0m
[  46% ] [90m[1msavepack[22m | Storing File: res://assets/textures/harvest/proc/proc_extra_230_rough.jpg.import[39m[0m
[  46% ] [90m[1msavepack[22m | Storing File: res://.godot/imported/proc_extra_231_albedo.jpg-f31bf5eba891404257bf923c820aa480.ctex[39m[0m
[  46% ] [90m[1msavepack[22m | Storing File: res://assets/textures/harvest/proc/proc_extra_231_albedo.jpg.import[39m[0m
[  46% ] [90m[1msavepack[22m | Storing File: res://.godot/imported/proc_extra_231_normal.jpg-47a358908cda03e4662ebadf8020e455.ctex[39m[0m
[  46% ] [90m[1msavepack[22m | Storing File: res://assets/textures/harvest/proc/proc_extra_231_normal.jpg.import[39m[0m
[  46% ] [90m[1msavepack[22m | Storing File: res://.godot/imported/proc_extra_231_rough.jpg-0b692d28404820ab7600f29f38495493.ctex[39m[0m
[  46% ] [90m[1msavepack[22m | Storing File: res://assets/textures/harvest/proc/proc_extra_231_rough.jpg.import[39m[0m
[  46% ] [90m[1msavepack[22m | Storing File: res://.godot/imported/proc_extra_232_albedo.jpg-e5607686c136723fafcb88b4cdd4db7f.ctex[39m[0m
[  46% ] [90m[1msavepack[22m | Storing File: res://assets/textures/harvest/proc/proc_extra_232_albedo.jpg.import[39m[0m
[  46% ] [90m[1msavepack[22m | Storing File: res://.godot/imported/proc_extra_232_normal.jpg-e1532e7330fb7f72155173c230cd67d3.ctex[39m[0m
[  46% ] [90m[1msavepack[22m | Storing File: res://assets/textures/harvest/proc/proc_extra_232_normal.jpg.import[39m[0m
[  46% ] [90m[1msavepack[22m | Storing File: res://.godot/imported/proc_extra_232_rough.jpg-332b982d3e02b25533990c2b8584c126.ctex[39m[0m
[  46% ] [90m[1msavepack[22m | Storing File: res://assets/textures/harvest/proc/proc_extra_232_rough.jpg.import[39m[0m
[  46% ] [90m[1msavepack[22m | Storing File: res://.godot/imported/proc_extra_233_albedo.jpg-f055bbe99832d7e4e6959d134cc34e9e.ctex[39m[0m
[  46% ] [90m[1msavepack[22m | Storing File: res://assets/textures/harvest/proc/proc_extra_233_albedo.jpg.import[39m[0m
[  46% ] [90m[1msavepack[22m | Storing File: res://.godot/imported/proc_extra_233_normal.jpg-3ad766af162302966c51dca1ad83a4cf.ctex[39m[0m
[  46% ] [90m[1msavepack[22m | Storing File: res://assets/textures/harvest/proc/proc_extra_233_normal.jpg.import[39m[0m
[  46% ] [90m[1msavepack[22m | Storing File: res://.godot/imported/proc_extra_233_rough.jpg-00cf1d361aa2ea5d28088f0e0b1f227b.ctex[39m[0m
[  46% ] [90m[1msavepack[22m | Storing File: res://assets/textures/harvest/proc/proc_extra_233_rough.jpg.import[39m[0m
[  47% ] [90m[1msavepack[22m | Storing File: res://.godot/imported/proc_extra_234_albedo.jpg-77b47a6fc0c3cdc2ba9043596eff39dd.ctex[39m[0m
[  47% ] [90m[1msavepack[22m | Storing File: res://assets/textures/harvest/proc/proc_extra_234_albedo.jpg.import[39m[0m
[  47% ] [90m[1msavepack[22m | Storing File: res://.godot/imported/proc_extra_234_normal.jpg-03b66d8b70ab255fde128f0483f25645.ctex[39m[0m
[  47% ] [90m[1msavepack[22m | Storing File: res://assets/textures/harvest/proc/proc_extra_234_normal.jpg.import[39m[0m
[  47% ] [90m[1msavepack[22m | Storing File: res://.godot/imported/proc_extra_234_rough.jpg-42ec0f45365e6b18a84c7bad436fbcfc.ctex[39m[0m
[  47% ] [90m[1msavepack[22m | Storing File: res://assets/textures/harvest/proc/proc_extra_234_rough.jpg.import[39m[0m
[  47% ] [90m[1msavepack[22m | Storing File: res://.godot/imported/proc_extra_235_albedo.jpg-acbedb89426a2904cb35ea6de99ad6ea.ctex[39m[0m
[  47% ] [90m[1msavepack[22m | Storing File: res://assets/textures/harvest/proc/proc_extra_235_albedo.jpg.import[39m[0m
[  47% ] [90m[1msavepack[22m | Storing File: res://.godot/imported/proc_extra_235_normal.jpg-81d4fe54f03bbb469786300635667308.ctex[39m[0m
[  47% ] [90m[1msavepack[22m | Storing File: res://assets/textures/harvest/proc/proc_extra_235_normal.jpg.import[39m[0m
[  47% ] [90m[1msavepack[22m | Storing File: res://.godot/imported/proc_extra_235_rough.jpg-6f4ba0d27395574628d19764251cfb46.ctex[39m[0m
[  47% ] [90m[1msavepack[22m | Storing File: res://assets/textures/harvest/proc/proc_extra_235_rough.jpg.import[39m[0m
[  47% ] [90m[1msavepack[22m | Storing File: res://.godot/imported/proc_extra_236_albedo.jpg-36eecdbf436dc64fb94bcdafed712e9e.ctex[39m[0m
[  47% ] [90m[1msavepack[22m | Storing File: res://assets/textures/harvest/proc/proc_extra_236_albedo.jpg.import[39m[0m
[  47% ] [90m[1msavepack[22m | Storing File: res://.godot/imported/proc_extra_236_normal.jpg-b882593c1f1cbb355cdd46a4f213488c.ctex[39m[0m
[  47% ] [90m[1msavepack[22m | Storing File: res://assets/textures/harvest/proc/proc_extra_236_normal.jpg.import[39m[0m
[  47% ] [90m[1msavepack[22m | Storing File: res://.godot/imported/proc_extra_236_rough.jpg-fd73fe1d1b2cf9084376f0566033626d.ctex[39m[0m
[  47% ] [90m[1msavepack[22m | Storing File: res://assets/textures/harvest/proc/proc_extra_236_rough.jpg.import[39m[0m
[  47% ] [90m[1msavepack[22m | Storing File: res://.godot/imported/proc_extra_237_albedo.jpg-608ffc8b3e165ae3db377809d5e6824b.ctex[39m[0m
[  47% ] [90m[1msavepack[22m | Storing File: res://assets/textures/harvest/proc/proc_extra_237_albedo.jpg.import[39m[0m
[  47% ] [90m[1msavepack[22m | Storing File: res://.godot/imported/proc_extra_237_normal.jpg-f691729d57a792281741de545b250b64.ctex[39m[0m
[  47% ] [90m[1msavepack[22m | Storing File: res://assets/textures/harvest/proc/proc_extra_237_normal.jpg.import[39m[0m
[  47% ] [90m[1msavepack[22m | Storing File: res://.godot/imported/proc_extra_237_rough.jpg-3d2b07d808275588a58b3c5b689cb7e1.ctex[39m[0m
[  47% ] [90m[1msavepack[22m | Storing File: res://assets/textures/harvest/proc/proc_extra_237_rough.jpg.import[39m[0m
[  47% ] [90m[1msavepack[22m | Storing File: res://.godot/imported/proc_extra_238_albedo.jpg-0a55dbfa362e52710adb52de8e2c4f49.ctex[39m[0m
[  47% ] [90m[1msavepack[22m | Storing File: res://assets/textures/harvest/proc/proc_extra_238_albedo.jpg.import[39m[0m
[  47% ] [90m[1msavepack[22m | Storing File: res://.godot/imported/proc_extra_238_normal.jpg-f5cb39a1aa8142b5b5aa0fc15c3a1fdd.ctex[39m[0m
[  47% ] [90m[1msavepack[22m | Storing File: res://assets/textures/harvest/proc/proc_extra_238_normal.jpg.import[39m[0m
[  47% ] [90m[1msavepack[22m | Storing File: res://.godot/imported/proc_extra_238_rough.jpg-6a9d21f1e470b7a2d99ade3469bcc7b9.ctex[39m[0m
[  47% ] [90m[1msavepack[22m | Storing File: res://assets/textures/harvest/proc/proc_extra_238_rough.jpg.import[39m[0m
[  47% ] [90m[1msavepack[22m | Storing File: res://.godot/imported/proc_extra_239_albedo.jpg-384b90d1838ee7ada96b0289d3245187.ctex[39m[0m
[  47% ] [90m[1msavepack[22m | Storing File: res://assets/textures/harvest/proc/proc_extra_239_albedo.jpg.import[39m[0m
[  47% ] [90m[1msavepack[22m | Storing File: res://.godot/imported/proc_extra_239_normal.jpg-cd24c263ff6d7740addd00d2a15314f7.ctex[39m[0m
[  47% ] [90m[1msavepack[22m | Storing File: res://assets/textures/harvest/proc/proc_extra_239_normal.jpg.import[39m[0m
[  47% ] [90m[1msavepack[22m | Storing File: res://.godot/imported/proc_extra_239_rough.jpg-49b759b55bac2fa3ee1260da9a2f23e0.ctex[39m[0m
[  47% ] [90m[1msavepack[22m | Storing File: res://assets/textures/harvest/proc/proc_extra_239_rough.jpg.import[39m[0m
[  47% ] [90m[1msavepack[22m | Storing File: res://.godot/imported/proc_extra_240_albedo.jpg-2c21182f9996536770a0600183048e0d.ctex[39m[0m
[  47% ] [90m[1msavepack[22m | Storing File: res://assets/textures/harvest/proc/proc_extra_240_albedo.jpg.import[39m[0m
[  48% ] [90m[1msavepack[22m | Storing File: res://.godot/imported/proc_extra_240_normal.jpg-2db1f90b3cb127b5aeca931b6602c0e3.ctex[39m[0m
[  48% ] [90m[1msavepack[22m | Storing File: res://assets/textures/harvest/proc/proc_extra_240_normal.jpg.import[39m[0m
[  48% ] [90m[1msavepack[22m | Storing File: res://.godot/imported/proc_extra_240_rough.jpg-5cdcaadb24935010909f3e6ffa50c5fa.ctex[39m[0m
[  48% ] [90m[1msavepack[22m | Storing File: res://assets/textures/harvest/proc/proc_extra_240_rough.jpg.import[39m[0m
[  48% ] [90m[1msavepack[22m | Storing File: res://.godot/imported/proc_extra_241_albedo.jpg-f1923bcd293dac35b608e64bbe3f3de7.ctex[39m[0m
[  48% ] [90m[1msavepack[22m | Storing File: res://assets/textures/harvest/proc/proc_extra_241_albedo.jpg.import[39m[0m
[  48% ] [90m[1msavepack[22m | Storing File: res://.godot/imported/proc_extra_241_normal.jpg-3a33bfd028b8cc3b4d34fbfa69ac89b7.ctex[39m[0m
[  48% ] [90m[1msavepack[22m | Storing File: res://assets/textures/harvest/proc/proc_extra_241_normal.jpg.import[39m[0m
[  48% ] [90m[1msavepack[22m | Storing File: res://.godot/imported/proc_extra_241_rough.jpg-92ac07daa52f202c5cadbb5c36187da5.ctex[39m[0m
[  48% ] [90m[1msavepack[22m | Storing File: res://assets/textures/harvest/proc/proc_extra_241_rough.jpg.import[39m[0m
[  48% ] [90m[1msavepack[22m | Storing File: res://.godot/imported/proc_extra_242_albedo.jpg-a56dffeae896ef9de0fc636e5e65c524.ctex[39m[0m
[  48% ] [90m[1msavepack[22m | Storing File: res://assets/textures/harvest/proc/proc_extra_242_albedo.jpg.import[39m[0m
[  48% ] [90m[1msavepack[22m | Storing File: res://.godot/imported/proc_extra_242_normal.jpg-bff23cf2da83f71b55d1bee71ea90542.ctex[39m[0m
[  48% ] [90m[1msavepack[22m | Storing File: res://assets/textures/harvest/proc/proc_extra_242_normal.jpg.import[39m[0m
[  48% ] [90m[1msavepack[22m | Storing File: res://.godot/imported/proc_extra_242_rough.jpg-cab3591799208130ff96ef61fe4cf4ce.ctex[39m[0m
[  48% ] [90m[1msavepack[22m | Storing File: res://assets/textures/harvest/proc/proc_extra_242_rough.jpg.import[39m[0m
[  48% ] [90m[1msavepack[22m | Storing File: res://.godot/imported/proc_extra_243_albedo.jpg-357197e61c65da084ccab8538ef15953.ctex[39m[0m
[  48% ] [90m[1msavepack[22m | Storing File: res://assets/textures/harvest/proc/proc_extra_243_albedo.jpg.import[39m[0m
[  48% ] [90m[1msavepack[22m | Storing File: res://.godot/imported/proc_extra_243_normal.jpg-a167e3212d37cc16174726f3612a0bd7.ctex[39m[0m
[  48% ] [90m[1msavepack[22m | Storing File: res://assets/textures/harvest/proc/proc_extra_243_normal.jpg.import[39m[0m
[  48% ] [90m[1msavepack[22m | Storing File: res://.godot/imported/proc_extra_243_rough.jpg-e54e3e17725a9244efac7b92db5efbcb.ctex[39m[0m
[  48% ] [90m[1msavepack[22m | Storing File: res://assets/textures/harvest/proc/proc_extra_243_rough.jpg.import[39m[0m
[  48% ] [90m[1msavepack[22m | Storing File: res://.godot/imported/proc_extra_244_albedo.jpg-fbc9d3d4d75598ee7de1f6c7ba9679cb.ctex[39m[0m
[  48% ] [90m[1msavepack[22m | Storing File: res://assets/textures/harvest/proc/proc_extra_244_albedo.jpg.import[39m[0m
[  48% ] [90m[1msavepack[22m | Storing File: res://.godot/imported/proc_extra_244_normal.jpg-fa87e49bb6be542b005c50ec45b80ac1.ctex[39m[0m
[  48% ] [90m[1msavepack[22m | Storing File: res://assets/textures/harvest/proc/proc_extra_244_normal.jpg.import[39m[0m
[  48% ] [90m[1msavepack[22m | Storing File: res://.godot/imported/proc_extra_244_rough.jpg-fdca9f585a69a5db30d3d2746d93360d.ctex[39m[0m
[  48% ] [90m[1msavepack[22m | Storing File: res://assets/textures/harvest/proc/proc_extra_244_rough.jpg.import[39m[0m
[  48% ] [90m[1msavepack[22m | Storing File: res://.godot/imported/proc_extra_245_albedo.jpg-c2db045225dc1fa46c773656d12577cc.ctex[39m[0m
[  48% ] [90m[1msavepack[22m | Storing File: res://assets/textures/harvest/proc/proc_extra_245_albedo.jpg.import[39m[0m
[  48% ] [90m[1msavepack[22m | Storing File: res://.godot/imported/proc_extra_245_normal.jpg-6d463c2b534de55c9f190d2c3a011c8f.ctex[39m[0m
[  48% ] [90m[1msavepack[22m | Storing File: res://assets/textures/harvest/proc/proc_extra_245_normal.jpg.import[39m[0m
[  48% ] [90m[1msavepack[22m | Storing File: res://.godot/imported/proc_extra_245_rough.jpg-6ab6d710a47808778061c1e3ba4d9c9a.ctex[39m[0m
[  48% ] [90m[1msavepack[22m | Storing File: res://assets/textures/harvest/proc/proc_extra_245_rough.jpg.import[39m[0m
[  48% ] [90m[1msavepack[22m | Storing File: res://.godot/imported/proc_extra_246_albedo.jpg-508adcf9f889a0f807150c8a4975a107.ctex[39m[0m
[  48% ] [90m[1msavepack[22m | Storing File: res://assets/textures/harvest/proc/proc_extra_246_albedo.jpg.import[39m[0m
[  48% ] [90m[1msavepack[22m | Storing File: res://.godot/imported/proc_extra_246_normal.jpg-f7f97dd2bb16d6a54234a5387711ed4f.ctex[39m[0m
[  48% ] [90m[1msavepack[22m | Storing File: res://assets/textures/harvest/proc/proc_extra_246_normal.jpg.import[39m[0m
[  49% ] [90m[1msavepack[22m | Storing File: res://.godot/imported/proc_extra_246_rough.jpg-4a1d169abf966cecb9be91e7e3ee6cf3.ctex[39m[0m
[  49% ] [90m[1msavepack[22m | Storing File: res://assets/textures/harvest/proc/proc_extra_246_rough.jpg.import[39m[0m
[  49% ] [90m[1msavepack[22m | Storing File: res://.godot/imported/proc_extra_247_albedo.jpg-ac20483ee5f90498345be4c4414db17e.ctex[39m[0m
[  49% ] [90m[1msavepack[22m | Storing File: res://assets/textures/harvest/proc/proc_extra_247_albedo.jpg.import[39m[0m
[  49% ] [90m[1msavepack[22m | Storing File: res://.godot/imported/proc_extra_247_normal.jpg-8076e9880c92d0425fb37d2da1c616be.ctex[39m[0m
[  49% ] [90m[1msavepack[22m | Storing File: res://assets/textures/harvest/proc/proc_extra_247_normal.jpg.import[39m[0m
[  49% ] [90m[1msavepack[22m | Storing File: res://.godot/imported/proc_extra_247_rough.jpg-77953ad603a7ec36fac22d7c3f750701.ctex[39m[0m
[  49% ] [90m[1msavepack[22m | Storing File: res://assets/textures/harvest/proc/proc_extra_247_rough.jpg.import[39m[0m
[  49% ] [90m[1msavepack[22m | Storing File: res://.godot/imported/proc_extra_248_albedo.jpg-bd552d0cb3ef9e74548c39f3bb4cb125.ctex[39m[0m
[  49% ] [90m[1msavepack[22m | Storing File: res://assets/textures/harvest/proc/proc_extra_248_albedo.jpg.import[39m[0m
[  49% ] [90m[1msavepack[22m | Storing File: res://.godot/imported/proc_extra_248_normal.jpg-abe7f5d36c9f0c33a5ef19de60f75ba9.ctex[39m[0m
[  49% ] [90m[1msavepack[22m | Storing File: res://assets/textures/harvest/proc/proc_extra_248_normal.jpg.import[39m[0m
[  49% ] [90m[1msavepack[22m | Storing File: res://.godot/imported/proc_extra_248_rough.jpg-0feb82dce1c703ee2d46fcff65ae1d77.ctex[39m[0m
[  49% ] [90m[1msavepack[22m | Storing File: res://assets/textures/harvest/proc/proc_extra_248_rough.jpg.import[39m[0m
[  49% ] [90m[1msavepack[22m | Storing File: res://.godot/imported/proc_extra_249_albedo.jpg-7016827e9a19f24dbd8755a482f19192.ctex[39m[0m
[  49% ] [90m[1msavepack[22m | Storing File: res://assets/textures/harvest/proc/proc_extra_249_albedo.jpg.import[39m[0m
[  49% ] [90m[1msavepack[22m | Storing File: res://.godot/imported/proc_extra_249_normal.jpg-62c9bd34db7be6c9b2272d6373f514d5.ctex[39m[0m
[  49% ] [90m[1msavepack[22m | Storing File: res://assets/textures/harvest/proc/proc_extra_249_normal.jpg.import[39m[0m
[  49% ] [90m[1msavepack[22m | Storing File: res://.godot/imported/proc_extra_249_rough.jpg-284b410c204c08f6482fc2a32bdc8150.ctex[39m[0m
[  49% ] [90m[1msavepack[22m | Storing File: res://assets/textures/harvest/proc/proc_extra_249_rough.jpg.import[39m[0m
[  49% ] [90m[1msavepack[22m | Storing File: res://.godot/imported/proc_extra_250_albedo.jpg-f5534c0dee25eeeba757a33009f72261.ctex[39m[0m
[  49% ] [90m[1msavepack[22m | Storing File: res://assets/textures/harvest/proc/proc_extra_250_albedo.jpg.import[39m[0m
[  49% ] [90m[1msavepack[22m | Storing File: res://.godot/imported/proc_extra_250_normal.jpg-d8632e1d475307186cffe044dec657b9.ctex[39m[0m
[  49% ] [90m[1msavepack[22m | Storing File: res://assets/textures/harvest/proc/proc_extra_250_normal.jpg.import[39m[0m
[  49% ] [90m[1msavepack[22m | Storing File: res://.godot/imported/proc_extra_250_rough.jpg-3cd4e2916915fd73b4ec7a2896344fbb.ctex[39m[0m
[  49% ] [90m[1msavepack[22m | Storing File: res://assets/textures/harvest/proc/proc_extra_250_rough.jpg.import[39m[0m
[  49% ] [90m[1msavepack[22m | Storing File: res://.godot/imported/proc_extra_251_albedo.jpg-5a443910b3c80a1bc80d9630675d2581.ctex[39m[0m
[  49% ] [90m[1msavepack[22m | Storing File: res://assets/textures/harvest/proc/proc_extra_251_albedo.jpg.import[39m[0m
[  49% ] [90m[1msavepack[22m | Storing File: res://.godot/imported/proc_extra_251_normal.jpg-2d89ad83b242d696e490478ffa6a1cf5.ctex[39m[0m
[  49% ] [90m[1msavepack[22m | Storing File: res://assets/textures/harvest/proc/proc_extra_251_normal.jpg.import[39m[0m
[  49% ] [90m[1msavepack[22m | Storing File: res://.godot/imported/proc_extra_251_rough.jpg-4dd9aca4352665f9ccf8cba27adb4c15.ctex[39m[0m
[  49% ] [90m[1msavepack[22m | Storing File: res://assets/textures/harvest/proc/proc_extra_251_rough.jpg.import[39m[0m
[  49% ] [90m[1msavepack[22m | Storing File: res://.godot/imported/proc_extra_252_albedo.jpg-b4567418191e6196879eefa2ac705f26.ctex[39m[0m
[  49% ] [90m[1msavepack[22m | Storing File: res://assets/textures/harvest/proc/proc_extra_252_albedo.jpg.import[39m[0m
[  49% ] [90m[1msavepack[22m | Storing File: res://.godot/imported/proc_extra_252_normal.jpg-000e70d8d5c1f3019c122ece2979aea2.ctex[39m[0m
[  49% ] [90m[1msavepack[22m | Storing File: res://assets/textures/harvest/proc/proc_extra_252_normal.jpg.import[39m[0m
[  49% ] [90m[1msavepack[22m | Storing File: res://.godot/imported/proc_extra_252_rough.jpg-442228f03bf22166bb7b9b3956f8ac29.ctex[39m[0m
[  49% ] [90m[1msavepack[22m | Storing File: res://assets/textures/harvest/proc/proc_extra_252_rough.jpg.import[39m[0m
[  50% ] [90m[1msavepack[22m | Storing File: res://.godot/imported/proc_extra_253_albedo.jpg-77e849531a3ec4ce7941aad891c03051.ctex[39m[0m
[  50% ] [90m[1msavepack[22m | Storing File: res://assets/textures/harvest/proc/proc_extra_253_albedo.jpg.import[39m[0m
[  50% ] [90m[1msavepack[22m | Storing File: res://.godot/imported/proc_extra_253_normal.jpg-806e746f03b4e3725ed5d46f7db32b8e.ctex[39m[0m
[  50% ] [90m[1msavepack[22m | Storing File: res://assets/textures/harvest/proc/proc_extra_253_normal.jpg.import[39m[0m
[  50% ] [90m[1msavepack[22m | Storing File: res://.godot/imported/proc_extra_253_rough.jpg-1c2643f55f9ad200cfa79ba452347517.ctex[39m[0m
[  50% ] [90m[1msavepack[22m | Storing File: res://assets/textures/harvest/proc/proc_extra_253_rough.jpg.import[39m[0m
[  50% ] [90m[1msavepack[22m | Storing File: res://.godot/imported/proc_extra_254_albedo.jpg-ed429bf8407a3b72e4811b44e8278faf.ctex[39m[0m
[  50% ] [90m[1msavepack[22m | Storing File: res://assets/textures/harvest/proc/proc_extra_254_albedo.jpg.import[39m[0m
[  50% ] [90m[1msavepack[22m | Storing File: res://.godot/imported/proc_extra_254_normal.jpg-520232b9b750e2cbf07afcd87963826f.ctex[39m[0m
[  50% ] [90m[1msavepack[22m | Storing File: res://assets/textures/harvest/proc/proc_extra_254_normal.jpg.import[39m[0m
[  50% ] [90m[1msavepack[22m | Storing File: res://.godot/imported/proc_extra_254_rough.jpg-83539d7cf8b1dd7cf8702e99de955bfe.ctex[39m[0m
[  50% ] [90m[1msavepack[22m | Storing File: res://assets/textures/harvest/proc/proc_extra_254_rough.jpg.import[39m[0m
[  50% ] [90m[1msavepack[22m | Storing File: res://.godot/imported/proc_extra_255_albedo.jpg-148d64a9becd4d2ade6c88bb3d121f58.ctex[39m[0m
[  50% ] [90m[1msavepack[22m | Storing File: res://assets/textures/harvest/proc/proc_extra_255_albedo.jpg.import[39m[0m
[  50% ] [90m[1msavepack[22m | Storing File: res://.godot/imported/proc_extra_255_normal.jpg-1341cdc1f46dd6aba80c51a50fe5018a.ctex[39m[0m
[  50% ] [90m[1msavepack[22m | Storing File: res://assets/textures/harvest/proc/proc_extra_255_normal.jpg.import[39m[0m
[  50% ] [90m[1msavepack[22m | Storing File: res://.godot/imported/proc_extra_255_rough.jpg-0fb97644973621cc00a027ff2e9c2e9d.ctex[39m[0m
[  50% ] [90m[1msavepack[22m | Storing File: res://assets/textures/harvest/proc/proc_extra_255_rough.jpg.import[39m[0m
[  50% ] [90m[1msavepack[22m | Storing File: res://.godot/imported/proc_extra_256_albedo.jpg-6317933c39648eccc7ca57cd1faf855d.ctex[39m[0m
[  50% ] [90m[1msavepack[22m | Storing File: res://assets/textures/harvest/proc/proc_extra_256_albedo.jpg.import[39m[0m
[  50% ] [90m[1msavepack[22m | Storing File: res://.godot/imported/proc_extra_256_normal.jpg-a6f408815fa6832827a518632a9f04b8.ctex[39m[0m
[  50% ] [90m[1msavepack[22m | Storing File: res://assets/textures/harvest/proc/proc_extra_256_normal.jpg.import[39m[0m
[  50% ] [90m[1msavepack[22m | Storing File: res://.godot/imported/proc_extra_256_rough.jpg-a755bc37b4bda72b0f8e7fc2c8987ea3.ctex[39m[0m
[  50% ] [90m[1msavepack[22m | Storing File: res://assets/textures/harvest/proc/proc_extra_256_rough.jpg.import[39m[0m
[  50% ] [90m[1msavepack[22m | Storing File: res://.godot/imported/proc_extra_257_albedo.jpg-765d6638a82824997a60e6fcd54abed2.ctex[39m[0m
[  50% ] [90m[1msavepack[22m | Storing File: res://assets/textures/harvest/proc/proc_extra_257_albedo.jpg.import[39m[0m
[  50% ] [90m[1msavepack[22m | Storing File: res://.godot/imported/proc_extra_257_normal.jpg-d5915ed1b94d43c906e53dd74a666132.ctex[39m[0m
[  50% ] [90m[1msavepack[22m | Storing File: res://assets/textures/harvest/proc/proc_extra_257_normal.jpg.import[39m[0m
[  50% ] [90m[1msavepack[22m | Storing File: res://.godot/imported/proc_extra_257_rough.jpg-82d2c3f064268c2ec63c98279248a282.ctex[39m[0m
[  50% ] [90m[1msavepack[22m | Storing File: res://assets/textures/harvest/proc/proc_extra_257_rough.jpg.import[39m[0m
[  50% ] [90m[1msavepack[22m | Storing File: res://.godot/imported/proc_extra_258_albedo.jpg-3bc14acfe7babc055586452a90119b32.ctex[39m[0m
[  50% ] [90m[1msavepack[22m | Storing File: res://assets/textures/harvest/proc/proc_extra_258_albedo.jpg.import[39m[0m
[  50% ] [90m[1msavepack[22m | Storing File: res://.godot/imported/proc_extra_258_normal.jpg-dc944c73c9ad94352eaf67abe5385b7c.ctex[39m[0m
[  50% ] [90m[1msavepack[22m | Storing File: res://assets/textures/harvest/proc/proc_extra_258_normal.jpg.import[39m[0m
[  50% ] [90m[1msavepack[22m | Storing File: res://.godot/imported/proc_extra_258_rough.jpg-a0876ba67c3d01d5cbd4e9743efe8367.ctex[39m[0m
[  50% ] [90m[1msavepack[22m | Storing File: res://assets/textures/harvest/proc/proc_extra_258_rough.jpg.import[39m[0m
[  50% ] [90m[1msavepack[22m | Storing File: res://.godot/imported/proc_extra_259_albedo.jpg-17df240b86834a1901746a9d3dd26e5d.ctex[39m[0m
[  50% ] [90m[1msavepack[22m | Storing File: res://assets/textures/harvest/proc/proc_extra_259_albedo.jpg.import[39m[0m
[  50% ] [90m[1msavepack[22m | Storing File: res://.godot/imported/proc_extra_259_normal.jpg-0952a173e54c3da55a1d108563953275.ctex[39m[0m
[  50% ] [90m[1msavepack[22m | Storing File: res://assets/textures/harvest/proc/proc_extra_259_normal.jpg.import[39m[0m
[  51% ] [90m[1msavepack[22m | Storing File: res://.godot/imported/proc_extra_259_rough.jpg-3a3d7d03b3d5d6b6c5d97b5647f89d6a.ctex[39m[0m
[  51% ] [90m[1msavepack[22m | Storing File: res://assets/textures/harvest/proc/proc_extra_259_rough.jpg.import[39m[0m
[  51% ] [90m[1msavepack[22m | Storing File: res://.godot/imported/proc_extra_260_albedo.jpg-5e3000620e058d599a486bb0c6480216.ctex[39m[0m
[  51% ] [90m[1msavepack[22m | Storing File: res://assets/textures/harvest/proc/proc_extra_260_albedo.jpg.import[39m[0m
[  51% ] [90m[1msavepack[22m | Storing File: res://.godot/imported/proc_extra_260_normal.jpg-79f647718b6e4e828bd098a3debc6da9.ctex[39m[0m
[  51% ] [90m[1msavepack[22m | Storing File: res://assets/textures/harvest/proc/proc_extra_260_normal.jpg.import[39m[0m
[  51% ] [90m[1msavepack[22m | Storing File: res://.godot/imported/proc_extra_260_rough.jpg-7091f8c55c70ba908167e030c26a2e61.ctex[39m[0m
[  51% ] [90m[1msavepack[22m | Storing File: res://assets/textures/harvest/proc/proc_extra_260_rough.jpg.import[39m[0m
[  51% ] [90m[1msavepack[22m | Storing File: res://.godot/imported/proc_extra_261_albedo.jpg-7641a47a1bcbcc40d0c0bac382f0f81b.ctex[39m[0m
[  51% ] [90m[1msavepack[22m | Storing File: res://assets/textures/harvest/proc/proc_extra_261_albedo.jpg.import[39m[0m
[  51% ] [90m[1msavepack[22m | Storing File: res://.godot/imported/proc_extra_261_normal.jpg-054053d4a3f6cbc9e9d3b71638211ac2.ctex[39m[0m
[  51% ] [90m[1msavepack[22m | Storing File: res://assets/textures/harvest/proc/proc_extra_261_normal.jpg.import[39m[0m
[  51% ] [90m[1msavepack[22m | Storing File: res://.godot/imported/proc_extra_261_rough.jpg-646e5399d079d9271605aa4d0f82d644.ctex[39m[0m
[  51% ] [90m[1msavepack[22m | Storing File: res://assets/textures/harvest/proc/proc_extra_261_rough.jpg.import[39m[0m
[  51% ] [90m[1msavepack[22m | Storing File: res://.godot/imported/proc_extra_262_albedo.jpg-27d9c1d6e62549406a652a5a22426d1b.ctex[39m[0m
[  51% ] [90m[1msavepack[22m | Storing File: res://assets/textures/harvest/proc/proc_extra_262_albedo.jpg.import[39m[0m
[  51% ] [90m[1msavepack[22m | Storing File: res://.godot/imported/proc_extra_262_normal.jpg-93ebe75e6778846b76830507e0edb549.ctex[39m[0m
[  51% ] [90m[1msavepack[22m | Storing File: res://assets/textures/harvest/proc/proc_extra_262_normal.jpg.import[39m[0m
[  51% ] [90m[1msavepack[22m | Storing File: res://.godot/imported/proc_extra_262_rough.jpg-808f54f45eed92d747d4c91a6728b636.ctex[39m[0m
[  51% ] [90m[1msavepack[22m | Storing File: res://assets/textures/harvest/proc/proc_extra_262_rough.jpg.import[39m[0m
[  51% ] [90m[1msavepack[22m | Storing File: res://.godot/imported/proc_extra_263_albedo.jpg-7b59651999cbc0f865a898535ccb2f4f.ctex[39m[0m
[  51% ] [90m[1msavepack[22m | Storing File: res://assets/textures/harvest/proc/proc_extra_263_albedo.jpg.import[39m[0m
[  51% ] [90m[1msavepack[22m | Storing File: res://.godot/imported/proc_extra_263_normal.jpg-cdaf32f5cce270fb56809c47ce8c292d.ctex[39m[0m
[  51% ] [90m[1msavepack[22m | Storing File: res://assets/textures/harvest/proc/proc_extra_263_normal.jpg.import[39m[0m
[  51% ] [90m[1msavepack[22m | Storing File: res://.godot/imported/proc_extra_263_rough.jpg-f0e3e4a7e2ed42fc86f49a6a855c67f5.ctex[39m[0m
[  51% ] [90m[1msavepack[22m | Storing File: res://assets/textures/harvest/proc/proc_extra_263_rough.jpg.import[39m[0m
[  51% ] [90m[1msavepack[22m | Storing File: res://.godot/imported/proc_extra_264_albedo.jpg-d04a5cb0d999f52555f6bf414fe4df5f.ctex[39m[0m
[  51% ] [90m[1msavepack[22m | Storing File: res://assets/textures/harvest/proc/proc_extra_264_albedo.jpg.import[39m[0m
[  51% ] [90m[1msavepack[22m | Storing File: res://.godot/imported/proc_extra_264_normal.jpg-1381181f06935e92226097af8ecb46da.ctex[39m[0m
[  51% ] [90m[1msavepack[22m | Storing File: res://assets/textures/harvest/proc/proc_extra_264_normal.jpg.import[39m[0m
[  51% ] [90m[1msavepack[22m | Storing File: res://.godot/imported/proc_extra_264_rough.jpg-3f8230274369e03d34d6b58ede11b102.ctex[39m[0m
[  51% ] [90m[1msavepack[22m | Storing File: res://assets/textures/harvest/proc/proc_extra_264_rough.jpg.import[39m[0m
[  51% ] [90m[1msavepack[22m | Storing File: res://.godot/imported/proc_extra_265_albedo.jpg-8bab1202d0519230cf468b703575bb2f.ctex[39m[0m
[  51% ] [90m[1msavepack[22m | Storing File: res://assets/textures/harvest/proc/proc_extra_265_albedo.jpg.import[39m[0m
[  51% ] [90m[1msavepack[22m | Storing File: res://.godot/imported/proc_extra_265_normal.jpg-a63a5f9c7d7413ba0a1b7d229cde0377.ctex[39m[0m
[  51% ] [90m[1msavepack[22m | Storing File: res://assets/textures/harvest/proc/proc_extra_265_normal.jpg.import[39m[0m
[  51% ] [90m[1msavepack[22m | Storing File: res://.godot/imported/proc_extra_265_rough.jpg-b87418cf328f01b674f13148e5a37421.ctex[39m[0m
[  51% ] [90m[1msavepack[22m | Storing File: res://assets/textures/harvest/proc/proc_extra_265_rough.jpg.import[39m[0m
[  52% ] [90m[1msavepack[22m | Storing File: res://.godot/imported/proc_extra_266_albedo.jpg-1962e471438df2b3cc56131c249bb562.ctex[39m[0m
[  52% ] [90m[1msavepack[22m | Storing File: res://assets/textures/harvest/proc/proc_extra_266_albedo.jpg.import[39m[0m
[  52% ] [90m[1msavepack[22m | Storing File: res://.godot/imported/proc_extra_266_normal.jpg-25d0ea484e9035e9c4c444636bec9094.ctex[39m[0m
[  52% ] [90m[1msavepack[22m | Storing File: res://assets/textures/harvest/proc/proc_extra_266_normal.jpg.import[39m[0m
[  52% ] [90m[1msavepack[22m | Storing File: res://.godot/imported/proc_extra_266_rough.jpg-535adbe48899861ec3d3c52e9e315281.ctex[39m[0m
[  52% ] [90m[1msavepack[22m | Storing File: res://assets/textures/harvest/proc/proc_extra_266_rough.jpg.import[39m[0m
[  52% ] [90m[1msavepack[22m | Storing File: res://.godot/imported/proc_extra_267_albedo.jpg-b9169ba4e1dc53e874f804876ee23e00.ctex[39m[0m
[  52% ] [90m[1msavepack[22m | Storing File: res://assets/textures/harvest/proc/proc_extra_267_albedo.jpg.import[39m[0m
[  52% ] [90m[1msavepack[22m | Storing File: res://.godot/imported/proc_extra_267_normal.jpg-eeec3a146cff561fabdaf3908e84cc67.ctex[39m[0m
[  52% ] [90m[1msavepack[22m | Storing File: res://assets/textures/harvest/proc/proc_extra_267_normal.jpg.import[39m[0m
[  52% ] [90m[1msavepack[22m | Storing File: res://.godot/imported/proc_extra_267_rough.jpg-7b86d62c4e1eda1616613c962da85761.ctex[39m[0m
[  52% ] [90m[1msavepack[22m | Storing File: res://assets/textures/harvest/proc/proc_extra_267_rough.jpg.import[39m[0m
[  52% ] [90m[1msavepack[22m | Storing File: res://.godot/imported/proc_extra_268_albedo.jpg-d2a41a417aaeb9deed6f474898fc97c6.ctex[39m[0m
[  52% ] [90m[1msavepack[22m | Storing File: res://assets/textures/harvest/proc/proc_extra_268_albedo.jpg.import[39m[0m
[  52% ] [90m[1msavepack[22m | Storing File: res://.godot/imported/proc_extra_268_normal.jpg-1cf16d9c82a8faa5ab7c9263a393324e.ctex[39m[0m
[  52% ] [90m[1msavepack[22m | Storing File: res://assets/textures/harvest/proc/proc_extra_268_normal.jpg.import[39m[0m
[  52% ] [90m[1msavepack[22m | Storing File: res://.godot/imported/proc_extra_268_rough.jpg-708270595383db2a15d49196cbb73b1d.ctex[39m[0m
[  52% ] [90m[1msavepack[22m | Storing File: res://assets/textures/harvest/proc/proc_extra_268_rough.jpg.import[39m[0m
[  52% ] [90m[1msavepack[22m | Storing File: res://.godot/imported/proc_extra_269_albedo.jpg-1bd02379a83cfa34dfe2f524d1c1e0dc.ctex[39m[0m
[  52% ] [90m[1msavepack[22m | Storing File: res://assets/textures/harvest/proc/proc_extra_269_albedo.jpg.import[39m[0m
[  52% ] [90m[1msavepack[22m | Storing File: res://.godot/imported/proc_extra_269_normal.jpg-0ee8b250963c681ec0d9cf634571be8f.ctex[39m[0m
[  52% ] [90m[1msavepack[22m | Storing File: res://assets/textures/harvest/proc/proc_extra_269_normal.jpg.import[39m[0m
[  52% ] [90m[1msavepack[22m | Storing File: res://.godot/imported/proc_extra_269_rough.jpg-b3526b1885ee1271fdf89bd5dd6f7134.ctex[39m[0m
[  52% ] [90m[1msavepack[22m | Storing File: res://assets/textures/harvest/proc/proc_extra_269_rough.jpg.import[39m[0m
[  52% ] [90m[1msavepack[22m | Storing File: res://.godot/imported/proc_extra_270_albedo.jpg-a720cb82c7c95ae0533a902e9b961749.ctex[39m[0m
[  52% ] [90m[1msavepack[22m | Storing File: res://assets/textures/harvest/proc/proc_extra_270_albedo.jpg.import[39m[0m
[  52% ] [90m[1msavepack[22m | Storing File: res://.godot/imported/proc_extra_270_normal.jpg-43fbbe75efa8c1cd76dc6d7b8f31b683.ctex[39m[0m
[  52% ] [90m[1msavepack[22m | Storing File: res://assets/textures/harvest/proc/proc_extra_270_normal.jpg.import[39m[0m
[  52% ] [90m[1msavepack[22m | Storing File: res://.godot/imported/proc_extra_270_rough.jpg-108c734ccdf3c6263cb00b3afc58bb6e.ctex[39m[0m
[  52% ] [90m[1msavepack[22m | Storing File: res://assets/textures/harvest/proc/proc_extra_270_rough.jpg.import[39m[0m
[  52% ] [90m[1msavepack[22m | Storing File: res://.godot/imported/proc_extra_271_albedo.jpg-7aba1783b2a6b7a2f61e097c0fca93b0.ctex[39m[0m
[  52% ] [90m[1msavepack[22m | Storing File: res://assets/textures/harvest/proc/proc_extra_271_albedo.jpg.import[39m[0m
[  52% ] [90m[1msavepack[22m | Storing File: res://.godot/imported/proc_extra_271_normal.jpg-50a229ffadcd38b4a3c297d9a69e4100.ctex[39m[0m
[  52% ] [90m[1msavepack[22m | Storing File: res://assets/textures/harvest/proc/proc_extra_271_normal.jpg.import[39m[0m
[  52% ] [90m[1msavepack[22m | Storing File: res://.godot/imported/proc_extra_271_rough.jpg-e582787a56be407c29d97b5c33f78a42.ctex[39m[0m
[  52% ] [90m[1msavepack[22m | Storing File: res://assets/textures/harvest/proc/proc_extra_271_rough.jpg.import[39m[0m
[  52% ] [90m[1msavepack[22m | Storing File: res://.godot/imported/proc_extra_272_albedo.jpg-ce8936cbc0958f0e90abe1ae6feb5663.ctex[39m[0m
[  52% ] [90m[1msavepack[22m | Storing File: res://assets/textures/harvest/proc/proc_extra_272_albedo.jpg.import[39m[0m
[  53% ] [90m[1msavepack[22m | Storing File: res://.godot/imported/proc_extra_272_normal.jpg-74a3778e3931ea7a9ab104c32ff71977.ctex[39m[0m
[  53% ] [90m[1msavepack[22m | Storing File: res://assets/textures/harvest/proc/proc_extra_272_normal.jpg.import[39m[0m
[  53% ] [90m[1msavepack[22m | Storing File: res://.godot/imported/proc_extra_272_rough.jpg-838950a1a1f3c762dac54cc1a2c8ec2d.ctex[39m[0m
[  53% ] [90m[1msavepack[22m | Storing File: res://assets/textures/harvest/proc/proc_extra_272_rough.jpg.import[39m[0m
[  53% ] [90m[1msavepack[22m | Storing File: res://.godot/imported/proc_extra_273_albedo.jpg-2da4bdf3af1493c6406f11e39818d632.ctex[39m[0m
[  53% ] [90m[1msavepack[22m | Storing File: res://assets/textures/harvest/proc/proc_extra_273_albedo.jpg.import[39m[0m
[  53% ] [90m[1msavepack[22m | Storing File: res://.godot/imported/proc_extra_273_normal.jpg-f4cd5f318aaae569ce9a2b5d9e20d622.ctex[39m[0m
[  53% ] [90m[1msavepack[22m | Storing File: res://assets/textures/harvest/proc/proc_extra_273_normal.jpg.import[39m[0m
[  53% ] [90m[1msavepack[22m | Storing File: res://.godot/imported/proc_extra_273_rough.jpg-08f5d798be986245484d218e8cf4c9ce.ctex[39m[0m
[  53% ] [90m[1msavepack[22m | Storing File: res://assets/textures/harvest/proc/proc_extra_273_rough.jpg.import[39m[0m
[  53% ] [90m[1msavepack[22m | Storing File: res://.godot/imported/proc_extra_274_albedo.jpg-325dcaf904aae0bf8643c7e1e96c4c49.ctex[39m[0m
[  53% ] [90m[1msavepack[22m | Storing File: res://assets/textures/harvest/proc/proc_extra_274_albedo.jpg.import[39m[0m
[  53% ] [90m[1msavepack[22m | Storing File: res://.godot/imported/proc_extra_274_normal.jpg-2fd1e3b353ebb8d799a91f810a08171f.ctex[39m[0m
[  53% ] [90m[1msavepack[22m | Storing File: res://assets/textures/harvest/proc/proc_extra_274_normal.jpg.import[39m[0m
[  53% ] [90m[1msavepack[22m | Storing File: res://.godot/imported/proc_extra_274_rough.jpg-7bf88d2768cfbcd6ee242eac07586eb2.ctex[39m[0m
[  53% ] [90m[1msavepack[22m | Storing File: res://assets/textures/harvest/proc/proc_extra_274_rough.jpg.import[39m[0m
[  53% ] [90m[1msavepack[22m | Storing File: res://.godot/imported/proc_extra_275_albedo.jpg-60bd107a89df7e7f207dcc6bf2622bc6.ctex[39m[0m
[  53% ] [90m[1msavepack[22m | Storing File: res://assets/textures/harvest/proc/proc_extra_275_albedo.jpg.import[39m[0m
[  53% ] [90m[1msavepack[22m | Storing File: res://.godot/imported/proc_extra_275_normal.jpg-4f9d36ceceb4374ecdb04caf33f77b0f.ctex[39m[0m
[  53% ] [90m[1msavepack[22m | Storing File: res://assets/textures/harvest/proc/proc_extra_275_normal.jpg.import[39m[0m
[  53% ] [90m[1msavepack[22m | Storing File: res://.godot/imported/proc_extra_275_rough.jpg-5392a7cb3f19a3254166f68fa6617f7b.ctex[39m[0m
[  53% ] [90m[1msavepack[22m | Storing File: res://assets/textures/harvest/proc/proc_extra_275_rough.jpg.import[39m[0m
[  53% ] [90m[1msavepack[22m | Storing File: res://.godot/imported/proc_extra_276_albedo.jpg-4a6524f3d7fc0be12073d0109b70c868.ctex[39m[0m
[  53% ] [90m[1msavepack[22m | Storing File: res://assets/textures/harvest/proc/proc_extra_276_albedo.jpg.import[39m[0m
[  53% ] [90m[1msavepack[22m | Storing File: res://.godot/imported/proc_extra_276_normal.jpg-250be5a785dd6f2a9522c2b4749b6f51.ctex[39m[0m
[  53% ] [90m[1msavepack[22m | Storing File: res://assets/textures/harvest/proc/proc_extra_276_normal.jpg.import[39m[0m
[  53% ] [90m[1msavepack[22m | Storing File: res://.godot/imported/proc_extra_276_rough.jpg-2f6fdd4358901dfc58a199fa5ab7be08.ctex[39m[0m
[  53% ] [90m[1msavepack[22m | Storing File: res://assets/textures/harvest/proc/proc_extra_276_rough.jpg.import[39m[0m
[  53% ] [90m[1msavepack[22m | Storing File: res://.godot/imported/proc_extra_277_albedo.jpg-e743fe34826953f517bc0832019bf25c.ctex[39m[0m
[  53% ] [90m[1msavepack[22m | Storing File: res://assets/textures/harvest/proc/proc_extra_277_albedo.jpg.import[39m[0m
[  53% ] [90m[1msavepack[22m | Storing File: res://.godot/imported/proc_extra_277_normal.jpg-33f2df0ccb5d007639cc9ea17fa328fd.ctex[39m[0m
[  53% ] [90m[1msavepack[22m | Storing File: res://assets/textures/harvest/proc/proc_extra_277_normal.jpg.import[39m[0m
[  53% ] [90m[1msavepack[22m | Storing File: res://.godot/imported/proc_extra_277_rough.jpg-e10324c5cdea211e891c1cdba05784d8.ctex[39m[0m
[  53% ] [90m[1msavepack[22m | Storing File: res://assets/textures/harvest/proc/proc_extra_277_rough.jpg.import[39m[0m
[  53% ] [90m[1msavepack[22m | Storing File: res://.godot/imported/proc_extra_278_albedo.jpg-564aa8dd2c6f3120357d0da4885af079.ctex[39m[0m
[  53% ] [90m[1msavepack[22m | Storing File: res://assets/textures/harvest/proc/proc_extra_278_albedo.jpg.import[39m[0m
[  53% ] [90m[1msavepack[22m | Storing File: res://.godot/imported/proc_extra_278_normal.jpg-a1843ef845a3e2b61af737abe5e4eaec.ctex[39m[0m
[  53% ] [90m[1msavepack[22m | Storing File: res://assets/textures/harvest/proc/proc_extra_278_normal.jpg.import[39m[0m
[  54% ] [90m[1msavepack[22m | Storing File: res://.godot/imported/proc_extra_278_rough.jpg-31b644d52c0edb2a1a185804d89ce084.ctex[39m[0m
[  54% ] [90m[1msavepack[22m | Storing File: res://assets/textures/harvest/proc/proc_extra_278_rough.jpg.import[39m[0m
[  54% ] [90m[1msavepack[22m | Storing File: res://.godot/imported/proc_extra_279_albedo.jpg-893157b17055e5b97efd4d962ab665a2.ctex[39m[0m
[  54% ] [90m[1msavepack[22m | Storing File: res://assets/textures/harvest/proc/proc_extra_279_albedo.jpg.import[39m[0m
[  54% ] [90m[1msavepack[22m | Storing File: res://.godot/imported/proc_extra_279_normal.jpg-81ae0e6a57f0f5264c9fe39616af5052.ctex[39m[0m
[  54% ] [90m[1msavepack[22m | Storing File: res://assets/textures/harvest/proc/proc_extra_279_normal.jpg.import[39m[0m
[  54% ] [90m[1msavepack[22m | Storing File: res://.godot/imported/proc_extra_279_rough.jpg-ce91cb12ab93225306df62d86fe361a6.ctex[39m[0m
[  54% ] [90m[1msavepack[22m | Storing File: res://assets/textures/harvest/proc/proc_extra_279_rough.jpg.import[39m[0m
[  54% ] [90m[1msavepack[22m | Storing File: res://.godot/imported/proc_extra_280_albedo.jpg-b259b5dfc606e8945863df9cc7374d6c.ctex[39m[0m
[  54% ] [90m[1msavepack[22m | Storing File: res://assets/textures/harvest/proc/proc_extra_280_albedo.jpg.import[39m[0m
[  54% ] [90m[1msavepack[22m | Storing File: res://.godot/imported/proc_extra_280_normal.jpg-4321d0e532685d1055f3e015ef6a8cec.ctex[39m[0m
[  54% ] [90m[1msavepack[22m | Storing File: res://assets/textures/harvest/proc/proc_extra_280_normal.jpg.import[39m[0m
[  54% ] [90m[1msavepack[22m | Storing File: res://.godot/imported/proc_extra_280_rough.jpg-3fe0aeef0298b774ef5f0bf20c70d4c6.ctex[39m[0m
[  54% ] [90m[1msavepack[22m | Storing File: res://assets/textures/harvest/proc/proc_extra_280_rough.jpg.import[39m[0m
[  54% ] [90m[1msavepack[22m | Storing File: res://.godot/imported/proc_extra_281_albedo.jpg-8905982f768b391e106918ef3fca93bc.ctex[39m[0m
[  54% ] [90m[1msavepack[22m | Storing File: res://assets/textures/harvest/proc/proc_extra_281_albedo.jpg.import[39m[0m
[  54% ] [90m[1msavepack[22m | Storing File: res://.godot/imported/proc_extra_281_normal.jpg-253c5eee622a24891edbe42c1c2ad3c8.ctex[39m[0m
[  54% ] [90m[1msavepack[22m | Storing File: res://assets/textures/harvest/proc/proc_extra_281_normal.jpg.import[39m[0m
[  54% ] [90m[1msavepack[22m | Storing File: res://.godot/imported/proc_extra_281_rough.jpg-96c4f317b1495a588f52f9ab7086ac3a.ctex[39m[0m
[  54% ] [90m[1msavepack[22m | Storing File: res://assets/textures/harvest/proc/proc_extra_281_rough.jpg.import[39m[0m
[  54% ] [90m[1msavepack[22m | Storing File: res://.godot/imported/proc_extra_282_albedo.jpg-1591fc0f83f48caeea9afe8eabf65357.ctex[39m[0m
[  54% ] [90m[1msavepack[22m | Storing File: res://assets/textures/harvest/proc/proc_extra_282_albedo.jpg.import[39m[0m
[  54% ] [90m[1msavepack[22m | Storing File: res://.godot/imported/proc_extra_282_normal.jpg-d4857c45e23e7896a051f738316619e7.ctex[39m[0m
[  54% ] [90m[1msavepack[22m | Storing File: res://assets/textures/harvest/proc/proc_extra_282_normal.jpg.import[39m[0m
[  54% ] [90m[1msavepack[22m | Storing File: res://.godot/imported/proc_extra_282_rough.jpg-f7debc2fa571323e9dcfd88c9aa24fd0.ctex[39m[0m
[  54% ] [90m[1msavepack[22m | Storing File: res://assets/textures/harvest/proc/proc_extra_282_rough.jpg.import[39m[0m
[  54% ] [90m[1msavepack[22m | Storing File: res://.godot/imported/proc_extra_283_albedo.jpg-bd30ab56846fa41f1fa69c1fb42378bd.ctex[39m[0m
[  54% ] [90m[1msavepack[22m | Storing File: res://assets/textures/harvest/proc/proc_extra_283_albedo.jpg.import[39m[0m
[  54% ] [90m[1msavepack[22m | Storing File: res://.godot/imported/proc_extra_283_normal.jpg-e0837fd3288806e09219498ca4263af8.ctex[39m[0m
[  54% ] [90m[1msavepack[22m | Storing File: res://assets/textures/harvest/proc/proc_extra_283_normal.jpg.import[39m[0m
[  54% ] [90m[1msavepack[22m | Storing File: res://.godot/imported/proc_extra_283_rough.jpg-5b61dd2aba008a46ec85f39a5013441c.ctex[39m[0m
[  54% ] [90m[1msavepack[22m | Storing File: res://assets/textures/harvest/proc/proc_extra_283_rough.jpg.import[39m[0m
[  54% ] [90m[1msavepack[22m | Storing File: res://.godot/imported/proc_extra_284_albedo.jpg-04f074a8cf33f2c2e378b39b9628b426.ctex[39m[0m
[  54% ] [90m[1msavepack[22m | Storing File: res://assets/textures/harvest/proc/proc_extra_284_albedo.jpg.import[39m[0m
[  54% ] [90m[1msavepack[22m | Storing File: res://.godot/imported/proc_extra_284_normal.jpg-e1cb19acc23ad31d758ba9bd5fcfcd6d.ctex[39m[0m
[  54% ] [90m[1msavepack[22m | Storing File: res://assets/textures/harvest/proc/proc_extra_284_normal.jpg.import[39m[0m
[  54% ] [90m[1msavepack[22m | Storing File: res://.godot/imported/proc_extra_284_rough.jpg-5f5cad29c8fd4258a05de686a32cccb4.ctex[39m[0m
[  54% ] [90m[1msavepack[22m | Storing File: res://assets/textures/harvest/proc/proc_extra_284_rough.jpg.import[39m[0m
[  55% ] [90m[1msavepack[22m | Storing File: res://.godot/imported/proc_extra_285_albedo.jpg-6bdbd0aad48247a6f7a50605db7fb2d4.ctex[39m[0m
[  55% ] [90m[1msavepack[22m | Storing File: res://assets/textures/harvest/proc/proc_extra_285_albedo.jpg.import[39m[0m
[  55% ] [90m[1msavepack[22m | Storing File: res://.godot/imported/proc_extra_285_normal.jpg-6f6cc24161d59621683e627a750bb3e1.ctex[39m[0m
[  55% ] [90m[1msavepack[22m | Storing File: res://assets/textures/harvest/proc/proc_extra_285_normal.jpg.import[39m[0m
[  55% ] [90m[1msavepack[22m | Storing File: res://.godot/imported/proc_extra_285_rough.jpg-1f2270362a7151c68ea2dbef2d4315d8.ctex[39m[0m
[  55% ] [90m[1msavepack[22m | Storing File: res://assets/textures/harvest/proc/proc_extra_285_rough.jpg.import[39m[0m
[  55% ] [90m[1msavepack[22m | Storing File: res://.godot/imported/proc_extra_286_albedo.jpg-88e4e503105c57aae3926e4555982f00.ctex[39m[0m
[  55% ] [90m[1msavepack[22m | Storing File: res://assets/textures/harvest/proc/proc_extra_286_albedo.jpg.import[39m[0m
[  55% ] [90m[1msavepack[22m | Storing File: res://.godot/imported/proc_extra_286_normal.jpg-367332e55b0341a18ee12f2217120087.ctex[39m[0m
[  55% ] [90m[1msavepack[22m | Storing File: res://assets/textures/harvest/proc/proc_extra_286_normal.jpg.import[39m[0m
[  55% ] [90m[1msavepack[22m | Storing File: res://.godot/imported/proc_extra_286_rough.jpg-3813aac8b5cc31fdc82d2c2eecdffe34.ctex[39m[0m
[  55% ] [90m[1msavepack[22m | Storing File: res://assets/textures/harvest/proc/proc_extra_286_rough.jpg.import[39m[0m
[  55% ] [90m[1msavepack[22m | Storing File: res://.godot/imported/proc_extra_287_albedo.jpg-31f3a72d321cc443c7fb849acb48583d.ctex[39m[0m
[  55% ] [90m[1msavepack[22m | Storing File: res://assets/textures/harvest/proc/proc_extra_287_albedo.jpg.import[39m[0m
[  55% ] [90m[1msavepack[22m | Storing File: res://.godot/imported/proc_extra_287_normal.jpg-56f1c2552b26008b651b7ee422aca4f5.ctex[39m[0m
[  55% ] [90m[1msavepack[22m | Storing File: res://assets/textures/harvest/proc/proc_extra_287_normal.jpg.import[39m[0m
[  55% ] [90m[1msavepack[22m | Storing File: res://.godot/imported/proc_extra_287_rough.jpg-a648d56bad507793b7f6af6ba70b7785.ctex[39m[0m
[  55% ] [90m[1msavepack[22m | Storing File: res://assets/textures/harvest/proc/proc_extra_287_rough.jpg.import[39m[0m
[  55% ] [90m[1msavepack[22m | Storing File: res://.godot/imported/proc_extra_288_albedo.jpg-7fa4986de39fe0ac3753b9ad27e4122a.ctex[39m[0m
[  55% ] [90m[1msavepack[22m | Storing File: res://assets/textures/harvest/proc/proc_extra_288_albedo.jpg.import[39m[0m
[  55% ] [90m[1msavepack[22m | Storing File: res://.godot/imported/proc_extra_288_normal.jpg-18a66892d63e88c36ea146c867f34b41.ctex[39m[0m
[  55% ] [90m[1msavepack[22m | Storing File: res://assets/textures/harvest/proc/proc_extra_288_normal.jpg.import[39m[0m
[  55% ] [90m[1msavepack[22m | Storing File: res://.godot/imported/proc_extra_288_rough.jpg-d63899c35b468484674e0aed9523d19d.ctex[39m[0m
[  55% ] [90m[1msavepack[22m | Storing File: res://assets/textures/harvest/proc/proc_extra_288_rough.jpg.import[39m[0m
[  55% ] [90m[1msavepack[22m | Storing File: res://.godot/imported/proc_extra_289_albedo.jpg-a592b34001c80ede0065a1bf27b02dcc.ctex[39m[0m
[  55% ] [90m[1msavepack[22m | Storing File: res://assets/textures/harvest/proc/proc_extra_289_albedo.jpg.import[39m[0m
[  55% ] [90m[1msavepack[22m | Storing File: res://.godot/imported/proc_extra_289_normal.jpg-e87b08aec87589760b20030869d7f439.ctex[39m[0m
[  55% ] [90m[1msavepack[22m | Storing File: res://assets/textures/harvest/proc/proc_extra_289_normal.jpg.import[39m[0m
[  55% ] [90m[1msavepack[22m | Storing File: res://.godot/imported/proc_extra_289_rough.jpg-a7981aceba775a10ee4da88932ff22ee.ctex[39m[0m
[  55% ] [90m[1msavepack[22m | Storing File: res://assets/textures/harvest/proc/proc_extra_289_rough.jpg.import[39m[0m
[  55% ] [90m[1msavepack[22m | Storing File: res://.godot/imported/proc_extra_290_albedo.jpg-69f2dfd2dab1e742f7c9398f433e0b43.ctex[39m[0m
[  55% ] [90m[1msavepack[22m | Storing File: res://assets/textures/harvest/proc/proc_extra_290_albedo.jpg.import[39m[0m
[  55% ] [90m[1msavepack[22m | Storing File: res://.godot/imported/proc_extra_290_normal.jpg-fb6c38d7a517d624fab3ff27663d0278.ctex[39m[0m
[  55% ] [90m[1msavepack[22m | Storing File: res://assets/textures/harvest/proc/proc_extra_290_normal.jpg.import[39m[0m
[  55% ] [90m[1msavepack[22m | Storing File: res://.godot/imported/proc_extra_290_rough.jpg-dc1b31c15aadeef415c687132393037f.ctex[39m[0m
[  55% ] [90m[1msavepack[22m | Storing File: res://assets/textures/harvest/proc/proc_extra_290_rough.jpg.import[39m[0m
[  55% ] [90m[1msavepack[22m | Storing File: res://.godot/imported/proc_extra_291_albedo.jpg-9ac9eb28ed086771c040a220a8565110.ctex[39m[0m
[  55% ] [90m[1msavepack[22m | Storing File: res://assets/textures/harvest/proc/proc_extra_291_albedo.jpg.import[39m[0m
[  56% ] [90m[1msavepack[22m | Storing File: res://.godot/imported/proc_extra_291_normal.jpg-c14a308e5d10ea5def00c4ff7a33d119.ctex[39m[0m
[  56% ] [90m[1msavepack[22m | Storing File: res://assets/textures/harvest/proc/proc_extra_291_normal.jpg.import[39m[0m
[  56% ] [90m[1msavepack[22m | Storing File: res://.godot/imported/proc_extra_291_rough.jpg-bc47d2f11cdc86b1cb4061eead4b4632.ctex[39m[0m
[  56% ] [90m[1msavepack[22m | Storing File: res://assets/textures/harvest/proc/proc_extra_291_rough.jpg.import[39m[0m
[  56% ] [90m[1msavepack[22m | Storing File: res://.godot/imported/proc_extra_292_albedo.jpg-97978357838865ec233a44b4dc97a14f.ctex[39m[0m
[  56% ] [90m[1msavepack[22m | Storing File: res://assets/textures/harvest/proc/proc_extra_292_albedo.jpg.import[39m[0m
[  56% ] [90m[1msavepack[22m | Storing File: res://.godot/imported/proc_extra_292_normal.jpg-46cad77bae5f29494af0e9ac95c7b238.ctex[39m[0m
[  56% ] [90m[1msavepack[22m | Storing File: res://assets/textures/harvest/proc/proc_extra_292_normal.jpg.import[39m[0m
[  56% ] [90m[1msavepack[22m | Storing File: res://.godot/imported/proc_extra_292_rough.jpg-ec96a21e275837cef5c375ac5a05c6e1.ctex[39m[0m
[  56% ] [90m[1msavepack[22m | Storing File: res://assets/textures/harvest/proc/proc_extra_292_rough.jpg.import[39m[0m
[  56% ] [90m[1msavepack[22m | Storing File: res://.godot/imported/proc_extra_293_albedo.jpg-74b91008e551319e158c5b03bb3401d1.ctex[39m[0m
[  56% ] [90m[1msavepack[22m | Storing File: res://assets/textures/harvest/proc/proc_extra_293_albedo.jpg.import[39m[0m
[  56% ] [90m[1msavepack[22m | Storing File: res://.godot/imported/proc_extra_293_normal.jpg-05950bc1c6f91e9913fc9699feb1d398.ctex[39m[0m
[  56% ] [90m[1msavepack[22m | Storing File: res://assets/textures/harvest/proc/proc_extra_293_normal.jpg.import[39m[0m
[  56% ] [90m[1msavepack[22m | Storing File: res://.godot/imported/proc_extra_293_rough.jpg-1849deaf055510314c62c0892cc53f58.ctex[39m[0m
[  56% ] [90m[1msavepack[22m | Storing File: res://assets/textures/harvest/proc/proc_extra_293_rough.jpg.import[39m[0m
[  56% ] [90m[1msavepack[22m | Storing File: res://.godot/imported/proc_extra_294_albedo.jpg-4f12281e467db6252919da7ff6e4aaef.ctex[39m[0m
[  56% ] [90m[1msavepack[22m | Storing File: res://assets/textures/harvest/proc/proc_extra_294_albedo.jpg.import[39m[0m
[  56% ] [90m[1msavepack[22m | Storing File: res://.godot/imported/proc_extra_294_normal.jpg-361c0647f15b3563e8c1506325324d2d.ctex[39m[0m
[  56% ] [90m[1msavepack[22m | Storing File: res://assets/textures/harvest/proc/proc_extra_294_normal.jpg.import[39m[0m
[  56% ] [90m[1msavepack[22m | Storing File: res://.godot/imported/proc_extra_294_rough.jpg-3c8c2ff78ab97d293d4026e2e71b3589.ctex[39m[0m
[  56% ] [90m[1msavepack[22m | Storing File: res://assets/textures/harvest/proc/proc_extra_294_rough.jpg.import[39m[0m
[  56% ] [90m[1msavepack[22m | Storing File: res://.godot/imported/proc_extra_295_albedo.jpg-ebbecaad129f85ee05ed8ff9d8f0b382.ctex[39m[0m
[  56% ] [90m[1msavepack[22m | Storing File: res://assets/textures/harvest/proc/proc_extra_295_albedo.jpg.import[39m[0m
[  56% ] [90m[1msavepack[22m | Storing File: res://.godot/imported/proc_extra_295_normal.jpg-036517b4006c5d736192846d29e53b3b.ctex[39m[0m
[  56% ] [90m[1msavepack[22m | Storing File: res://assets/textures/harvest/proc/proc_extra_295_normal.jpg.import[39m[0m
[  56% ] [90m[1msavepack[22m | Storing File: res://.godot/imported/proc_extra_295_rough.jpg-aaa27d15eca44b08bcc92d3cc972aa1f.ctex[39m[0m
[  56% ] [90m[1msavepack[22m | Storing File: res://assets/textures/harvest/proc/proc_extra_295_rough.jpg.import[39m[0m
[  56% ] [90m[1msavepack[22m | Storing File: res://.godot/imported/proc_extra_296_albedo.jpg-3111235eb376727a86b7a864ffcb5289.ctex[39m[0m
[  56% ] [90m[1msavepack[22m | Storing File: res://assets/textures/harvest/proc/proc_extra_296_albedo.jpg.import[39m[0m
[  56% ] [90m[1msavepack[22m | Storing File: res://.godot/imported/proc_extra_296_normal.jpg-c391278efa0faf86f82a549857a46585.ctex[39m[0m
[  56% ] [90m[1msavepack[22m | Storing File: res://assets/textures/harvest/proc/proc_extra_296_normal.jpg.import[39m[0m
[  56% ] [90m[1msavepack[22m | Storing File: res://.godot/imported/proc_extra_296_rough.jpg-c3b94fdfe99b88f066450a0d5f8dbf3e.ctex[39m[0m
[  56% ] [90m[1msavepack[22m | Storing File: res://assets/textures/harvest/proc/proc_extra_296_rough.jpg.import[39m[0m
[  56% ] [90m[1msavepack[22m | Storing File: res://.godot/imported/proc_extra_297_albedo.jpg-e9b05a96bb0482f0290bcf31c139da06.ctex[39m[0m
[  56% ] [90m[1msavepack[22m | Storing File: res://assets/textures/harvest/proc/proc_extra_297_albedo.jpg.import[39m[0m
[  56% ] [90m[1msavepack[22m | Storing File: res://.godot/imported/proc_extra_297_normal.jpg-a76c7b037119f2bf76e1f628ec626f62.ctex[39m[0m
[  56% ] [90m[1msavepack[22m | Storing File: res://assets/textures/harvest/proc/proc_extra_297_normal.jpg.import[39m[0m
[  57% ] [90m[1msavepack[22m | Storing File: res://.godot/imported/proc_extra_297_rough.jpg-fa6b28a6a4a9beb282b0d77998d80e77.ctex[39m[0m
[  57% ] [90m[1msavepack[22m | Storing File: res://assets/textures/harvest/proc/proc_extra_297_rough.jpg.import[39m[0m
[  57% ] [90m[1msavepack[22m | Storing File: res://.godot/imported/proc_extra_298_albedo.jpg-27fe1b1167275386831f9ad05b891b51.ctex[39m[0m
[  57% ] [90m[1msavepack[22m | Storing File: res://assets/textures/harvest/proc/proc_extra_298_albedo.jpg.import[39m[0m
[  57% ] [90m[1msavepack[22m | Storing File: res://.godot/imported/proc_extra_298_normal.jpg-78444f30c72977881f18fcab5f886bb8.ctex[39m[0m
[  57% ] [90m[1msavepack[22m | Storing File: res://assets/textures/harvest/proc/proc_extra_298_normal.jpg.import[39m[0m
[  57% ] [90m[1msavepack[22m | Storing File: res://.godot/imported/proc_extra_298_rough.jpg-d807760ae316425e7c54122c8e054f24.ctex[39m[0m
[  57% ] [90m[1msavepack[22m | Storing File: res://assets/textures/harvest/proc/proc_extra_298_rough.jpg.import[39m[0m
[  57% ] [90m[1msavepack[22m | Storing File: res://.godot/imported/proc_extra_299_albedo.jpg-6dc442575cc4300466e1f655232d37fa.ctex[39m[0m
[  57% ] [90m[1msavepack[22m | Storing File: res://assets/textures/harvest/proc/proc_extra_299_albedo.jpg.import[39m[0m
[  57% ] [90m[1msavepack[22m | Storing File: res://.godot/imported/proc_extra_299_normal.jpg-6919e582183053a623a446c35b8ec234.ctex[39m[0m
[  57% ] [90m[1msavepack[22m | Storing File: res://assets/textures/harvest/proc/proc_extra_299_normal.jpg.import[39m[0m
[  57% ] [90m[1msavepack[22m | Storing File: res://.godot/imported/proc_extra_299_rough.jpg-41919ade53112080755a073efd0f533f.ctex[39m[0m
[  57% ] [90m[1msavepack[22m | Storing File: res://assets/textures/harvest/proc/proc_extra_299_rough.jpg.import[39m[0m
[  57% ] [90m[1msavepack[22m | Storing File: res://.godot/imported/proc_extra_300_albedo.jpg-d8c86c66d9985e0df2090288b4764f85.ctex[39m[0m
[  57% ] [90m[1msavepack[22m | Storing File: res://assets/textures/harvest/proc/proc_extra_300_albedo.jpg.import[39m[0m
[  57% ] [90m[1msavepack[22m | Storing File: res://.godot/imported/proc_extra_300_normal.jpg-01f1953a781511b1fc549009124954e3.ctex[39m[0m
[  57% ] [90m[1msavepack[22m | Storing File: res://assets/textures/harvest/proc/proc_extra_300_normal.jpg.import[39m[0m
[  57% ] [90m[1msavepack[22m | Storing File: res://.godot/imported/proc_extra_300_rough.jpg-4c21653cd824aaf82eb7ce15f579b7c8.ctex[39m[0m
[  57% ] [90m[1msavepack[22m | Storing File: res://assets/textures/harvest/proc/proc_extra_300_rough.jpg.import[39m[0m
[  57% ] [90m[1msavepack[22m | Storing File: res://.godot/imported/proc_extra_301_albedo.jpg-aa2725baebea744fd52303968cbf1fdb.ctex[39m[0m
[  57% ] [90m[1msavepack[22m | Storing File: res://assets/textures/harvest/proc/proc_extra_301_albedo.jpg.import[39m[0m
[  57% ] [90m[1msavepack[22m | Storing File: res://.godot/imported/proc_extra_301_normal.jpg-decb26a08f8d9b8d4c7c7b91af3e0660.ctex[39m[0m
[  57% ] [90m[1msavepack[22m | Storing File: res://assets/textures/harvest/proc/proc_extra_301_normal.jpg.import[39m[0m
[  57% ] [90m[1msavepack[22m | Storing File: res://.godot/imported/proc_extra_301_rough.jpg-b9e1aa2468886ff62cbdf7fb914d39cf.ctex[39m[0m
[  57% ] [90m[1msavepack[22m | Storing File: res://assets/textures/harvest/proc/proc_extra_301_rough.jpg.import[39m[0m
[  57% ] [90m[1msavepack[22m | Storing File: res://.godot/imported/proc_extra_302_albedo.jpg-b35261d51e1b69a1cdd10d62b4782f84.ctex[39m[0m
[  57% ] [90m[1msavepack[22m | Storing File: res://assets/textures/harvest/proc/proc_extra_302_albedo.jpg.import[39m[0m
[  57% ] [90m[1msavepack[22m | Storing File: res://.godot/imported/proc_extra_302_normal.jpg-dcd499a8c1eabc935e35a3f8635a27a4.ctex[39m[0m
[  57% ] [90m[1msavepack[22m | Storing File: res://assets/textures/harvest/proc/proc_extra_302_normal.jpg.import[39m[0m
[  57% ] [90m[1msavepack[22m | Storing File: res://.godot/imported/proc_extra_302_rough.jpg-02875e8cc59878cf01df088e316201d3.ctex[39m[0m
[  57% ] [90m[1msavepack[22m | Storing File: res://assets/textures/harvest/proc/proc_extra_302_rough.jpg.import[39m[0m
[  57% ] [90m[1msavepack[22m | Storing File: res://.godot/imported/proc_extra_303_albedo.jpg-3c545d0880229795f795fb8334c53fa3.ctex[39m[0m
[  57% ] [90m[1msavepack[22m | Storing File: res://assets/textures/harvest/proc/proc_extra_303_albedo.jpg.import[39m[0m
[  57% ] [90m[1msavepack[22m | Storing File: res://.godot/imported/proc_extra_303_normal.jpg-c13722fc28112c972d12b32294b8c92b.ctex[39m[0m
[  57% ] [90m[1msavepack[22m | Storing File: res://assets/textures/harvest/proc/proc_extra_303_normal.jpg.import[39m[0m
[  57% ] [90m[1msavepack[22m | Storing File: res://.godot/imported/proc_extra_303_rough.jpg-4500804f1a85e4b4ece8e19712b8e901.ctex[39m[0m
[  57% ] [90m[1msavepack[22m | Storing File: res://assets/textures/harvest/proc/proc_extra_303_rough.jpg.import[39m[0m
[  58% ] [90m[1msavepack[22m | Storing File: res://.godot/imported/proc_extra_304_albedo.jpg-47685f64fa272c5fac62ce2e66fa729e.ctex[39m[0m
[  58% ] [90m[1msavepack[22m | Storing File: res://assets/textures/harvest/proc/proc_extra_304_albedo.jpg.import[39m[0m
[  58% ] [90m[1msavepack[22m | Storing File: res://.godot/imported/proc_extra_304_normal.jpg-57f6b7324c072e29be8decd1bfe77cff.ctex[39m[0m
[  58% ] [90m[1msavepack[22m | Storing File: res://assets/textures/harvest/proc/proc_extra_304_normal.jpg.import[39m[0m
[  58% ] [90m[1msavepack[22m | Storing File: res://.godot/imported/proc_extra_304_rough.jpg-f8752589a4d0e30a8ee4f5eb00785e35.ctex[39m[0m
[  58% ] [90m[1msavepack[22m | Storing File: res://assets/textures/harvest/proc/proc_extra_304_rough.jpg.import[39m[0m
[  58% ] [90m[1msavepack[22m | Storing File: res://.godot/imported/proc_extra_305_albedo.jpg-44a3f586f74408c9d3d80886986b0111.ctex[39m[0m
[  58% ] [90m[1msavepack[22m | Storing File: res://assets/textures/harvest/proc/proc_extra_305_albedo.jpg.import[39m[0m
[  58% ] [90m[1msavepack[22m | Storing File: res://.godot/imported/proc_extra_305_normal.jpg-912913e387a7446516ed81a3c7827e94.ctex[39m[0m
[  58% ] [90m[1msavepack[22m | Storing File: res://assets/textures/harvest/proc/proc_extra_305_normal.jpg.import[39m[0m
[  58% ] [90m[1msavepack[22m | Storing File: res://.godot/imported/proc_extra_305_rough.jpg-f6dbbfa61d8ab1d8c2e46da33ed1d1dc.ctex[39m[0m
[  58% ] [90m[1msavepack[22m | Storing File: res://assets/textures/harvest/proc/proc_extra_305_rough.jpg.import[39m[0m
[  58% ] [90m[1msavepack[22m | Storing File: res://.godot/imported/proc_extra_306_albedo.jpg-a6f69ec75f44589ebe251d8d0ce21074.ctex[39m[0m
[  58% ] [90m[1msavepack[22m | Storing File: res://assets/textures/harvest/proc/proc_extra_306_albedo.jpg.import[39m[0m
[  58% ] [90m[1msavepack[22m | Storing File: res://.godot/imported/proc_extra_306_normal.jpg-6e5870adea745273bdd1dbcada293671.ctex[39m[0m
[  58% ] [90m[1msavepack[22m | Storing File: res://assets/textures/harvest/proc/proc_extra_306_normal.jpg.import[39m[0m
[  58% ] [90m[1msavepack[22m | Storing File: res://.godot/imported/proc_extra_306_rough.jpg-db6e312bdecf5ebd073309d4cfd64352.ctex[39m[0m
[  58% ] [90m[1msavepack[22m | Storing File: res://assets/textures/harvest/proc/proc_extra_306_rough.jpg.import[39m[0m
[  58% ] [90m[1msavepack[22m | Storing File: res://.godot/imported/proc_extra_307_albedo.jpg-a27532a9df5c80fa14bc67b4c43f2882.ctex[39m[0m
[  58% ] [90m[1msavepack[22m | Storing File: res://assets/textures/harvest/proc/proc_extra_307_albedo.jpg.import[39m[0m
[  58% ] [90m[1msavepack[22m | Storing File: res://.godot/imported/proc_extra_307_normal.jpg-3650c93e8251d23b48a30a05651d12e5.ctex[39m[0m
[  58% ] [90m[1msavepack[22m | Storing File: res://assets/textures/harvest/proc/proc_extra_307_normal.jpg.import[39m[0m
[  58% ] [90m[1msavepack[22m | Storing File: res://.godot/imported/proc_extra_307_rough.jpg-036798b747e63b8e9f65a2746a94df20.ctex[39m[0m
[  58% ] [90m[1msavepack[22m | Storing File: res://assets/textures/harvest/proc/proc_extra_307_rough.jpg.import[39m[0m
[  58% ] [90m[1msavepack[22m | Storing File: res://.godot/imported/proc_extra_308_albedo.jpg-0d5bc693b896acc92de03930c0aa02fa.ctex[39m[0m
[  58% ] [90m[1msavepack[22m | Storing File: res://assets/textures/harvest/proc/proc_extra_308_albedo.jpg.import[39m[0m
[  58% ] [90m[1msavepack[22m | Storing File: res://.godot/imported/proc_extra_308_normal.jpg-7a227901f0c4aa8e2c52a5891574f8ac.ctex[39m[0m
[  58% ] [90m[1msavepack[22m | Storing File: res://assets/textures/harvest/proc/proc_extra_308_normal.jpg.import[39m[0m
[  58% ] [90m[1msavepack[22m | Storing File: res://.godot/imported/proc_extra_308_rough.jpg-e99ea1e5b6b4b08408e194d7c9588e69.ctex[39m[0m
[  58% ] [90m[1msavepack[22m | Storing File: res://assets/textures/harvest/proc/proc_extra_308_rough.jpg.import[39m[0m
[  58% ] [90m[1msavepack[22m | Storing File: res://.godot/imported/proc_extra_309_albedo.jpg-3d18ed17f820c9a560d5cd83617b2963.ctex[39m[0m
[  58% ] [90m[1msavepack[22m | Storing File: res://assets/textures/harvest/proc/proc_extra_309_albedo.jpg.import[39m[0m
[  58% ] [90m[1msavepack[22m | Storing File: res://.godot/imported/proc_extra_309_normal.jpg-80081e910ef1b1772742aeef4e5f1de0.ctex[39m[0m
[  58% ] [90m[1msavepack[22m | Storing File: res://assets/textures/harvest/proc/proc_extra_309_normal.jpg.import[39m[0m
[  58% ] [90m[1msavepack[22m | Storing File: res://.godot/imported/proc_extra_309_rough.jpg-2e0de77a07183d019e634cc9e9b78d97.ctex[39m[0m
[  58% ] [90m[1msavepack[22m | Storing File: res://assets/textures/harvest/proc/proc_extra_309_rough.jpg.import[39m[0m
[  58% ] [90m[1msavepack[22m | Storing File: res://.godot/imported/proc_extra_310_albedo.jpg-aed52e28cc40208834e4361303d69ca0.ctex[39m[0m
[  58% ] [90m[1msavepack[22m | Storing File: res://assets/textures/harvest/proc/proc_extra_310_albedo.jpg.import[39m[0m
[  59% ] [90m[1msavepack[22m | Storing File: res://.godot/imported/proc_extra_310_normal.jpg-fb72e23ba1f8b27059faa8e31e5bae86.ctex[39m[0m
[  59% ] [90m[1msavepack[22m | Storing File: res://assets/textures/harvest/proc/proc_extra_310_normal.jpg.import[39m[0m
[  59% ] [90m[1msavepack[22m | Storing File: res://.godot/imported/proc_extra_310_rough.jpg-2f234bfe03f35ba41873a643557245c9.ctex[39m[0m
[  59% ] [90m[1msavepack[22m | Storing File: res://assets/textures/harvest/proc/proc_extra_310_rough.jpg.import[39m[0m
[  59% ] [90m[1msavepack[22m | Storing File: res://.godot/imported/proc_extra_311_albedo.jpg-bec351d2a4b8d37b2f7d1ff087f74f4d.ctex[39m[0m
[  59% ] [90m[1msavepack[22m | Storing File: res://assets/textures/harvest/proc/proc_extra_311_albedo.jpg.import[39m[0m
[  59% ] [90m[1msavepack[22m | Storing File: res://.godot/imported/proc_extra_311_normal.jpg-849e01569fb04e4a668790d8227ef780.ctex[39m[0m
[  59% ] [90m[1msavepack[22m | Storing File: res://assets/textures/harvest/proc/proc_extra_311_normal.jpg.import[39m[0m
[  59% ] [90m[1msavepack[22m | Storing File: res://.godot/imported/proc_extra_311_rough.jpg-915ec366affca19fcf196d6f4cb0931b.ctex[39m[0m
[  59% ] [90m[1msavepack[22m | Storing File: res://assets/textures/harvest/proc/proc_extra_311_rough.jpg.import[39m[0m
[  59% ] [90m[1msavepack[22m | Storing File: res://.godot/imported/proc_extra_312_albedo.jpg-136c417f45b8f99ca597528f7eb0ea14.ctex[39m[0m
[  59% ] [90m[1msavepack[22m | Storing File: res://assets/textures/harvest/proc/proc_extra_312_albedo.jpg.import[39m[0m
[  59% ] [90m[1msavepack[22m | Storing File: res://.godot/imported/proc_extra_312_normal.jpg-163734c088fbb8ed63f95bf8b80074a7.ctex[39m[0m
[  59% ] [90m[1msavepack[22m | Storing File: res://assets/textures/harvest/proc/proc_extra_312_normal.jpg.import[39m[0m
[  59% ] [90m[1msavepack[22m | Storing File: res://.godot/imported/proc_extra_312_rough.jpg-ebf8b51ce2afcbad2fb15ede30c62eb2.ctex[39m[0m
[  59% ] [90m[1msavepack[22m | Storing File: res://assets/textures/harvest/proc/proc_extra_312_rough.jpg.import[39m[0m
[  59% ] [90m[1msavepack[22m | Storing File: res://.godot/imported/proc_extra_313_albedo.jpg-b6bbfd2004533f3c64e1b4cc39f329c2.ctex[39m[0m
[  59% ] [90m[1msavepack[22m | Storing File: res://assets/textures/harvest/proc/proc_extra_313_albedo.jpg.import[39m[0m
[  59% ] [90m[1msavepack[22m | Storing File: res://.godot/imported/proc_extra_313_normal.jpg-cb1b0388d43800de97ceca0e70a9417f.ctex[39m[0m
[  59% ] [90m[1msavepack[22m | Storing File: res://assets/textures/harvest/proc/proc_extra_313_normal.jpg.import[39m[0m
[  59% ] [90m[1msavepack[22m | Storing File: res://.godot/imported/proc_extra_313_rough.jpg-a529c9294931d298a4d069467d2f3469.ctex[39m[0m
[  59% ] [90m[1msavepack[22m | Storing File: res://assets/textures/harvest/proc/proc_extra_313_rough.jpg.import[39m[0m
[  59% ] [90m[1msavepack[22m | Storing File: res://.godot/imported/proc_extra_314_albedo.jpg-0bb6564b27322aeb553007967fb57e8f.ctex[39m[0m
[  59% ] [90m[1msavepack[22m | Storing File: res://assets/textures/harvest/proc/proc_extra_314_albedo.jpg.import[39m[0m
[  59% ] [90m[1msavepack[22m | Storing File: res://.godot/imported/proc_extra_314_normal.jpg-e3e1f205dce64468ec2776fb459d7ed8.ctex[39m[0m
[  59% ] [90m[1msavepack[22m | Storing File: res://assets/textures/harvest/proc/proc_extra_314_normal.jpg.import[39m[0m
[  59% ] [90m[1msavepack[22m | Storing File: res://.godot/imported/proc_extra_314_rough.jpg-e8bc8a45cd554723030bbc0a7d7c984c.ctex[39m[0m
[  59% ] [90m[1msavepack[22m | Storing File: res://assets/textures/harvest/proc/proc_extra_314_rough.jpg.import[39m[0m
[  59% ] [90m[1msavepack[22m | Storing File: res://.godot/imported/proc_extra_315_albedo.jpg-99c01b05b7e3587bc45fe20d68635cf7.ctex[39m[0m
[  59% ] [90m[1msavepack[22m | Storing File: res://assets/textures/harvest/proc/proc_extra_315_albedo.jpg.import[39m[0m
[  59% ] [90m[1msavepack[22m | Storing File: res://.godot/imported/proc_extra_315_normal.jpg-583cb3bb6c59c8d4e9f1a9cb27784457.ctex[39m[0m
[  59% ] [90m[1msavepack[22m | Storing File: res://assets/textures/harvest/proc/proc_extra_315_normal.jpg.import[39m[0m
[  59% ] [90m[1msavepack[22m | Storing File: res://.godot/imported/proc_extra_315_rough.jpg-443af2e4c082920c8bebb0b564ba157b.ctex[39m[0m
[  59% ] [90m[1msavepack[22m | Storing File: res://assets/textures/harvest/proc/proc_extra_315_rough.jpg.import[39m[0m
[  59% ] [90m[1msavepack[22m | Storing File: res://.godot/imported/proc_extra_316_albedo.jpg-1430e675e2d85fcfd9ebb49b46dd0da5.ctex[39m[0m
[  59% ] [90m[1msavepack[22m | Storing File: res://assets/textures/harvest/proc/proc_extra_316_albedo.jpg.import[39m[0m
[  59% ] [90m[1msavepack[22m | Storing File: res://.godot/imported/proc_extra_316_normal.jpg-1b84c7c3f57bff6d77296ac448e5de9e.ctex[39m[0m
[  59% ] [90m[1msavepack[22m | Storing File: res://assets/textures/harvest/proc/proc_extra_316_normal.jpg.import[39m[0m
[  60% ] [90m[1msavepack[22m | Storing File: res://.godot/imported/proc_extra_316_rough.jpg-fc72b15e8d4ae8af2521eff93a109754.ctex[39m[0m
[  60% ] [90m[1msavepack[22m | Storing File: res://assets/textures/harvest/proc/proc_extra_316_rough.jpg.import[39m[0m
[  60% ] [90m[1msavepack[22m | Storing File: res://.godot/imported/proc_extra_317_albedo.jpg-a691f36471f1b45e9e2f2f1b128e87c9.ctex[39m[0m
[  60% ] [90m[1msavepack[22m | Storing File: res://assets/textures/harvest/proc/proc_extra_317_albedo.jpg.import[39m[0m
[  60% ] [90m[1msavepack[22m | Storing File: res://.godot/imported/proc_extra_317_normal.jpg-708b84312995d2d249734eb822cca203.ctex[39m[0m
[  60% ] [90m[1msavepack[22m | Storing File: res://assets/textures/harvest/proc/proc_extra_317_normal.jpg.import[39m[0m
[  60% ] [90m[1msavepack[22m | Storing File: res://.godot/imported/proc_extra_317_rough.jpg-a2a67cd18948dc97eb94af2ea1ac997a.ctex[39m[0m
[  60% ] [90m[1msavepack[22m | Storing File: res://assets/textures/harvest/proc/proc_extra_317_rough.jpg.import[39m[0m
[  60% ] [90m[1msavepack[22m | Storing File: res://.godot/imported/proc_extra_318_albedo.jpg-e2db3e6b1413d1274755ba70d7433d8c.ctex[39m[0m
[  60% ] [90m[1msavepack[22m | Storing File: res://assets/textures/harvest/proc/proc_extra_318_albedo.jpg.import[39m[0m
[  60% ] [90m[1msavepack[22m | Storing File: res://.godot/imported/proc_extra_318_normal.jpg-034554483d8ec525bbd574a62eaa913d.ctex[39m[0m
[  60% ] [90m[1msavepack[22m | Storing File: res://assets/textures/harvest/proc/proc_extra_318_normal.jpg.import[39m[0m
[  60% ] [90m[1msavepack[22m | Storing File: res://.godot/imported/proc_extra_318_rough.jpg-2a6783d3ec098f190f3081d47a104040.ctex[39m[0m
[  60% ] [90m[1msavepack[22m | Storing File: res://assets/textures/harvest/proc/proc_extra_318_rough.jpg.import[39m[0m
[  60% ] [90m[1msavepack[22m | Storing File: res://.godot/imported/proc_extra_319_albedo.jpg-bbb97797291bfc629670c7175bd25393.ctex[39m[0m
[  60% ] [90m[1msavepack[22m | Storing File: res://assets/textures/harvest/proc/proc_extra_319_albedo.jpg.import[39m[0m
[  60% ] [90m[1msavepack[22m | Storing File: res://.godot/imported/proc_extra_319_normal.jpg-5cc0f71a1ad8794711631d30ca1d723c.ctex[39m[0m
[  60% ] [90m[1msavepack[22m | Storing File: res://assets/textures/harvest/proc/proc_extra_319_normal.jpg.import[39m[0m
[  60% ] [90m[1msavepack[22m | Storing File: res://.godot/imported/proc_extra_319_rough.jpg-630218748dd7f138ea1e9fc84f14800d.ctex[39m[0m
[  60% ] [90m[1msavepack[22m | Storing File: res://assets/textures/harvest/proc/proc_extra_319_rough.jpg.import[39m[0m
[  60% ] [90m[1msavepack[22m | Storing File: res://.godot/imported/proc_extra_320_albedo.jpg-76991e240dd91dbe56cd1a487599e4aa.ctex[39m[0m
[  60% ] [90m[1msavepack[22m | Storing File: res://assets/textures/harvest/proc/proc_extra_320_albedo.jpg.import[39m[0m
[  60% ] [90m[1msavepack[22m | Storing File: res://.godot/imported/proc_extra_320_normal.jpg-f2e69dd5cbb18c3269d05b48eca8f8fe.ctex[39m[0m
[  60% ] [90m[1msavepack[22m | Storing File: res://assets/textures/harvest/proc/proc_extra_320_normal.jpg.import[39m[0m
[  60% ] [90m[1msavepack[22m | Storing File: res://.godot/imported/proc_extra_320_rough.jpg-3183c70e41c6b0160f40f5ecc7e94b7f.ctex[39m[0m
[  60% ] [90m[1msavepack[22m | Storing File: res://assets/textures/harvest/proc/proc_extra_320_rough.jpg.import[39m[0m
[  60% ] [90m[1msavepack[22m | Storing File: res://.godot/imported/proc_extra_321_albedo.jpg-b4b832ac0e311ecc036107ba75c0e6c5.ctex[39m[0m
[  60% ] [90m[1msavepack[22m | Storing File: res://assets/textures/harvest/proc/proc_extra_321_albedo.jpg.import[39m[0m
[  60% ] [90m[1msavepack[22m | Storing File: res://.godot/imported/proc_extra_321_normal.jpg-ceaf75f253608a991bce31f59e4bc372.ctex[39m[0m
[  60% ] [90m[1msavepack[22m | Storing File: res://assets/textures/harvest/proc/proc_extra_321_normal.jpg.import[39m[0m
[  60% ] [90m[1msavepack[22m | Storing File: res://.godot/imported/proc_extra_321_rough.jpg-0193689c234c292822fec8e29f6749e7.ctex[39m[0m
[  60% ] [90m[1msavepack[22m | Storing File: res://assets/textures/harvest/proc/proc_extra_321_rough.jpg.import[39m[0m
[  60% ] [90m[1msavepack[22m | Storing File: res://.godot/imported/proc_extra_322_albedo.jpg-83cb02b4feafb2164c419d2f2b1a947f.ctex[39m[0m
[  60% ] [90m[1msavepack[22m | Storing File: res://assets/textures/harvest/proc/proc_extra_322_albedo.jpg.import[39m[0m
[  60% ] [90m[1msavepack[22m | Storing File: res://.godot/imported/proc_extra_322_normal.jpg-7411f23916dc3eabe3579b70f865eba7.ctex[39m[0m
[  60% ] [90m[1msavepack[22m | Storing File: res://assets/textures/harvest/proc/proc_extra_322_normal.jpg.import[39m[0m
[  60% ] [90m[1msavepack[22m | Storing File: res://.godot/imported/proc_extra_322_rough.jpg-9cc95cdce45d0925764a566bdb4fa127.ctex[39m[0m
[  60% ] [90m[1msavepack[22m | Storing File: res://assets/textures/harvest/proc/proc_extra_322_rough.jpg.import[39m[0m
[  61% ] [90m[1msavepack[22m | Storing File: res://.godot/imported/proc_extra_323_albedo.jpg-4a8d18ea62878ef3ae79b010ec5f9c4f.ctex[39m[0m
[  61% ] [90m[1msavepack[22m | Storing File: res://assets/textures/harvest/proc/proc_extra_323_albedo.jpg.import[39m[0m
[  61% ] [90m[1msavepack[22m | Storing File: res://.godot/imported/proc_extra_323_normal.jpg-8ae2834ca738c7219a19aae2a5e187b3.ctex[39m[0m
[  61% ] [90m[1msavepack[22m | Storing File: res://assets/textures/harvest/proc/proc_extra_323_normal.jpg.import[39m[0m
[  61% ] [90m[1msavepack[22m | Storing File: res://.godot/imported/proc_extra_323_rough.jpg-cbf98fd42e22454afd898e52d65cad9d.ctex[39m[0m
[  61% ] [90m[1msavepack[22m | Storing File: res://assets/textures/harvest/proc/proc_extra_323_rough.jpg.import[39m[0m
[  61% ] [90m[1msavepack[22m | Storing File: res://.godot/imported/proc_extra_324_albedo.jpg-5134061ee9b49aa47e39de247d71f566.ctex[39m[0m
[  61% ] [90m[1msavepack[22m | Storing File: res://assets/textures/harvest/proc/proc_extra_324_albedo.jpg.import[39m[0m
[  61% ] [90m[1msavepack[22m | Storing File: res://.godot/imported/proc_extra_324_normal.jpg-a302658c863f80ab70844c19b86285a5.ctex[39m[0m
[  61% ] [90m[1msavepack[22m | Storing File: res://assets/textures/harvest/proc/proc_extra_324_normal.jpg.import[39m[0m
[  61% ] [90m[1msavepack[22m | Storing File: res://.godot/imported/proc_extra_324_rough.jpg-24ab3310b5c3d49c88f2fa058428104b.ctex[39m[0m
[  61% ] [90m[1msavepack[22m | Storing File: res://assets/textures/harvest/proc/proc_extra_324_rough.jpg.import[39m[0m
[  61% ] [90m[1msavepack[22m | Storing File: res://.godot/imported/proc_extra_325_albedo.jpg-1adfb5c4f2a2292bf35014052c2df074.ctex[39m[0m
[  61% ] [90m[1msavepack[22m | Storing File: res://assets/textures/harvest/proc/proc_extra_325_albedo.jpg.import[39m[0m
[  61% ] [90m[1msavepack[22m | Storing File: res://.godot/imported/proc_extra_325_normal.jpg-738c0fa6f7920b15e2057197e171c8cb.ctex[39m[0m
[  61% ] [90m[1msavepack[22m | Storing File: res://assets/textures/harvest/proc/proc_extra_325_normal.jpg.import[39m[0m
[  61% ] [90m[1msavepack[22m | Storing File: res://.godot/imported/proc_extra_325_rough.jpg-c5a3dbe2132ee5d9c7d96088d42e1b4f.ctex[39m[0m
[  61% ] [90m[1msavepack[22m | Storing File: res://assets/textures/harvest/proc/proc_extra_325_rough.jpg.import[39m[0m
[  61% ] [90m[1msavepack[22m | Storing File: res://.godot/imported/proc_extra_326_albedo.jpg-057d22a4dd6064e632d6ea300b678456.ctex[39m[0m
[  61% ] [90m[1msavepack[22m | Storing File: res://assets/textures/harvest/proc/proc_extra_326_albedo.jpg.import[39m[0m
[  61% ] [90m[1msavepack[22m | Storing File: res://.godot/imported/proc_extra_326_normal.jpg-445186f55a225620eadc217545760d9b.ctex[39m[0m
[  61% ] [90m[1msavepack[22m | Storing File: res://assets/textures/harvest/proc/proc_extra_326_normal.jpg.import[39m[0m
[  61% ] [90m[1msavepack[22m | Storing File: res://.godot/imported/proc_extra_326_rough.jpg-f0ea1c284e1f6fb378dc6fb28cde4f73.ctex[39m[0m
[  61% ] [90m[1msavepack[22m | Storing File: res://assets/textures/harvest/proc/proc_extra_326_rough.jpg.import[39m[0m
[  61% ] [90m[1msavepack[22m | Storing File: res://.godot/imported/proc_extra_327_albedo.jpg-85141872750840583619be344f9dac65.ctex[39m[0m
[  61% ] [90m[1msavepack[22m | Storing File: res://assets/textures/harvest/proc/proc_extra_327_albedo.jpg.import[39m[0m
[  61% ] [90m[1msavepack[22m | Storing File: res://.godot/imported/proc_extra_327_normal.jpg-5ef03241ff39444efb386a4122ca7e75.ctex[39m[0m
[  61% ] [90m[1msavepack[22m | Storing File: res://assets/textures/harvest/proc/proc_extra_327_normal.jpg.import[39m[0m
[  61% ] [90m[1msavepack[22m | Storing File: res://.godot/imported/proc_extra_327_rough.jpg-0d93cdd14920e404ea327f112e59a0dc.ctex[39m[0m
[  61% ] [90m[1msavepack[22m | Storing File: res://assets/textures/harvest/proc/proc_extra_327_rough.jpg.import[39m[0m
[  61% ] [90m[1msavepack[22m | Storing File: res://.godot/imported/proc_extra_328_albedo.jpg-93d484208cea3c4df90e6af277d17109.ctex[39m[0m
[  61% ] [90m[1msavepack[22m | Storing File: res://assets/textures/harvest/proc/proc_extra_328_albedo.jpg.import[39m[0m
[  61% ] [90m[1msavepack[22m | Storing File: res://.godot/imported/proc_extra_328_normal.jpg-a600545ad5e0e69758d5151c8b3d1adb.ctex[39m[0m
[  61% ] [90m[1msavepack[22m | Storing File: res://assets/textures/harvest/proc/proc_extra_328_normal.jpg.import[39m[0m
[  61% ] [90m[1msavepack[22m | Storing File: res://.godot/imported/proc_extra_328_rough.jpg-23816844a5c29d3b673aedf9ea9d5f26.ctex[39m[0m
[  61% ] [90m[1msavepack[22m | Storing File: res://assets/textures/harvest/proc/proc_extra_328_rough.jpg.import[39m[0m
[  61% ] [90m[1msavepack[22m | Storing File: res://.godot/imported/proc_extra_329_albedo.jpg-375097756706a0845c498d8ee16878ed.ctex[39m[0m
[  61% ] [90m[1msavepack[22m | Storing File: res://assets/textures/harvest/proc/proc_extra_329_albedo.jpg.import[39m[0m
[  62% ] [90m[1msavepack[22m | Storing File: res://.godot/imported/proc_extra_329_normal.jpg-535c28484ef6c1842c25dcdd07391282.ctex[39m[0m
[  62% ] [90m[1msavepack[22m | Storing File: res://assets/textures/harvest/proc/proc_extra_329_normal.jpg.import[39m[0m
[  62% ] [90m[1msavepack[22m | Storing File: res://.godot/imported/proc_extra_329_rough.jpg-04b0d2e20f1dd1180c9aafdf1a82ff57.ctex[39m[0m
[  62% ] [90m[1msavepack[22m | Storing File: res://assets/textures/harvest/proc/proc_extra_329_rough.jpg.import[39m[0m
[  62% ] [90m[1msavepack[22m | Storing File: res://.godot/imported/proc_extra_330_albedo.jpg-944575d6bcae555777951e2a86051aec.ctex[39m[0m
[  62% ] [90m[1msavepack[22m | Storing File: res://assets/textures/harvest/proc/proc_extra_330_albedo.jpg.import[39m[0m
[  62% ] [90m[1msavepack[22m | Storing File: res://.godot/imported/proc_extra_330_normal.jpg-2e4fb9a34e97ee377b3c62d20bb18781.ctex[39m[0m
[  62% ] [90m[1msavepack[22m | Storing File: res://assets/textures/harvest/proc/proc_extra_330_normal.jpg.import[39m[0m
[  62% ] [90m[1msavepack[22m | Storing File: res://.godot/imported/proc_extra_330_rough.jpg-6e30d02e025d724d5d27de7dc94708d9.ctex[39m[0m
[  62% ] [90m[1msavepack[22m | Storing File: res://assets/textures/harvest/proc/proc_extra_330_rough.jpg.import[39m[0m
[  62% ] [90m[1msavepack[22m | Storing File: res://.godot/imported/proc_extra_331_albedo.jpg-0da3a142b5863bd9cc3ee0625275b852.ctex[39m[0m
[  62% ] [90m[1msavepack[22m | Storing File: res://assets/textures/harvest/proc/proc_extra_331_albedo.jpg.import[39m[0m
[  62% ] [90m[1msavepack[22m | Storing File: res://.godot/imported/proc_extra_331_normal.jpg-14dd713c5b8a8c0b3855c8d4a3806f70.ctex[39m[0m
[  62% ] [90m[1msavepack[22m | Storing File: res://assets/textures/harvest/proc/proc_extra_331_normal.jpg.import[39m[0m
[  62% ] [90m[1msavepack[22m | Storing File: res://.godot/imported/proc_extra_331_rough.jpg-ce20e4e8c5447868e4391136a5129eb3.ctex[39m[0m
[  62% ] [90m[1msavepack[22m | Storing File: res://assets/textures/harvest/proc/proc_extra_331_rough.jpg.import[39m[0m
[  62% ] [90m[1msavepack[22m | Storing File: res://.godot/imported/proc_extra_332_albedo.jpg-f422939838f6f91ee440c060ab6a409e.ctex[39m[0m
[  62% ] [90m[1msavepack[22m | Storing File: res://assets/textures/harvest/proc/proc_extra_332_albedo.jpg.import[39m[0m
[  62% ] [90m[1msavepack[22m | Storing File: res://.godot/imported/proc_extra_332_normal.jpg-3e8ab62f29a9f98f954ef369866e5be1.ctex[39m[0m
[  62% ] [90m[1msavepack[22m | Storing File: res://assets/textures/harvest/proc/proc_extra_332_normal.jpg.import[39m[0m
[  62% ] [90m[1msavepack[22m | Storing File: res://.godot/imported/proc_extra_332_rough.jpg-cc814981855fea0b8f66d4603f4e0d8a.ctex[39m[0m
[  62% ] [90m[1msavepack[22m | Storing File: res://assets/textures/harvest/proc/proc_extra_332_rough.jpg.import[39m[0m
[  62% ] [90m[1msavepack[22m | Storing File: res://.godot/imported/proc_extra_333_albedo.jpg-ee241e9d517a8530b15d79856b240263.ctex[39m[0m
[  62% ] [90m[1msavepack[22m | Storing File: res://assets/textures/harvest/proc/proc_extra_333_albedo.jpg.import[39m[0m
[  62% ] [90m[1msavepack[22m | Storing File: res://.godot/imported/proc_extra_333_normal.jpg-114048e6c498bc8df14e34d54d18015d.ctex[39m[0m
[  62% ] [90m[1msavepack[22m | Storing File: res://assets/textures/harvest/proc/proc_extra_333_normal.jpg.import[39m[0m
[  62% ] [90m[1msavepack[22m | Storing File: res://.godot/imported/proc_extra_333_rough.jpg-ed6d85ec533072c96a1d5df3b8644b60.ctex[39m[0m
[  62% ] [90m[1msavepack[22m | Storing File: res://assets/textures/harvest/proc/proc_extra_333_rough.jpg.import[39m[0m
[  62% ] [90m[1msavepack[22m | Storing File: res://.godot/imported/proc_extra_334_albedo.jpg-2ba10b5556f2657535bdc545f34d79ea.ctex[39m[0m
[  62% ] [90m[1msavepack[22m | Storing File: res://assets/textures/harvest/proc/proc_extra_334_albedo.jpg.import[39m[0m
[  62% ] [90m[1msavepack[22m | Storing File: res://.godot/imported/proc_extra_334_normal.jpg-1f95700c102f2fbfabeebd780c40b892.ctex[39m[0m
[  62% ] [90m[1msavepack[22m | Storing File: res://assets/textures/harvest/proc/proc_extra_334_normal.jpg.import[39m[0m
[  62% ] [90m[1msavepack[22m | Storing File: res://.godot/imported/proc_extra_334_rough.jpg-fbac2dd4ac511f0612640e1cfd40e120.ctex[39m[0m
[  62% ] [90m[1msavepack[22m | Storing File: res://assets/textures/harvest/proc/proc_extra_334_rough.jpg.import[39m[0m
[  62% ] [90m[1msavepack[22m | Storing File: res://.godot/imported/proc_extra_335_albedo.jpg-9d99e750461a57eec4f373dc53378908.ctex[39m[0m
[  62% ] [90m[1msavepack[22m | Storing File: res://assets/textures/harvest/proc/proc_extra_335_albedo.jpg.import[39m[0m
[  62% ] [90m[1msavepack[22m | Storing File: res://.godot/imported/proc_extra_335_normal.jpg-73634b339bcfb946b4f041a431be294f.ctex[39m[0m
[  62% ] [90m[1msavepack[22m | Storing File: res://assets/textures/harvest/proc/proc_extra_335_normal.jpg.import[39m[0m
[  63% ] [90m[1msavepack[22m | Storing File: res://.godot/imported/proc_extra_335_rough.jpg-7274da14c731cffa404593c83623f94e.ctex[39m[0m
[  63% ] [90m[1msavepack[22m | Storing File: res://assets/textures/harvest/proc/proc_extra_335_rough.jpg.import[39m[0m
[  63% ] [90m[1msavepack[22m | Storing File: res://.godot/imported/proc_extra_336_albedo.jpg-214d2815bb87fd9275a8d86f71a62179.ctex[39m[0m
[  63% ] [90m[1msavepack[22m | Storing File: res://assets/textures/harvest/proc/proc_extra_336_albedo.jpg.import[39m[0m
[  63% ] [90m[1msavepack[22m | Storing File: res://.godot/imported/proc_extra_336_normal.jpg-3db7d3b23bc780a80eab9a93a66296c6.ctex[39m[0m
[  63% ] [90m[1msavepack[22m | Storing File: res://assets/textures/harvest/proc/proc_extra_336_normal.jpg.import[39m[0m
[  63% ] [90m[1msavepack[22m | Storing File: res://.godot/imported/proc_extra_336_rough.jpg-2d22f4ae13a3056547f07ef77391b0ef.ctex[39m[0m
[  63% ] [90m[1msavepack[22m | Storing File: res://assets/textures/harvest/proc/proc_extra_336_rough.jpg.import[39m[0m
[  63% ] [90m[1msavepack[22m | Storing File: res://.godot/imported/proc_extra_337_albedo.jpg-94bbc5febb89259a663ae1292fcb2d6c.ctex[39m[0m
[  63% ] [90m[1msavepack[22m | Storing File: res://assets/textures/harvest/proc/proc_extra_337_albedo.jpg.import[39m[0m
[  63% ] [90m[1msavepack[22m | Storing File: res://.godot/imported/proc_extra_337_normal.jpg-49f795128f3bbc629203850e02aba868.ctex[39m[0m
[  63% ] [90m[1msavepack[22m | Storing File: res://assets/textures/harvest/proc/proc_extra_337_normal.jpg.import[39m[0m
[  63% ] [90m[1msavepack[22m | Storing File: res://.godot/imported/proc_extra_337_rough.jpg-5e5a3c17d9de71ee2e6183b3b5bf6871.ctex[39m[0m
[  63% ] [90m[1msavepack[22m | Storing File: res://assets/textures/harvest/proc/proc_extra_337_rough.jpg.import[39m[0m
[  63% ] [90m[1msavepack[22m | Storing File: res://.godot/imported/proc_extra_338_albedo.jpg-450635f3e1230af1c2ca93a0139578de.ctex[39m[0m
[  63% ] [90m[1msavepack[22m | Storing File: res://assets/textures/harvest/proc/proc_extra_338_albedo.jpg.import[39m[0m
[  63% ] [90m[1msavepack[22m | Storing File: res://.godot/imported/proc_extra_338_normal.jpg-3f1dbf7a08a1225fa5a793b6426646df.ctex[39m[0m
[  63% ] [90m[1msavepack[22m | Storing File: res://assets/textures/harvest/proc/proc_extra_338_normal.jpg.import[39m[0m
[  63% ] [90m[1msavepack[22m | Storing File: res://.godot/imported/proc_extra_338_rough.jpg-5cf2d47ea7c572de78e7a24d78549ba6.ctex[39m[0m
[  63% ] [90m[1msavepack[22m | Storing File: res://assets/textures/harvest/proc/proc_extra_338_rough.jpg.import[39m[0m
[  63% ] [90m[1msavepack[22m | Storing File: res://.godot/imported/proc_extra_339_albedo.jpg-c86e59ef02bee4f31430a2a54d3cbfb7.ctex[39m[0m
[  63% ] [90m[1msavepack[22m | Storing File: res://assets/textures/harvest/proc/proc_extra_339_albedo.jpg.import[39m[0m
[  63% ] [90m[1msavepack[22m | Storing File: res://.godot/imported/proc_extra_339_normal.jpg-1458a4f56568ea232dcf827cd7c529f2.ctex[39m[0m
[  63% ] [90m[1msavepack[22m | Storing File: res://assets/textures/harvest/proc/proc_extra_339_normal.jpg.import[39m[0m
[  63% ] [90m[1msavepack[22m | Storing File: res://.godot/imported/proc_extra_339_rough.jpg-4fd148a089a10aabbdc81c35b2c5d283.ctex[39m[0m
[  63% ] [90m[1msavepack[22m | Storing File: res://assets/textures/harvest/proc/proc_extra_339_rough.jpg.import[39m[0m
[  63% ] [90m[1msavepack[22m | Storing File: res://.godot/imported/proc_extra_340_albedo.jpg-52fe4cd74624b7dd13e9a484ef3efb72.ctex[39m[0m
[  63% ] [90m[1msavepack[22m | Storing File: res://assets/textures/harvest/proc/proc_extra_340_albedo.jpg.import[39m[0m
[  63% ] [90m[1msavepack[22m | Storing File: res://.godot/imported/proc_extra_340_normal.jpg-c3df616cb7b48779502a7e133d339fbb.ctex[39m[0m
[  63% ] [90m[1msavepack[22m | Storing File: res://assets/textures/harvest/proc/proc_extra_340_normal.jpg.import[39m[0m
[  63% ] [90m[1msavepack[22m | Storing File: res://.godot/imported/proc_extra_340_rough.jpg-059817e130769be6bed47bb4659da765.ctex[39m[0m
[  63% ] [90m[1msavepack[22m | Storing File: res://assets/textures/harvest/proc/proc_extra_340_rough.jpg.import[39m[0m
[  63% ] [90m[1msavepack[22m | Storing File: res://.godot/imported/proc_extra_341_albedo.jpg-07420d741a16242793c426cde413b9f8.ctex[39m[0m
[  63% ] [90m[1msavepack[22m | Storing File: res://assets/textures/harvest/proc/proc_extra_341_albedo.jpg.import[39m[0m
[  63% ] [90m[1msavepack[22m | Storing File: res://.godot/imported/proc_extra_341_normal.jpg-e26f3e737491a14d85efec7448b47ba8.ctex[39m[0m
[  63% ] [90m[1msavepack[22m | Storing File: res://assets/textures/harvest/proc/proc_extra_341_normal.jpg.import[39m[0m
[  63% ] [90m[1msavepack[22m | Storing File: res://.godot/imported/proc_extra_341_rough.jpg-0437fb841e3ac1447ff7c61e7920cdb5.ctex[39m[0m
[  63% ] [90m[1msavepack[22m | Storing File: res://assets/textures/harvest/proc/proc_extra_341_rough.jpg.import[39m[0m
[  64% ] [90m[1msavepack[22m | Storing File: res://.godot/imported/proc_extra_342_albedo.jpg-63456485cbe0438bcfa7cbb5c71cdf4d.ctex[39m[0m
[  64% ] [90m[1msavepack[22m | Storing File: res://assets/textures/harvest/proc/proc_extra_342_albedo.jpg.import[39m[0m
[  64% ] [90m[1msavepack[22m | Storing File: res://.godot/imported/proc_extra_342_normal.jpg-281bf72a34612bdd57f4bf87e9e2d150.ctex[39m[0m
[  64% ] [90m[1msavepack[22m | Storing File: res://assets/textures/harvest/proc/proc_extra_342_normal.jpg.import[39m[0m
[  64% ] [90m[1msavepack[22m | Storing File: res://.godot/imported/proc_extra_342_rough.jpg-c57ee4f61e4af0787b74f2bbe64cebbb.ctex[39m[0m
[  64% ] [90m[1msavepack[22m | Storing File: res://assets/textures/harvest/proc/proc_extra_342_rough.jpg.import[39m[0m
[  64% ] [90m[1msavepack[22m | Storing File: res://.godot/imported/proc_extra_343_albedo.jpg-97c1fa863cd92d406ebeb9d0ecb9b891.ctex[39m[0m
[  64% ] [90m[1msavepack[22m | Storing File: res://assets/textures/harvest/proc/proc_extra_343_albedo.jpg.import[39m[0m
[  64% ] [90m[1msavepack[22m | Storing File: res://.godot/imported/proc_extra_343_normal.jpg-26cd66fed143f4a54a6fe6c9039a54cb.ctex[39m[0m
[  64% ] [90m[1msavepack[22m | Storing File: res://assets/textures/harvest/proc/proc_extra_343_normal.jpg.import[39m[0m
[  64% ] [90m[1msavepack[22m | Storing File: res://.godot/imported/proc_extra_343_rough.jpg-b2c9f506fe44fe506ac92445ba79eda8.ctex[39m[0m
[  64% ] [90m[1msavepack[22m | Storing File: res://assets/textures/harvest/proc/proc_extra_343_rough.jpg.import[39m[0m
[  64% ] [90m[1msavepack[22m | Storing File: res://.godot/imported/proc_extra_344_albedo.jpg-e613f5b16cc4bb7e808eeee907d71bed.ctex[39m[0m
[  64% ] [90m[1msavepack[22m | Storing File: res://assets/textures/harvest/proc/proc_extra_344_albedo.jpg.import[39m[0m
[  64% ] [90m[1msavepack[22m | Storing File: res://.godot/imported/proc_extra_344_normal.jpg-81faaa356fba46d9a6ce18cecd5aea18.ctex[39m[0m
[  64% ] [90m[1msavepack[22m | Storing File: res://assets/textures/harvest/proc/proc_extra_344_normal.jpg.import[39m[0m
[  64% ] [90m[1msavepack[22m | Storing File: res://.godot/imported/proc_extra_344_rough.jpg-8baf9b24058a80ba9df7c3d0644d015c.ctex[39m[0m
[  64% ] [90m[1msavepack[22m | Storing File: res://assets/textures/harvest/proc/proc_extra_344_rough.jpg.import[39m[0m
[  64% ] [90m[1msavepack[22m | Storing File: res://.godot/imported/proc_extra_345_albedo.jpg-913bf316ae74ac1cdc63f65fc17bd468.ctex[39m[0m
[  64% ] [90m[1msavepack[22m | Storing File: res://assets/textures/harvest/proc/proc_extra_345_albedo.jpg.import[39m[0m
[  64% ] [90m[1msavepack[22m | Storing File: res://.godot/imported/proc_extra_345_normal.jpg-0ee3171bf138495d1a7c2028a4225bc8.ctex[39m[0m
[  64% ] [90m[1msavepack[22m | Storing File: res://assets/textures/harvest/proc/proc_extra_345_normal.jpg.import[39m[0m
[  64% ] [90m[1msavepack[22m | Storing File: res://.godot/imported/proc_extra_345_rough.jpg-abfa82845e7ff3f93c012fd09f33173e.ctex[39m[0m
[  64% ] [90m[1msavepack[22m | Storing File: res://assets/textures/harvest/proc/proc_extra_345_rough.jpg.import[39m[0m
[  64% ] [90m[1msavepack[22m | Storing File: res://.godot/imported/proc_extra_346_albedo.jpg-3140b78d89a66adc8568bbc305cb2ab0.ctex[39m[0m
[  64% ] [90m[1msavepack[22m | Storing File: res://assets/textures/harvest/proc/proc_extra_346_albedo.jpg.import[39m[0m
[  64% ] [90m[1msavepack[22m | Storing File: res://.godot/imported/proc_extra_346_normal.jpg-8ab13bdd97da2b77f5865655290fe2b3.ctex[39m[0m
[  64% ] [90m[1msavepack[22m | Storing File: res://assets/textures/harvest/proc/proc_extra_346_normal.jpg.import[39m[0m
[  64% ] [90m[1msavepack[22m | Storing File: res://.godot/imported/proc_extra_346_rough.jpg-9b4ff0d581d65298b83fc7bdf01d3afe.ctex[39m[0m
[  64% ] [90m[1msavepack[22m | Storing File: res://assets/textures/harvest/proc/proc_extra_346_rough.jpg.import[39m[0m
[  64% ] [90m[1msavepack[22m | Storing File: res://.godot/imported/proc_extra_347_albedo.jpg-79a800318900d8aaaeddf4aea1863357.ctex[39m[0m
[  64% ] [90m[1msavepack[22m | Storing File: res://assets/textures/harvest/proc/proc_extra_347_albedo.jpg.import[39m[0m
[  64% ] [90m[1msavepack[22m | Storing File: res://.godot/imported/proc_extra_347_normal.jpg-e58a85421654a4c849d751b501e46504.ctex[39m[0m
[  64% ] [90m[1msavepack[22m | Storing File: res://assets/textures/harvest/proc/proc_extra_347_normal.jpg.import[39m[0m
[  64% ] [90m[1msavepack[22m | Storing File: res://.godot/imported/proc_extra_347_rough.jpg-122d33eac4a9c6345f21d23b3d4b30cd.ctex[39m[0m
[  64% ] [90m[1msavepack[22m | Storing File: res://assets/textures/harvest/proc/proc_extra_347_rough.jpg.import[39m[0m
[  64% ] [90m[1msavepack[22m | Storing File: res://.godot/imported/proc_extra_348_albedo.jpg-9cf9d79d5abd49c29c8cdac16fbdc5ae.ctex[39m[0m
[  64% ] [90m[1msavepack[22m | Storing File: res://assets/textures/harvest/proc/proc_extra_348_albedo.jpg.import[39m[0m
[  65% ] [90m[1msavepack[22m | Storing File: res://.godot/imported/proc_extra_348_normal.jpg-abd808602fe9649f278bb8e392a679e0.ctex[39m[0m
[  65% ] [90m[1msavepack[22m | Storing File: res://assets/textures/harvest/proc/proc_extra_348_normal.jpg.import[39m[0m
[  65% ] [90m[1msavepack[22m | Storing File: res://.godot/imported/proc_extra_348_rough.jpg-ad79a001fd1eaea09159cb48c2768b73.ctex[39m[0m
[  65% ] [90m[1msavepack[22m | Storing File: res://assets/textures/harvest/proc/proc_extra_348_rough.jpg.import[39m[0m
[  65% ] [90m[1msavepack[22m | Storing File: res://.godot/imported/proc_extra_349_albedo.jpg-a6be8cffe20dbc6acf43bb5dbc4a07f4.ctex[39m[0m
[  65% ] [90m[1msavepack[22m | Storing File: res://assets/textures/harvest/proc/proc_extra_349_albedo.jpg.import[39m[0m
[  65% ] [90m[1msavepack[22m | Storing File: res://.godot/imported/proc_extra_349_normal.jpg-79eb72cfd8781a4b3894c84d7b75de4a.ctex[39m[0m
[  65% ] [90m[1msavepack[22m | Storing File: res://assets/textures/harvest/proc/proc_extra_349_normal.jpg.import[39m[0m
[  65% ] [90m[1msavepack[22m | Storing File: res://.godot/imported/proc_extra_349_rough.jpg-6dee16b5e8d47c7329fbc59d394ece92.ctex[39m[0m
[  65% ] [90m[1msavepack[22m | Storing File: res://assets/textures/harvest/proc/proc_extra_349_rough.jpg.import[39m[0m
[  65% ] [90m[1msavepack[22m | Storing File: res://.godot/imported/proc_extra_350_albedo.jpg-f98e62153986895dae0eee5e6d1b2b9c.ctex[39m[0m
[  65% ] [90m[1msavepack[22m | Storing File: res://assets/textures/harvest/proc/proc_extra_350_albedo.jpg.import[39m[0m
[  65% ] [90m[1msavepack[22m | Storing File: res://.godot/imported/proc_extra_350_normal.jpg-4f7bbd3b8604bcce9c3d548cb6947d0e.ctex[39m[0m
[  65% ] [90m[1msavepack[22m | Storing File: res://assets/textures/harvest/proc/proc_extra_350_normal.jpg.import[39m[0m
[  65% ] [90m[1msavepack[22m | Storing File: res://.godot/imported/proc_extra_350_rough.jpg-6019331de88023599ea7a6e377c059f2.ctex[39m[0m
[  65% ] [90m[1msavepack[22m | Storing File: res://assets/textures/harvest/proc/proc_extra_350_rough.jpg.import[39m[0m
[  65% ] [90m[1msavepack[22m | Storing File: res://.godot/imported/proc_extra_351_albedo.jpg-b66f736c5770b140ad118a05d936ddbf.ctex[39m[0m
[  65% ] [90m[1msavepack[22m | Storing File: res://assets/textures/harvest/proc/proc_extra_351_albedo.jpg.import[39m[0m
[  65% ] [90m[1msavepack[22m | Storing File: res://.godot/imported/proc_extra_351_normal.jpg-4a8c25a388d6bb4c544410bd2ac2b76c.ctex[39m[0m
[  65% ] [90m[1msavepack[22m | Storing File: res://assets/textures/harvest/proc/proc_extra_351_normal.jpg.import[39m[0m
[  65% ] [90m[1msavepack[22m | Storing File: res://.godot/imported/proc_extra_351_rough.jpg-14a87bb33a98f07b80d97819bfa9a4b2.ctex[39m[0m
[  65% ] [90m[1msavepack[22m | Storing File: res://assets/textures/harvest/proc/proc_extra_351_rough.jpg.import[39m[0m
[  65% ] [90m[1msavepack[22m | Storing File: res://.godot/imported/proc_extra_352_albedo.jpg-003e28b5db4cfd2eaea77961a81c13ac.ctex[39m[0m
[  65% ] [90m[1msavepack[22m | Storing File: res://assets/textures/harvest/proc/proc_extra_352_albedo.jpg.import[39m[0m
[  65% ] [90m[1msavepack[22m | Storing File: res://.godot/imported/proc_extra_352_normal.jpg-a2d9109b5e90cce42604e21f3c3aa4bb.ctex[39m[0m
[  65% ] [90m[1msavepack[22m | Storing File: res://assets/textures/harvest/proc/proc_extra_352_normal.jpg.import[39m[0m
[  65% ] [90m[1msavepack[22m | Storing File: res://.godot/imported/proc_extra_352_rough.jpg-2cae754846bcdff9f7ed0ac9358b14ec.ctex[39m[0m
[  65% ] [90m[1msavepack[22m | Storing File: res://assets/textures/harvest/proc/proc_extra_352_rough.jpg.import[39m[0m
[  65% ] [90m[1msavepack[22m | Storing File: res://.godot/imported/proc_extra_353_albedo.jpg-ceff041523ea87ba637ed5fe178ca121.ctex[39m[0m
[  65% ] [90m[1msavepack[22m | Storing File: res://assets/textures/harvest/proc/proc_extra_353_albedo.jpg.import[39m[0m
[  65% ] [90m[1msavepack[22m | Storing File: res://.godot/imported/proc_extra_353_normal.jpg-c8d29d6d87d62d08e5fc6d37577bd1b4.ctex[39m[0m
[  65% ] [90m[1msavepack[22m | Storing File: res://assets/textures/harvest/proc/proc_extra_353_normal.jpg.import[39m[0m
[  65% ] [90m[1msavepack[22m | Storing File: res://.godot/imported/proc_extra_353_rough.jpg-20c6026a1da10540e9d8475c9c722648.ctex[39m[0m
[  65% ] [90m[1msavepack[22m | Storing File: res://assets/textures/harvest/proc/proc_extra_353_rough.jpg.import[39m[0m
[  65% ] [90m[1msavepack[22m | Storing File: res://.godot/imported/proc_extra_354_albedo.jpg-d9089a6d9fd435e25b2b5d3102823fcd.ctex[39m[0m
[  65% ] [90m[1msavepack[22m | Storing File: res://assets/textures/harvest/proc/proc_extra_354_albedo.jpg.import[39m[0m
[  65% ] [90m[1msavepack[22m | Storing File: res://.godot/imported/proc_extra_354_normal.jpg-2984e72462d814e305f78fefe9e8f888.ctex[39m[0m
[  65% ] [90m[1msavepack[22m | Storing File: res://assets/textures/harvest/proc/proc_extra_354_normal.jpg.import[39m[0m
[  66% ] [90m[1msavepack[22m | Storing File: res://.godot/imported/proc_extra_354_rough.jpg-bd503a7984f42d40ce731386a99eabca.ctex[39m[0m
[  66% ] [90m[1msavepack[22m | Storing File: res://assets/textures/harvest/proc/proc_extra_354_rough.jpg.import[39m[0m
[  66% ] [90m[1msavepack[22m | Storing File: res://.godot/imported/proc_extra_355_albedo.jpg-2c61ee656fea33b930b956b8848eab6b.ctex[39m[0m
[  66% ] [90m[1msavepack[22m | Storing File: res://assets/textures/harvest/proc/proc_extra_355_albedo.jpg.import[39m[0m
[  66% ] [90m[1msavepack[22m | Storing File: res://.godot/imported/proc_extra_355_normal.jpg-0a55614c62e8bb3819c253f06aa16d64.ctex[39m[0m
[  66% ] [90m[1msavepack[22m | Storing File: res://assets/textures/harvest/proc/proc_extra_355_normal.jpg.import[39m[0m
[  66% ] [90m[1msavepack[22m | Storing File: res://.godot/imported/proc_extra_355_rough.jpg-311e2ad076cac095831db07a467c82b9.ctex[39m[0m
[  66% ] [90m[1msavepack[22m | Storing File: res://assets/textures/harvest/proc/proc_extra_355_rough.jpg.import[39m[0m
[  66% ] [90m[1msavepack[22m | Storing File: res://.godot/imported/proc_extra_356_albedo.jpg-fd9102e476bd6fe685c45b98821693fc.ctex[39m[0m
[  66% ] [90m[1msavepack[22m | Storing File: res://assets/textures/harvest/proc/proc_extra_356_albedo.jpg.import[39m[0m
[  66% ] [90m[1msavepack[22m | Storing File: res://.godot/imported/proc_extra_356_normal.jpg-0ded893922c5d8de884408a64455160b.ctex[39m[0m
[  66% ] [90m[1msavepack[22m | Storing File: res://assets/textures/harvest/proc/proc_extra_356_normal.jpg.import[39m[0m
[  66% ] [90m[1msavepack[22m | Storing File: res://.godot/imported/proc_extra_356_rough.jpg-93d089cecbc16c0ff285c0b51911de62.ctex[39m[0m
[  66% ] [90m[1msavepack[22m | Storing File: res://assets/textures/harvest/proc/proc_extra_356_rough.jpg.import[39m[0m
[  66% ] [90m[1msavepack[22m | Storing File: res://.godot/imported/proc_extra_357_albedo.jpg-7ccc2b7ec63fd12e399f0d908662f36c.ctex[39m[0m
[  66% ] [90m[1msavepack[22m | Storing File: res://assets/textures/harvest/proc/proc_extra_357_albedo.jpg.import[39m[0m
[  66% ] [90m[1msavepack[22m | Storing File: res://.godot/imported/proc_extra_357_normal.jpg-9690639dac3f7629517c94cd2d6820be.ctex[39m[0m
[  66% ] [90m[1msavepack[22m | Storing File: res://assets/textures/harvest/proc/proc_extra_357_normal.jpg.import[39m[0m
[  66% ] [90m[1msavepack[22m | Storing File: res://.godot/imported/proc_extra_357_rough.jpg-13f1dac7ad6e3cf0c7675d89a0174eaa.ctex[39m[0m
[  66% ] [90m[1msavepack[22m | Storing File: res://assets/textures/harvest/proc/proc_extra_357_rough.jpg.import[39m[0m
[  66% ] [90m[1msavepack[22m | Storing File: res://.godot/imported/proc_extra_358_albedo.jpg-fff7203169ec7e4833d42d6efa1b824e.ctex[39m[0m
[  66% ] [90m[1msavepack[22m | Storing File: res://assets/textures/harvest/proc/proc_extra_358_albedo.jpg.import[39m[0m
[  66% ] [90m[1msavepack[22m | Storing File: res://.godot/imported/proc_extra_358_normal.jpg-e1c7a3c6389395e87309e379280c9234.ctex[39m[0m
[  66% ] [90m[1msavepack[22m | Storing File: res://assets/textures/harvest/proc/proc_extra_358_normal.jpg.import[39m[0m
[  66% ] [90m[1msavepack[22m | Storing File: res://.godot/imported/proc_extra_358_rough.jpg-84269ff546ab3b92ef7be38e2ea53998.ctex[39m[0m
[  66% ] [90m[1msavepack[22m | Storing File: res://assets/textures/harvest/proc/proc_extra_358_rough.jpg.import[39m[0m
[  66% ] [90m[1msavepack[22m | Storing File: res://.godot/imported/proc_extra_359_albedo.jpg-4e977cc2838f6634230ff9c4455a65fd.ctex[39m[0m
[  66% ] [90m[1msavepack[22m | Storing File: res://assets/textures/harvest/proc/proc_extra_359_albedo.jpg.import[39m[0m
[  66% ] [90m[1msavepack[22m | Storing File: res://.godot/imported/proc_extra_359_normal.jpg-e96372dfdf402f31e33dfb75c47a646f.ctex[39m[0m
[  66% ] [90m[1msavepack[22m | Storing File: res://assets/textures/harvest/proc/proc_extra_359_normal.jpg.import[39m[0m
[  66% ] [90m[1msavepack[22m | Storing File: res://.godot/imported/proc_extra_359_rough.jpg-fc5ceac888df0fe6acde57d860008cc1.ctex[39m[0m
[  66% ] [90m[1msavepack[22m | Storing File: res://assets/textures/harvest/proc/proc_extra_359_rough.jpg.import[39m[0m
[  66% ] [90m[1msavepack[22m | Storing File: res://.godot/imported/proc_extra_360_albedo.jpg-3f852db51de25743f2520535e5e20348.ctex[39m[0m
[  66% ] [90m[1msavepack[22m | Storing File: res://assets/textures/harvest/proc/proc_extra_360_albedo.jpg.import[39m[0m
[  66% ] [90m[1msavepack[22m | Storing File: res://.godot/imported/proc_extra_360_normal.jpg-f4cf878dc62cc22a52312d4b1f4a62a8.ctex[39m[0m
[  66% ] [90m[1msavepack[22m | Storing File: res://assets/textures/harvest/proc/proc_extra_360_normal.jpg.import[39m[0m
[  66% ] [90m[1msavepack[22m | Storing File: res://.godot/imported/proc_extra_360_rough.jpg-5a3ddaba52e3a14119de630a736722b0.ctex[39m[0m
[  66% ] [90m[1msavepack[22m | Storing File: res://assets/textures/harvest/proc/proc_extra_360_rough.jpg.import[39m[0m
[  66% ] [90m[1msavepack[22m | Storing File: res://.godot/imported/proc_extra_361_albedo.jpg-599a926a87b3192f29cfccaa1d27a370.ctex[39m[0m
[  66% ] [90m[1msavepack[22m | Storing File: res://assets/textures/harvest/proc/proc_extra_361_albedo.jpg.import[39m[0m
[  66% ] [90m[1msavepack[22m | Storing File: res://.godot/imported/proc_extra_361_normal.jpg-c8f4c6f1aa55c8a4d9f8e41cdec65bdb.ctex[39m[0m
[  66% ] [90m[1msavepack[22m | Storing File: res://assets/textures/harvest/proc/proc_extra_361_normal.jpg.import[39m[0m
[  66% ] [90m[1msavepack[22m | Storing File: res://.godot/imported/proc_extra_361_rough.jpg-fd5957a582693a4bc7163f4326ad1656.ctex[39m[0m
[  66% ] [90m[1msavepack[22m | Storing File: res://assets/textures/harvest/proc/proc_extra_361_rough.jpg.import[39m[0m
[  66% ] [90m[1msavepack[22m | Storing File: res://.godot/imported/proc_extra_362_albedo.jpg-9717cb5461704514a7f21b7c874156f2.ctex[39m[0m
[  66% ] [90m[1msavepack[22m | Storing File: res://assets/textures/harvest/proc/proc_extra_362_albedo.jpg.import[39m[0m
[  66% ] [90m[1msavepack[22m | Storing File: res://.godot/imported/proc_extra_362_normal.jpg-ca061bc2d532a3de51dab7d00ba5f44b.ctex[39m[0m
[  66% ] [90m[1msavepack[22m | Storing File: res://assets/textures/harvest/proc/proc_extra_362_normal.jpg.import[39m[0m
[  66% ] [90m[1msavepack[22m | Storing File: res://.godot/imported/proc_extra_362_rough.jpg-b4776c17582d088e29a7996c28646f92.ctex[39m[0m
[  66% ] [90m[1msavepack[22m | Storing File: res://assets/textures/harvest/proc/proc_extra_362_rough.jpg.import[39m[0m
[  66% ] [90m[1msavepack[22m | Storing File: res://.godot/imported/proc_extra_363_albedo.jpg-14d040e335a3185130aa08b7489d9c12.ctex[39m[0m
[  66% ] [90m[1msavepack[22m | Storing File: res://assets/textures/harvest/proc/proc_extra_363_albedo.jpg.import[39m[0m
[  66% ] [90m[1msavepack[22m | Storing File: res://.godot/imported/proc_extra_363_normal.jpg-c2cb4b92e810ebd582c305b66b07838f.ctex[39m[0m
[  66% ] [90m[1msavepack[22m | Storing File: res://assets/textures/harvest/proc/proc_extra_363_normal.jpg.import[39m[0m
[  66% ] [90m[1msavepack[22m | Storing File: res://.godot/imported/proc_extra_363_rough.jpg-20dcf6365fdf1c2a3ea2853c2f2e19f5.ctex[39m[0m
[  66% ] [90m[1msavepack[22m | Storing File: res://assets/textures/harvest/proc/proc_extra_363_rough.jpg.import[39m[0m
[  66% ] [90m[1msavepack[22m | Storing File: res://.godot/imported/proc_extra_364_albedo.jpg-d73968abcceeee7e7b44a18cf96ca254.ctex[39m[0m
[  66% ] [90m[1msavepack[22m | Storing File: res://assets/textures/harvest/proc/proc_extra_364_albedo.jpg.import[39m[0m
[  66% ] [90m[1msavepack[22m | Storing File: res://.godot/imported/proc_extra_364_normal.jpg-fd213039175dd37317ff19d3f93cd5f6.ctex[39m[0m
[  66% ] [90m[1msavepack[22m | Storing File: res://assets/textures/harvest/proc/proc_extra_364_normal.jpg.import[39m[0m
[  66% ] [90m[1msavepack[22m | Storing File: res://.godot/imported/proc_extra_364_rough.jpg-1c87ef69306d9d28f00613ad95d36b2c.ctex[39m[0m
[  66% ] [90m[1msavepack[22m | Storing File: res://assets/textures/harvest/proc/proc_extra_364_rough.jpg.import[39m[0m
[  66% ] [90m[1msavepack[22m | Storing File: res://.godot/imported/proc_extra_365_albedo.jpg-520754c054f19ccd4ac4f074c4d55fb3.ctex[39m[0m
[  66% ] [90m[1msavepack[22m | Storing File: res://assets/textures/harvest/proc/proc_extra_365_albedo.jpg.import[39m[0m
[  66% ] [90m[1msavepack[22m | Storing File: res://.godot/imported/proc_extra_365_normal.jpg-7ddd48392ee22082d687c44e49a2e745.ctex[39m[0m
[  66% ] [90m[1msavepack[22m | Storing File: res://assets/textures/harvest/proc/proc_extra_365_normal.jpg.import[39m[0m
[  66% ] [90m[1msavepack[22m | Storing File: res://.godot/imported/proc_extra_365_rough.jpg-4f78e6977b1861cb9aba96d45af3b5b5.ctex[39m[0m
[  66% ] [90m[1msavepack[22m | Storing File: res://assets/textures/harvest/proc/proc_extra_365_rough.jpg.import[39m[0m
[  66% ] [90m[1msavepack[22m | Storing File: res://.godot/imported/proc_extra_366_albedo.jpg-05109cbdbd7211ca58528c6d98954ccf.ctex[39m[0m
[  66% ] [90m[1msavepack[22m | Storing File: res://assets/textures/harvest/proc/proc_extra_366_albedo.jpg.import[39m[0m
[  66% ] [90m[1msavepack[22m | Storing File: res://.godot/imported/proc_extra_366_normal.jpg-a428bf7bcd4ae534c8c2c51717e7e7e0.ctex[39m[0m
[  66% ] [90m[1msavepack[22m | Storing File: res://assets/textures/harvest/proc/proc_extra_366_normal.jpg.import[39m[0m
[  66% ] [90m[1msavepack[22m | Storing File: res://.godot/imported/proc_extra_366_rough.jpg-cdc0b0ca962f7629b848b79f04118155.ctex[39m[0m
[  66% ] [90m[1msavepack[22m | Storing File: res://assets/textures/harvest/proc/proc_extra_366_rough.jpg.import[39m[0m
[  66% ] [90m[1msavepack[22m | Storing File: res://.godot/imported/proc_extra_367_albedo.jpg-48172405d1a899c16c56dc9e65cee9a9.ctex[39m[0m
[  66% ] [90m[1msavepack[22m | Storing File: res://assets/textures/harvest/proc/proc_extra_367_albedo.jpg.import[39m[0m
[  67% ] [90m[1msavepack[22m | Storing File: res://.godot/imported/proc_extra_367_normal.jpg-070e8b6b962a9aab2995ce490d17bbd8.ctex[39m[0m
[  67% ] [90m[1msavepack[22m | Storing File: res://assets/textures/harvest/proc/proc_extra_367_normal.jpg.import[39m[0m
[  67% ] [90m[1msavepack[22m | Storing File: res://.godot/imported/proc_extra_367_rough.jpg-2fbc16c300241b21b1be503de0249a54.ctex[39m[0m
[  67% ] [90m[1msavepack[22m | Storing File: res://assets/textures/harvest/proc/proc_extra_367_rough.jpg.import[39m[0m
[  67% ] [90m[1msavepack[22m | Storing File: res://.godot/imported/proc_extra_368_albedo.jpg-cd3e1f453dab38d5c4a6d88ea4c37f29.ctex[39m[0m
[  67% ] [90m[1msavepack[22m | Storing File: res://assets/textures/harvest/proc/proc_extra_368_albedo.jpg.import[39m[0m
[  67% ] [90m[1msavepack[22m | Storing File: res://.godot/imported/proc_extra_368_normal.jpg-9c7dab3770aac3e585bfc5f4a424e423.ctex[39m[0m
[  67% ] [90m[1msavepack[22m | Storing File: res://assets/textures/harvest/proc/proc_extra_368_normal.jpg.import[39m[0m
[  67% ] [90m[1msavepack[22m | Storing File: res://.godot/imported/proc_extra_368_rough.jpg-906403174d6e070dc36b73a85aecfb84.ctex[39m[0m
[  67% ] [90m[1msavepack[22m | Storing File: res://assets/textures/harvest/proc/proc_extra_368_rough.jpg.import[39m[0m
[  67% ] [90m[1msavepack[22m | Storing File: res://.godot/imported/proc_extra_369_albedo.jpg-d7bc57cea171985077bb2dee903c8dcb.ctex[39m[0m
[  67% ] [90m[1msavepack[22m | Storing File: res://assets/textures/harvest/proc/proc_extra_369_albedo.jpg.import[39m[0m
[  67% ] [90m[1msavepack[22m | Storing File: res://.godot/imported/proc_extra_369_normal.jpg-585d497e38188e04bbde1ff166652478.ctex[39m[0m
[  67% ] [90m[1msavepack[22m | Storing File: res://assets/textures/harvest/proc/proc_extra_369_normal.jpg.import[39m[0m
[  67% ] [90m[1msavepack[22m | Storing File: res://.godot/imported/proc_extra_369_rough.jpg-1e57613f7cf52715d4aea63f4ac1822e.ctex[39m[0m
[  67% ] [90m[1msavepack[22m | Storing File: res://assets/textures/harvest/proc/proc_extra_369_rough.jpg.import[39m[0m
[  67% ] [90m[1msavepack[22m | Storing File: res://.godot/imported/proc_extra_370_albedo.jpg-0f0eab5a861578cd50dcbcc0be699771.ctex[39m[0m
[  67% ] [90m[1msavepack[22m | Storing File: res://assets/textures/harvest/proc/proc_extra_370_albedo.jpg.import[39m[0m
[  67% ] [90m[1msavepack[22m | Storing File: res://.godot/imported/proc_extra_370_normal.jpg-4f84998d1fe35753e1a5dc25480012fa.ctex[39m[0m
[  67% ] [90m[1msavepack[22m | Storing File: res://assets/textures/harvest/proc/proc_extra_370_normal.jpg.import[39m[0m
[  67% ] [90m[1msavepack[22m | Storing File: res://.godot/imported/proc_extra_370_rough.jpg-c867517272497601c5491b049fd4a5fb.ctex[39m[0m
[  67% ] [90m[1msavepack[22m | Storing File: res://assets/textures/harvest/proc/proc_extra_370_rough.jpg.import[39m[0m
[  67% ] [90m[1msavepack[22m | Storing File: res://.godot/imported/proc_extra_371_albedo.jpg-6eddd98c71203c139c9997f2a50a6b34.ctex[39m[0m
[  67% ] [90m[1msavepack[22m | Storing File: res://assets/textures/harvest/proc/proc_extra_371_albedo.jpg.import[39m[0m
[  67% ] [90m[1msavepack[22m | Storing File: res://.godot/imported/proc_extra_371_normal.jpg-2c6d29057c7cc6d89e06abe4235646b4.ctex[39m[0m
[  67% ] [90m[1msavepack[22m | Storing File: res://assets/textures/harvest/proc/proc_extra_371_normal.jpg.import[39m[0m
[  67% ] [90m[1msavepack[22m | Storing File: res://.godot/imported/proc_extra_371_rough.jpg-e35c1a0e18a772b7c1cc355281ba4e43.ctex[39m[0m
[  67% ] [90m[1msavepack[22m | Storing File: res://assets/textures/harvest/proc/proc_extra_371_rough.jpg.import[39m[0m
[  67% ] [90m[1msavepack[22m | Storing File: res://.godot/imported/proc_extra_372_albedo.jpg-8c0fa2c93e4c03729cd9386d90f82f68.ctex[39m[0m
[  67% ] [90m[1msavepack[22m | Storing File: res://assets/textures/harvest/proc/proc_extra_372_albedo.jpg.import[39m[0m
[  67% ] [90m[1msavepack[22m | Storing File: res://.godot/imported/proc_extra_372_normal.jpg-f673ba78c212170c3facfc30551f1ad9.ctex[39m[0m
[  67% ] [90m[1msavepack[22m | Storing File: res://assets/textures/harvest/proc/proc_extra_372_normal.jpg.import[39m[0m
[  67% ] [90m[1msavepack[22m | Storing File: res://.godot/imported/proc_extra_372_rough.jpg-927e859b57a588733f2786570da025e3.ctex[39m[0m
[  67% ] [90m[1msavepack[22m | Storing File: res://assets/textures/harvest/proc/proc_extra_372_rough.jpg.import[39m[0m
[  67% ] [90m[1msavepack[22m | Storing File: res://.godot/imported/proc_extra_373_albedo.jpg-ef6cc57f46804e31a762ed4188fb4e79.ctex[39m[0m
[  67% ] [90m[1msavepack[22m | Storing File: res://assets/textures/harvest/proc/proc_extra_373_albedo.jpg.import[39m[0m
[  67% ] [90m[1msavepack[22m | Storing File: res://.godot/imported/proc_extra_373_normal.jpg-431c45210cfd077dd7edeaf9de7fe632.ctex[39m[0m
[  67% ] [90m[1msavepack[22m | Storing File: res://assets/textures/harvest/proc/proc_extra_373_normal.jpg.import[39m[0m
[  68% ] [90m[1msavepack[22m | Storing File: res://.godot/imported/proc_extra_373_rough.jpg-a3f5d17bfc3bec095c96bd4c8fbc2733.ctex[39m[0m
[  68% ] [90m[1msavepack[22m | Storing File: res://assets/textures/harvest/proc/proc_extra_373_rough.jpg.import[39m[0m
[  68% ] [90m[1msavepack[22m | Storing File: res://.godot/imported/proc_extra_374_albedo.jpg-6f7b3c475e2bf839ae870486ded3a9ff.ctex[39m[0m
[  68% ] [90m[1msavepack[22m | Storing File: res://assets/textures/harvest/proc/proc_extra_374_albedo.jpg.import[39m[0m
[  68% ] [90m[1msavepack[22m | Storing File: res://.godot/imported/proc_extra_374_normal.jpg-f22d41d6ffb72855c841254f357567f0.ctex[39m[0m
[  68% ] [90m[1msavepack[22m | Storing File: res://assets/textures/harvest/proc/proc_extra_374_normal.jpg.import[39m[0m
[  68% ] [90m[1msavepack[22m | Storing File: res://.godot/imported/proc_extra_374_rough.jpg-fbdd192642357124ffebd84ae2af7825.ctex[39m[0m
[  68% ] [90m[1msavepack[22m | Storing File: res://assets/textures/harvest/proc/proc_extra_374_rough.jpg.import[39m[0m
[  68% ] [90m[1msavepack[22m | Storing File: res://.godot/imported/proc_extra_375_albedo.jpg-737845f2d642b701214a606123a464f0.ctex[39m[0m
[  68% ] [90m[1msavepack[22m | Storing File: res://assets/textures/harvest/proc/proc_extra_375_albedo.jpg.import[39m[0m
[  68% ] [90m[1msavepack[22m | Storing File: res://.godot/imported/proc_extra_375_normal.jpg-be3c7539fcc01e7870d1db580615b2db.ctex[39m[0m
[  68% ] [90m[1msavepack[22m | Storing File: res://assets/textures/harvest/proc/proc_extra_375_normal.jpg.import[39m[0m
[  68% ] [90m[1msavepack[22m | Storing File: res://.godot/imported/proc_extra_375_rough.jpg-233afc3ddae27fa89c82a96f3d6ec5ca.ctex[39m[0m
[  68% ] [90m[1msavepack[22m | Storing File: res://assets/textures/harvest/proc/proc_extra_375_rough.jpg.import[39m[0m
[  68% ] [90m[1msavepack[22m | Storing File: res://.godot/imported/proc_extra_376_albedo.jpg-a52e3c43fdf77f1860f50dd519705764.ctex[39m[0m
[  68% ] [90m[1msavepack[22m | Storing File: res://assets/textures/harvest/proc/proc_extra_376_albedo.jpg.import[39m[0m
[  68% ] [90m[1msavepack[22m | Storing File: res://.godot/imported/proc_extra_376_normal.jpg-146d0276312ef0e49ee94a15b9b83151.ctex[39m[0m
[  68% ] [90m[1msavepack[22m | Storing File: res://assets/textures/harvest/proc/proc_extra_376_normal.jpg.import[39m[0m
[  68% ] [90m[1msavepack[22m | Storing File: res://.godot/imported/proc_extra_376_rough.jpg-13039b4867411a8158f55457c64a847d.ctex[39m[0m
[  68% ] [90m[1msavepack[22m | Storing File: res://assets/textures/harvest/proc/proc_extra_376_rough.jpg.import[39m[0m
[  68% ] [90m[1msavepack[22m | Storing File: res://.godot/imported/proc_extra_377_albedo.jpg-39199aff144a856883fcabff2faa4961.ctex[39m[0m
[  68% ] [90m[1msavepack[22m | Storing File: res://assets/textures/harvest/proc/proc_extra_377_albedo.jpg.import[39m[0m
[  68% ] [90m[1msavepack[22m | Storing File: res://.godot/imported/proc_extra_377_normal.jpg-9ba278d77dbd634eb44864d4a6050955.ctex[39m[0m
[  68% ] [90m[1msavepack[22m | Storing File: res://assets/textures/harvest/proc/proc_extra_377_normal.jpg.import[39m[0m
[  68% ] [90m[1msavepack[22m | Storing File: res://.godot/imported/proc_extra_377_rough.jpg-79157e74deedc67084db6b89c5250f02.ctex[39m[0m
[  68% ] [90m[1msavepack[22m | Storing File: res://assets/textures/harvest/proc/proc_extra_377_rough.jpg.import[39m[0m
[  68% ] [90m[1msavepack[22m | Storing File: res://.godot/imported/proc_extra_378_albedo.jpg-3c8317d885086d51ad172b646334db7a.ctex[39m[0m
[  68% ] [90m[1msavepack[22m | Storing File: res://assets/textures/harvest/proc/proc_extra_378_albedo.jpg.import[39m[0m
[  68% ] [90m[1msavepack[22m | Storing File: res://.godot/imported/proc_extra_378_normal.jpg-92f31293827e8b3c608b3a059d055701.ctex[39m[0m
[  68% ] [90m[1msavepack[22m | Storing File: res://assets/textures/harvest/proc/proc_extra_378_normal.jpg.import[39m[0m
[  68% ] [90m[1msavepack[22m | Storing File: res://.godot/imported/proc_extra_378_rough.jpg-c9c60ed57a306bd239e98adbfff44833.ctex[39m[0m
[  68% ] [90m[1msavepack[22m | Storing File: res://assets/textures/harvest/proc/proc_extra_378_rough.jpg.import[39m[0m
[  68% ] [90m[1msavepack[22m | Storing File: res://.godot/imported/proc_extra_379_albedo.jpg-32df61671ad019882a870de4fcc8e836.ctex[39m[0m
[  68% ] [90m[1msavepack[22m | Storing File: res://assets/textures/harvest/proc/proc_extra_379_albedo.jpg.import[39m[0m
[  68% ] [90m[1msavepack[22m | Storing File: res://.godot/imported/proc_extra_379_normal.jpg-616d38758b992867a473b6ce75664384.ctex[39m[0m
[  68% ] [90m[1msavepack[22m | Storing File: res://assets/textures/harvest/proc/proc_extra_379_normal.jpg.import[39m[0m
[  68% ] [90m[1msavepack[22m | Storing File: res://.godot/imported/proc_extra_379_rough.jpg-8115bfe0f42229dbb8024463efe13441.ctex[39m[0m
[  68% ] [90m[1msavepack[22m | Storing File: res://assets/textures/harvest/proc/proc_extra_379_rough.jpg.import[39m[0m
[  69% ] [90m[1msavepack[22m | Storing File: res://.godot/imported/proc_extra_380_albedo.jpg-290369f5ec96e18e014e8914d10e1611.ctex[39m[0m
[  69% ] [90m[1msavepack[22m | Storing File: res://assets/textures/harvest/proc/proc_extra_380_albedo.jpg.import[39m[0m
[  69% ] [90m[1msavepack[22m | Storing File: res://.godot/imported/proc_extra_380_normal.jpg-d0d313d26edc07fc66646794c207b025.ctex[39m[0m
[  69% ] [90m[1msavepack[22m | Storing File: res://assets/textures/harvest/proc/proc_extra_380_normal.jpg.import[39m[0m
[  69% ] [90m[1msavepack[22m | Storing File: res://.godot/imported/proc_extra_380_rough.jpg-b68309047e5ffe0621753c7453357a2d.ctex[39m[0m
[  69% ] [90m[1msavepack[22m | Storing File: res://assets/textures/harvest/proc/proc_extra_380_rough.jpg.import[39m[0m
[  69% ] [90m[1msavepack[22m | Storing File: res://.godot/imported/proc_extra_381_albedo.jpg-13b495c2dce303b70ce6d40615354f8a.ctex[39m[0m
[  69% ] [90m[1msavepack[22m | Storing File: res://assets/textures/harvest/proc/proc_extra_381_albedo.jpg.import[39m[0m
[  69% ] [90m[1msavepack[22m | Storing File: res://.godot/imported/proc_extra_381_normal.jpg-82a3e8fac6c74457d34bcfb19cd67ad3.ctex[39m[0m
[  69% ] [90m[1msavepack[22m | Storing File: res://assets/textures/harvest/proc/proc_extra_381_normal.jpg.import[39m[0m
[  69% ] [90m[1msavepack[22m | Storing File: res://.godot/imported/proc_extra_381_rough.jpg-c29f5f7f43fd21241bf253e304000e42.ctex[39m[0m
[  69% ] [90m[1msavepack[22m | Storing File: res://assets/textures/harvest/proc/proc_extra_381_rough.jpg.import[39m[0m
[  69% ] [90m[1msavepack[22m | Storing File: res://.godot/imported/proc_extra_382_albedo.jpg-70d6381a333a0cfd50f5f5ca6d31f521.ctex[39m[0m
[  69% ] [90m[1msavepack[22m | Storing File: res://assets/textures/harvest/proc/proc_extra_382_albedo.jpg.import[39m[0m
[  69% ] [90m[1msavepack[22m | Storing File: res://.godot/imported/proc_extra_382_normal.jpg-ba49a099aa9d955b3d5d706cc0721e63.ctex[39m[0m
[  69% ] [90m[1msavepack[22m | Storing File: res://assets/textures/harvest/proc/proc_extra_382_normal.jpg.import[39m[0m
[  69% ] [90m[1msavepack[22m | Storing File: res://.godot/imported/proc_extra_382_rough.jpg-92c2126dc380a5158b7c49104cca97f1.ctex[39m[0m
[  69% ] [90m[1msavepack[22m | Storing File: res://assets/textures/harvest/proc/proc_extra_382_rough.jpg.import[39m[0m
[  69% ] [90m[1msavepack[22m | Storing File: res://.godot/imported/proc_extra_383_albedo.jpg-c83083c304c193870af948682e1ba490.ctex[39m[0m
[  69% ] [90m[1msavepack[22m | Storing File: res://assets/textures/harvest/proc/proc_extra_383_albedo.jpg.import[39m[0m
[  69% ] [90m[1msavepack[22m | Storing File: res://.godot/imported/proc_extra_383_normal.jpg-7367e8eccb6503b9134302a7298705f7.ctex[39m[0m
[  69% ] [90m[1msavepack[22m | Storing File: res://assets/textures/harvest/proc/proc_extra_383_normal.jpg.import[39m[0m
[  69% ] [90m[1msavepack[22m | Storing File: res://.godot/imported/proc_extra_383_rough.jpg-2933d508804fb9ccc4bb4f231923d42b.ctex[39m[0m
[  69% ] [90m[1msavepack[22m | Storing File: res://assets/textures/harvest/proc/proc_extra_383_rough.jpg.import[39m[0m
[  69% ] [90m[1msavepack[22m | Storing File: res://.godot/imported/proc_extra_384_albedo.jpg-02701b98c2038554153efdb36d95456c.ctex[39m[0m
[  69% ] [90m[1msavepack[22m | Storing File: res://assets/textures/harvest/proc/proc_extra_384_albedo.jpg.import[39m[0m
[  69% ] [90m[1msavepack[22m | Storing File: res://.godot/imported/proc_extra_384_normal.jpg-de04c14f389faba02f1ca30f185b967d.ctex[39m[0m
[  69% ] [90m[1msavepack[22m | Storing File: res://assets/textures/harvest/proc/proc_extra_384_normal.jpg.import[39m[0m
[  69% ] [90m[1msavepack[22m | Storing File: res://.godot/imported/proc_extra_384_rough.jpg-3126c950988ef776b5cccfb02b257fee.ctex[39m[0m
[  69% ] [90m[1msavepack[22m | Storing File: res://assets/textures/harvest/proc/proc_extra_384_rough.jpg.import[39m[0m
[  69% ] [90m[1msavepack[22m | Storing File: res://.godot/imported/proc_extra_385_albedo.jpg-86a0676089864eb4956e49d37d42c9a2.ctex[39m[0m
[  69% ] [90m[1msavepack[22m | Storing File: res://assets/textures/harvest/proc/proc_extra_385_albedo.jpg.import[39m[0m
[  69% ] [90m[1msavepack[22m | Storing File: res://.godot/imported/proc_extra_385_normal.jpg-4bfd7a28185b9f400fe4991986067e2c.ctex[39m[0m
[  69% ] [90m[1msavepack[22m | Storing File: res://assets/textures/harvest/proc/proc_extra_385_normal.jpg.import[39m[0m
[  69% ] [90m[1msavepack[22m | Storing File: res://.godot/imported/proc_extra_385_rough.jpg-200644c34195221e03494421e356e6a4.ctex[39m[0m
[  69% ] [90m[1msavepack[22m | Storing File: res://assets/textures/harvest/proc/proc_extra_385_rough.jpg.import[39m[0m
[  69% ] [90m[1msavepack[22m | Storing File: res://.godot/imported/proc_extra_386_albedo.jpg-4098bc1d4b15e7949331e963ce135bdb.ctex[39m[0m
[  69% ] [90m[1msavepack[22m | Storing File: res://assets/textures/harvest/proc/proc_extra_386_albedo.jpg.import[39m[0m
[  70% ] [90m[1msavepack[22m | Storing File: res://.godot/imported/proc_extra_386_normal.jpg-838864aa7c162338edb1c018098994c9.ctex[39m[0m
[  70% ] [90m[1msavepack[22m | Storing File: res://assets/textures/harvest/proc/proc_extra_386_normal.jpg.import[39m[0m
[  70% ] [90m[1msavepack[22m | Storing File: res://.godot/imported/proc_extra_386_rough.jpg-3bdd34a4a9359cbf00074f77a0c3b0fc.ctex[39m[0m
[  70% ] [90m[1msavepack[22m | Storing File: res://assets/textures/harvest/proc/proc_extra_386_rough.jpg.import[39m[0m
[  70% ] [90m[1msavepack[22m | Storing File: res://.godot/imported/proc_extra_387_albedo.jpg-a0b05c9660807dddba11a2e89dad2565.ctex[39m[0m
[  70% ] [90m[1msavepack[22m | Storing File: res://assets/textures/harvest/proc/proc_extra_387_albedo.jpg.import[39m[0m
[  70% ] [90m[1msavepack[22m | Storing File: res://.godot/imported/proc_extra_387_normal.jpg-8313afc36d47bdd7a426076b24a38e13.ctex[39m[0m
[  70% ] [90m[1msavepack[22m | Storing File: res://assets/textures/harvest/proc/proc_extra_387_normal.jpg.import[39m[0m
[  70% ] [90m[1msavepack[22m | Storing File: res://.godot/imported/proc_extra_387_rough.jpg-75944f3588f6c603486116c9ea1c2ed9.ctex[39m[0m
[  70% ] [90m[1msavepack[22m | Storing File: res://assets/textures/harvest/proc/proc_extra_387_rough.jpg.import[39m[0m
[  70% ] [90m[1msavepack[22m | Storing File: res://.godot/imported/proc_extra_388_albedo.jpg-6b400767d976cc22041d25cca934011c.ctex[39m[0m
[  70% ] [90m[1msavepack[22m | Storing File: res://assets/textures/harvest/proc/proc_extra_388_albedo.jpg.import[39m[0m
[  70% ] [90m[1msavepack[22m | Storing File: res://.godot/imported/proc_extra_388_normal.jpg-ce12959c766dc444c5e5ddb088844aff.ctex[39m[0m
[  70% ] [90m[1msavepack[22m | Storing File: res://assets/textures/harvest/proc/proc_extra_388_normal.jpg.import[39m[0m
[  70% ] [90m[1msavepack[22m | Storing File: res://.godot/imported/proc_extra_388_rough.jpg-038727b117ca209d3ff5036fc01cf17f.ctex[39m[0m
[  70% ] [90m[1msavepack[22m | Storing File: res://assets/textures/harvest/proc/proc_extra_388_rough.jpg.import[39m[0m
[  70% ] [90m[1msavepack[22m | Storing File: res://.godot/imported/proc_extra_389_albedo.jpg-2be5affc5591640fcb009c7fbf4a3a2b.ctex[39m[0m
[  70% ] [90m[1msavepack[22m | Storing File: res://assets/textures/harvest/proc/proc_extra_389_albedo.jpg.import[39m[0m
[  70% ] [90m[1msavepack[22m | Storing File: res://.godot/imported/proc_extra_389_normal.jpg-59a83b894fe62b6b4f3a66d31d8838a4.ctex[39m[0m
[  70% ] [90m[1msavepack[22m | Storing File: res://assets/textures/harvest/proc/proc_extra_389_normal.jpg.import[39m[0m
[  70% ] [90m[1msavepack[22m | Storing File: res://.godot/imported/proc_extra_389_rough.jpg-f97b027605630fd15b0081b7d265abdf.ctex[39m[0m
[  70% ] [90m[1msavepack[22m | Storing File: res://assets/textures/harvest/proc/proc_extra_389_rough.jpg.import[39m[0m
[  70% ] [90m[1msavepack[22m | Storing File: res://.godot/imported/proc_extra_390_albedo.jpg-9b0f4bc91286010700f48d8b27875ebe.ctex[39m[0m
[  70% ] [90m[1msavepack[22m | Storing File: res://assets/textures/harvest/proc/proc_extra_390_albedo.jpg.import[39m[0m
[  70% ] [90m[1msavepack[22m | Storing File: res://.godot/imported/proc_extra_390_normal.jpg-6ef057dbbf8307e0888df6c0d440714c.ctex[39m[0m
[  70% ] [90m[1msavepack[22m | Storing File: res://assets/textures/harvest/proc/proc_extra_390_normal.jpg.import[39m[0m
[  70% ] [90m[1msavepack[22m | Storing File: res://.godot/imported/proc_extra_390_rough.jpg-579aebb4e59bd05ccfc1d8865fae92e4.ctex[39m[0m
[  70% ] [90m[1msavepack[22m | Storing File: res://assets/textures/harvest/proc/proc_extra_390_rough.jpg.import[39m[0m
[  70% ] [90m[1msavepack[22m | Storing File: res://.godot/imported/proc_extra_391_albedo.jpg-4ec277f4aea35f83559f8935531d20d1.ctex[39m[0m
[  70% ] [90m[1msavepack[22m | Storing File: res://assets/textures/harvest/proc/proc_extra_391_albedo.jpg.import[39m[0m
[  70% ] [90m[1msavepack[22m | Storing File: res://.godot/imported/proc_extra_391_normal.jpg-7d3120f258ab64513a7e1fdfc506edf1.ctex[39m[0m
[  70% ] [90m[1msavepack[22m | Storing File: res://assets/textures/harvest/proc/proc_extra_391_normal.jpg.import[39m[0m
[  70% ] [90m[1msavepack[22m | Storing File: res://.godot/imported/proc_extra_391_rough.jpg-464e69b6c8f47cbe1227ee7738eb85ae.ctex[39m[0m
[  70% ] [90m[1msavepack[22m | Storing File: res://assets/textures/harvest/proc/proc_extra_391_rough.jpg.import[39m[0m
[  70% ] [90m[1msavepack[22m | Storing File: res://.godot/imported/proc_extra_392_albedo.jpg-28ed5eadbe0e7aedb36daf9af991324f.ctex[39m[0m
[  70% ] [90m[1msavepack[22m | Storing File: res://assets/textures/harvest/proc/proc_extra_392_albedo.jpg.import[39m[0m
[  70% ] [90m[1msavepack[22m | Storing File: res://.godot/imported/proc_extra_392_normal.jpg-4831373514926ad1a2356b0131510588.ctex[39m[0m
[  70% ] [90m[1msavepack[22m | Storing File: res://assets/textures/harvest/proc/proc_extra_392_normal.jpg.import[39m[0m
[  71% ] [90m[1msavepack[22m | Storing File: res://.godot/imported/proc_extra_392_rough.jpg-3b9b9dc27e7e4693d9ca3aa57fe85b0f.ctex[39m[0m
[  71% ] [90m[1msavepack[22m | Storing File: res://assets/textures/harvest/proc/proc_extra_392_rough.jpg.import[39m[0m
[  71% ] [90m[1msavepack[22m | Storing File: res://.godot/imported/proc_extra_393_albedo.jpg-3f5251a53613d15e2d13ddc6eb35e966.ctex[39m[0m
[  71% ] [90m[1msavepack[22m | Storing File: res://assets/textures/harvest/proc/proc_extra_393_albedo.jpg.import[39m[0m
[  71% ] [90m[1msavepack[22m | Storing File: res://.godot/imported/proc_extra_393_normal.jpg-94c1640229b4f49cc7c05f238ba08fb4.ctex[39m[0m
[  71% ] [90m[1msavepack[22m | Storing File: res://assets/textures/harvest/proc/proc_extra_393_normal.jpg.import[39m[0m
[  71% ] [90m[1msavepack[22m | Storing File: res://.godot/imported/proc_extra_393_rough.jpg-5069503f0c9deebf5f68354f9b18c0c0.ctex[39m[0m
[  71% ] [90m[1msavepack[22m | Storing File: res://assets/textures/harvest/proc/proc_extra_393_rough.jpg.import[39m[0m
[  71% ] [90m[1msavepack[22m | Storing File: res://.godot/imported/proc_extra_394_albedo.jpg-8ede0a538654f0f528078918f0f80b0b.ctex[39m[0m
[  71% ] [90m[1msavepack[22m | Storing File: res://assets/textures/harvest/proc/proc_extra_394_albedo.jpg.import[39m[0m
[  71% ] [90m[1msavepack[22m | Storing File: res://.godot/imported/proc_extra_394_normal.jpg-f631c7cdb6df2a0b781b1fb662f595b6.ctex[39m[0m
[  71% ] [90m[1msavepack[22m | Storing File: res://assets/textures/harvest/proc/proc_extra_394_normal.jpg.import[39m[0m
[  71% ] [90m[1msavepack[22m | Storing File: res://.godot/imported/proc_extra_394_rough.jpg-df9be30842e779a3db67fb735f02ef03.ctex[39m[0m
[  71% ] [90m[1msavepack[22m | Storing File: res://assets/textures/harvest/proc/proc_extra_394_rough.jpg.import[39m[0m
[  71% ] [90m[1msavepack[22m | Storing File: res://.godot/imported/proc_extra_395_albedo.jpg-f3cf926cd82231aee651a86b65d02442.ctex[39m[0m
[  71% ] [90m[1msavepack[22m | Storing File: res://assets/textures/harvest/proc/proc_extra_395_albedo.jpg.import[39m[0m
[  71% ] [90m[1msavepack[22m | Storing File: res://.godot/imported/proc_extra_395_normal.jpg-6a2153f90755cc7c3de52ead85816c27.ctex[39m[0m
[  71% ] [90m[1msavepack[22m | Storing File: res://assets/textures/harvest/proc/proc_extra_395_normal.jpg.import[39m[0m
[  71% ] [90m[1msavepack[22m | Storing File: res://.godot/imported/proc_extra_395_rough.jpg-1a969ff58ac900efc291a87443033b51.ctex[39m[0m
[  71% ] [90m[1msavepack[22m | Storing File: res://assets/textures/harvest/proc/proc_extra_395_rough.jpg.import[39m[0m
[  71% ] [90m[1msavepack[22m | Storing File: res://.godot/imported/proc_extra_396_albedo.jpg-f5b91958b8f836dd0f56beff23ab63cf.ctex[39m[0m
[  71% ] [90m[1msavepack[22m | Storing File: res://assets/textures/harvest/proc/proc_extra_396_albedo.jpg.import[39m[0m
[  71% ] [90m[1msavepack[22m | Storing File: res://.godot/imported/proc_extra_396_normal.jpg-b2cec8641afce3af5c4b0840a5c9f0e2.ctex[39m[0m
[  71% ] [90m[1msavepack[22m | Storing File: res://assets/textures/harvest/proc/proc_extra_396_normal.jpg.import[39m[0m
[  71% ] [90m[1msavepack[22m | Storing File: res://.godot/imported/proc_extra_396_rough.jpg-8de1d2498357c0abf0804ba913895e13.ctex[39m[0m
[  71% ] [90m[1msavepack[22m | Storing File: res://assets/textures/harvest/proc/proc_extra_396_rough.jpg.import[39m[0m
[  71% ] [90m[1msavepack[22m | Storing File: res://.godot/imported/proc_extra_397_albedo.jpg-62e8286ca536a70535f09f95e213c255.ctex[39m[0m
[  71% ] [90m[1msavepack[22m | Storing File: res://assets/textures/harvest/proc/proc_extra_397_albedo.jpg.import[39m[0m
[  71% ] [90m[1msavepack[22m | Storing File: res://.godot/imported/proc_extra_397_normal.jpg-a638c895389a95fc1baf1b1b80061bb5.ctex[39m[0m
[  71% ] [90m[1msavepack[22m | Storing File: res://assets/textures/harvest/proc/proc_extra_397_normal.jpg.import[39m[0m
[  71% ] [90m[1msavepack[22m | Storing File: res://.godot/imported/proc_extra_397_rough.jpg-ebdf13daa890f8b0484e72515b6b6d77.ctex[39m[0m
[  71% ] [90m[1msavepack[22m | Storing File: res://assets/textures/harvest/proc/proc_extra_397_rough.jpg.import[39m[0m
[  71% ] [90m[1msavepack[22m | Storing File: res://.godot/imported/proc_extra_398_albedo.jpg-416fcbaf355ea48ab69793def7888632.ctex[39m[0m
[  71% ] [90m[1msavepack[22m | Storing File: res://assets/textures/harvest/proc/proc_extra_398_albedo.jpg.import[39m[0m
[  71% ] [90m[1msavepack[22m | Storing File: res://.godot/imported/proc_extra_398_normal.jpg-f258c5448a71900641e8c51965fae518.ctex[39m[0m
[  71% ] [90m[1msavepack[22m | Storing File: res://assets/textures/harvest/proc/proc_extra_398_normal.jpg.import[39m[0m
[  71% ] [90m[1msavepack[22m | Storing File: res://.godot/imported/proc_extra_398_rough.jpg-ed67e592ea5a68fef979aea363643f2a.ctex[39m[0m
[  71% ] [90m[1msavepack[22m | Storing File: res://assets/textures/harvest/proc/proc_extra_398_rough.jpg.import[39m[0m
[  72% ] [90m[1msavepack[22m | Storing File: res://.godot/imported/proc_extra_399_albedo.jpg-44a5406618d5f8dec3e6f3bb8b5c2bd0.ctex[39m[0m
[  72% ] [90m[1msavepack[22m | Storing File: res://assets/textures/harvest/proc/proc_extra_399_albedo.jpg.import[39m[0m
[  72% ] [90m[1msavepack[22m | Storing File: res://.godot/imported/proc_extra_399_normal.jpg-92277c6501f4b7fb34bf59f409dd55f7.ctex[39m[0m
[  72% ] [90m[1msavepack[22m | Storing File: res://assets/textures/harvest/proc/proc_extra_399_normal.jpg.import[39m[0m
[  72% ] [90m[1msavepack[22m | Storing File: res://.godot/imported/proc_extra_399_rough.jpg-5b6a071cf5bacfdca331707f12447b5f.ctex[39m[0m
[  72% ] [90m[1msavepack[22m | Storing File: res://assets/textures/harvest/proc/proc_extra_399_rough.jpg.import[39m[0m
[  72% ] [90m[1msavepack[22m | Storing File: res://.godot/imported/proc_extra_400_albedo.jpg-4e34f743405efd092b6048c985ee66de.ctex[39m[0m
[  72% ] [90m[1msavepack[22m | Storing File: res://assets/textures/harvest/proc/proc_extra_400_albedo.jpg.import[39m[0m
[  72% ] [90m[1msavepack[22m | Storing File: res://.godot/imported/proc_extra_400_normal.jpg-a121483c3d12e46746ed9fbdd4b3e341.ctex[39m[0m
[  72% ] [90m[1msavepack[22m | Storing File: res://assets/textures/harvest/proc/proc_extra_400_normal.jpg.import[39m[0m
[  72% ] [90m[1msavepack[22m | Storing File: res://.godot/imported/proc_extra_400_rough.jpg-796a2efc236deed80580bfac12e0d01b.ctex[39m[0m
[  72% ] [90m[1msavepack[22m | Storing File: res://assets/textures/harvest/proc/proc_extra_400_rough.jpg.import[39m[0m
[  72% ] [90m[1msavepack[22m | Storing File: res://.godot/imported/proc_extra_401_albedo.jpg-35265fc20231ff14cfb675d0c9b913da.ctex[39m[0m
[  72% ] [90m[1msavepack[22m | Storing File: res://assets/textures/harvest/proc/proc_extra_401_albedo.jpg.import[39m[0m
[  72% ] [90m[1msavepack[22m | Storing File: res://.godot/imported/proc_extra_401_normal.jpg-6c14e4d32f85815298980308d0c6927f.ctex[39m[0m
[  72% ] [90m[1msavepack[22m | Storing File: res://assets/textures/harvest/proc/proc_extra_401_normal.jpg.import[39m[0m
[  72% ] [90m[1msavepack[22m | Storing File: res://.godot/imported/proc_extra_401_rough.jpg-24c192794ffd82c2438393683104ad39.ctex[39m[0m
[  72% ] [90m[1msavepack[22m | Storing File: res://assets/textures/harvest/proc/proc_extra_401_rough.jpg.import[39m[0m
[  72% ] [90m[1msavepack[22m | Storing File: res://.godot/imported/proc_extra_402_albedo.jpg-f93ec1056cffdeef71c492c544798fc8.ctex[39m[0m
[  72% ] [90m[1msavepack[22m | Storing File: res://assets/textures/harvest/proc/proc_extra_402_albedo.jpg.import[39m[0m
[  72% ] [90m[1msavepack[22m | Storing File: res://.godot/imported/proc_extra_402_normal.jpg-50f6ecc8f90cac7f779c31b6b4094654.ctex[39m[0m
[  72% ] [90m[1msavepack[22m | Storing File: res://assets/textures/harvest/proc/proc_extra_402_normal.jpg.import[39m[0m
[  72% ] [90m[1msavepack[22m | Storing File: res://.godot/imported/proc_extra_402_rough.jpg-1777802eba16bc98df981f0e3cc013e8.ctex[39m[0m
[  72% ] [90m[1msavepack[22m | Storing File: res://assets/textures/harvest/proc/proc_extra_402_rough.jpg.import[39m[0m
[  72% ] [90m[1msavepack[22m | Storing File: res://.godot/imported/proc_extra_403_albedo.jpg-806dda4d9a0c393ceb7081b63f5e1a7a.ctex[39m[0m
[  72% ] [90m[1msavepack[22m | Storing File: res://assets/textures/harvest/proc/proc_extra_403_albedo.jpg.import[39m[0m
[  72% ] [90m[1msavepack[22m | Storing File: res://.godot/imported/proc_extra_403_normal.jpg-697b3560a4d432ca6ffc3d272e3464d3.ctex[39m[0m
[  72% ] [90m[1msavepack[22m | Storing File: res://assets/textures/harvest/proc/proc_extra_403_normal.jpg.import[39m[0m
[  72% ] [90m[1msavepack[22m | Storing File: res://.godot/imported/proc_extra_403_rough.jpg-56dcd0c1f7f184ad7d36a8d95a91cf63.ctex[39m[0m
[  72% ] [90m[1msavepack[22m | Storing File: res://assets/textures/harvest/proc/proc_extra_403_rough.jpg.import[39m[0m
[  72% ] [90m[1msavepack[22m | Storing File: res://.godot/imported/proc_extra_404_albedo.jpg-5074daa7c261fc1be7a0da7775d230aa.ctex[39m[0m
[  72% ] [90m[1msavepack[22m | Storing File: res://assets/textures/harvest/proc/proc_extra_404_albedo.jpg.import[39m[0m
[  72% ] [90m[1msavepack[22m | Storing File: res://.godot/imported/proc_extra_404_normal.jpg-99c8f9b78ac90ade231671b2ec0f5876.ctex[39m[0m
[  72% ] [90m[1msavepack[22m | Storing File: res://assets/textures/harvest/proc/proc_extra_404_normal.jpg.import[39m[0m
[  72% ] [90m[1msavepack[22m | Storing File: res://.godot/imported/proc_extra_404_rough.jpg-d6f2c1b555358e705a3846b114f283b1.ctex[39m[0m
[  72% ] [90m[1msavepack[22m | Storing File: res://assets/textures/harvest/proc/proc_extra_404_rough.jpg.import[39m[0m
[  72% ] [90m[1msavepack[22m | Storing File: res://.godot/imported/proc_extra_405_albedo.jpg-6b7d6d066c6ca6aded558811d1969d78.ctex[39m[0m
[  72% ] [90m[1msavepack[22m | Storing File: res://assets/textures/harvest/proc/proc_extra_405_albedo.jpg.import[39m[0m
[  73% ] [90m[1msavepack[22m | Storing File: res://.godot/imported/proc_extra_405_normal.jpg-7efe70b2758886c11a03e53c3e649119.ctex[39m[0m
[  73% ] [90m[1msavepack[22m | Storing File: res://assets/textures/harvest/proc/proc_extra_405_normal.jpg.import[39m[0m
[  73% ] [90m[1msavepack[22m | Storing File: res://.godot/imported/proc_extra_405_rough.jpg-f6412cecf87333837a6ce73863cdc1e0.ctex[39m[0m
[  73% ] [90m[1msavepack[22m | Storing File: res://assets/textures/harvest/proc/proc_extra_405_rough.jpg.import[39m[0m
[  73% ] [90m[1msavepack[22m | Storing File: res://.godot/imported/proc_extra_406_albedo.jpg-8f247993702e1603482b4f7a8e364eb1.ctex[39m[0m
[  73% ] [90m[1msavepack[22m | Storing File: res://assets/textures/harvest/proc/proc_extra_406_albedo.jpg.import[39m[0m
[  73% ] [90m[1msavepack[22m | Storing File: res://.godot/imported/proc_extra_406_normal.jpg-2b314c644378ec48b043cfe75ea46bec.ctex[39m[0m
[  73% ] [90m[1msavepack[22m | Storing File: res://assets/textures/harvest/proc/proc_extra_406_normal.jpg.import[39m[0m
[  73% ] [90m[1msavepack[22m | Storing File: res://.godot/imported/proc_extra_406_rough.jpg-058ca872c972f106ff64bf5a248dab8d.ctex[39m[0m
[  73% ] [90m[1msavepack[22m | Storing File: res://assets/textures/harvest/proc/proc_extra_406_rough.jpg.import[39m[0m
[  73% ] [90m[1msavepack[22m | Storing File: res://.godot/imported/proc_extra_407_albedo.jpg-3f5ae111f8bad4c3d7487b396583fd58.ctex[39m[0m
[  73% ] [90m[1msavepack[22m | Storing File: res://assets/textures/harvest/proc/proc_extra_407_albedo.jpg.import[39m[0m
[  73% ] [90m[1msavepack[22m | Storing File: res://.godot/imported/proc_extra_407_normal.jpg-9701de0afbcfa7ef6f6a39a49d222d59.ctex[39m[0m
[  73% ] [90m[1msavepack[22m | Storing File: res://assets/textures/harvest/proc/proc_extra_407_normal.jpg.import[39m[0m
[  73% ] [90m[1msavepack[22m | Storing File: res://.godot/imported/proc_extra_407_rough.jpg-c4027f73013bf91563a421e20165b24c.ctex[39m[0m
[  73% ] [90m[1msavepack[22m | Storing File: res://assets/textures/harvest/proc/proc_extra_407_rough.jpg.import[39m[0m
[  73% ] [90m[1msavepack[22m | Storing File: res://.godot/imported/proc_extra_408_albedo.jpg-58808e5f61df24b2f412827c188f4fc3.ctex[39m[0m
[  73% ] [90m[1msavepack[22m | Storing File: res://assets/textures/harvest/proc/proc_extra_408_albedo.jpg.import[39m[0m
[  73% ] [90m[1msavepack[22m | Storing File: res://.godot/imported/proc_extra_408_normal.jpg-0a8d587155fde2e7b5ffa05d6805af5b.ctex[39m[0m
[  73% ] [90m[1msavepack[22m | Storing File: res://assets/textures/harvest/proc/proc_extra_408_normal.jpg.import[39m[0m
[  73% ] [90m[1msavepack[22m | Storing File: res://.godot/imported/proc_extra_408_rough.jpg-c5291a7fd54bc761ea2888cf9c5c8b4f.ctex[39m[0m
[  73% ] [90m[1msavepack[22m | Storing File: res://assets/textures/harvest/proc/proc_extra_408_rough.jpg.import[39m[0m
[  73% ] [90m[1msavepack[22m | Storing File: res://.godot/imported/proc_extra_409_albedo.jpg-2bab6859b1d36875aa1e9dd8bacd4f67.ctex[39m[0m
[  73% ] [90m[1msavepack[22m | Storing File: res://assets/textures/harvest/proc/proc_extra_409_albedo.jpg.import[39m[0m
[  73% ] [90m[1msavepack[22m | Storing File: res://.godot/imported/proc_extra_409_normal.jpg-08050e2f0bc7f7013f59c2703c035c74.ctex[39m[0m
[  73% ] [90m[1msavepack[22m | Storing File: res://assets/textures/harvest/proc/proc_extra_409_normal.jpg.import[39m[0m
[  73% ] [90m[1msavepack[22m | Storing File: res://.godot/imported/proc_extra_409_rough.jpg-a360e617b4d87c211778dcb27ad46e3b.ctex[39m[0m
[  73% ] [90m[1msavepack[22m | Storing File: res://assets/textures/harvest/proc/proc_extra_409_rough.jpg.import[39m[0m
[  73% ] [90m[1msavepack[22m | Storing File: res://.godot/imported/proc_extra_410_albedo.jpg-001fa0e770a11cc9af1eee0da8f52d96.ctex[39m[0m
[  73% ] [90m[1msavepack[22m | Storing File: res://assets/textures/harvest/proc/proc_extra_410_albedo.jpg.import[39m[0m
[  73% ] [90m[1msavepack[22m | Storing File: res://.godot/imported/proc_extra_410_normal.jpg-c84b1729b12ff6cb232766a2d27c05d3.ctex[39m[0m
[  73% ] [90m[1msavepack[22m | Storing File: res://assets/textures/harvest/proc/proc_extra_410_normal.jpg.import[39m[0m
[  73% ] [90m[1msavepack[22m | Storing File: res://.godot/imported/proc_extra_410_rough.jpg-e952e97b0d701d315cfe58433c2e2e97.ctex[39m[0m
[  73% ] [90m[1msavepack[22m | Storing File: res://assets/textures/harvest/proc/proc_extra_410_rough.jpg.import[39m[0m
[  73% ] [90m[1msavepack[22m | Storing File: res://.godot/imported/proc_extra_411_albedo.jpg-b9c25690734f869427137484452a4c2b.ctex[39m[0m
[  73% ] [90m[1msavepack[22m | Storing File: res://assets/textures/harvest/proc/proc_extra_411_albedo.jpg.import[39m[0m
[  73% ] [90m[1msavepack[22m | Storing File: res://.godot/imported/proc_extra_411_normal.jpg-3bf93815322730fd7254b86ecd2702b3.ctex[39m[0m
[  73% ] [90m[1msavepack[22m | Storing File: res://assets/textures/harvest/proc/proc_extra_411_normal.jpg.import[39m[0m
[  74% ] [90m[1msavepack[22m | Storing File: res://.godot/imported/proc_extra_411_rough.jpg-5e6631e3ebb4e37149b3306d68a3dcec.ctex[39m[0m
[  74% ] [90m[1msavepack[22m | Storing File: res://assets/textures/harvest/proc/proc_extra_411_rough.jpg.import[39m[0m
[  74% ] [90m[1msavepack[22m | Storing File: res://.godot/imported/proc_extra_412_albedo.jpg-8f4c6f63ea3368dda044511871ef2346.ctex[39m[0m
[  74% ] [90m[1msavepack[22m | Storing File: res://assets/textures/harvest/proc/proc_extra_412_albedo.jpg.import[39m[0m
[  74% ] [90m[1msavepack[22m | Storing File: res://.godot/imported/proc_extra_412_normal.jpg-011dd2cbf724eb400a4a64f44ba894ce.ctex[39m[0m
[  74% ] [90m[1msavepack[22m | Storing File: res://assets/textures/harvest/proc/proc_extra_412_normal.jpg.import[39m[0m
[  74% ] [90m[1msavepack[22m | Storing File: res://.godot/imported/proc_extra_412_rough.jpg-6ec59c608b3219078c3aef7ff675b608.ctex[39m[0m
[  74% ] [90m[1msavepack[22m | Storing File: res://assets/textures/harvest/proc/proc_extra_412_rough.jpg.import[39m[0m
[  74% ] [90m[1msavepack[22m | Storing File: res://.godot/imported/proc_extra_413_albedo.jpg-3550b2eb4ac815216c515b06f83f5cbf.ctex[39m[0m
[  74% ] [90m[1msavepack[22m | Storing File: res://assets/textures/harvest/proc/proc_extra_413_albedo.jpg.import[39m[0m
[  74% ] [90m[1msavepack[22m | Storing File: res://.godot/imported/proc_extra_413_normal.jpg-ac33799b822f3c953b20fa6a2663d3a1.ctex[39m[0m
[  74% ] [90m[1msavepack[22m | Storing File: res://assets/textures/harvest/proc/proc_extra_413_normal.jpg.import[39m[0m
[  74% ] [90m[1msavepack[22m | Storing File: res://.godot/imported/proc_extra_413_rough.jpg-fa5865551787025f13d2a8edba901904.ctex[39m[0m
[  74% ] [90m[1msavepack[22m | Storing File: res://assets/textures/harvest/proc/proc_extra_413_rough.jpg.import[39m[0m
[  74% ] [90m[1msavepack[22m | Storing File: res://.godot/imported/rail_natural_albedo.jpg-3fac80162c2bfecf8c98bd19dc59262c.ctex[39m[0m
[  74% ] [90m[1msavepack[22m | Storing File: res://assets/textures/harvest/proc/rail_natural_albedo.jpg.import[39m[0m
[  74% ] [90m[1msavepack[22m | Storing File: res://.godot/imported/rail_natural_normal.jpg-16ae8bd66788405a189a2e601b71e258.ctex[39m[0m
[  74% ] [90m[1msavepack[22m | Storing File: res://assets/textures/harvest/proc/rail_natural_normal.jpg.import[39m[0m
[  74% ] [90m[1msavepack[22m | Storing File: res://.godot/imported/rail_natural_rough.jpg-851f0e43c8464be375d85c22623dbb62.ctex[39m[0m
[  74% ] [90m[1msavepack[22m | Storing File: res://assets/textures/harvest/proc/rail_natural_rough.jpg.import[39m[0m
[  74% ] [90m[1msavepack[22m | Storing File: res://.godot/imported/rail_white_scuff_albedo.jpg-96334dda23e0896e8da3a3759fd11c1a.ctex[39m[0m
[  74% ] [90m[1msavepack[22m | Storing File: res://assets/textures/harvest/proc/rail_white_scuff_albedo.jpg.import[39m[0m
[  74% ] [90m[1msavepack[22m | Storing File: res://.godot/imported/rail_white_scuff_normal.jpg-7771b2fe9e6ad4f52ded40ed8a827c9f.ctex[39m[0m
[  74% ] [90m[1msavepack[22m | Storing File: res://assets/textures/harvest/proc/rail_white_scuff_normal.jpg.import[39m[0m
[  74% ] [90m[1msavepack[22m | Storing File: res://.godot/imported/rail_white_scuff_rough.jpg-51ddca9b789c6cf86acd1d150c60ebb0.ctex[39m[0m
[  74% ] [90m[1msavepack[22m | Storing File: res://assets/textures/harvest/proc/rail_white_scuff_rough.jpg.import[39m[0m
[  74% ] [90m[1msavepack[22m | Storing File: res://.godot/imported/rake_deep_albedo.jpg-15ef2c0b26851ef51fb9a9d8c8a5b1ec.ctex[39m[0m
[  74% ] [90m[1msavepack[22m | Storing File: res://assets/textures/harvest/proc/rake_deep_albedo.jpg.import[39m[0m
[  74% ] [90m[1msavepack[22m | Storing File: res://.godot/imported/rake_deep_normal.jpg-e0e71eb7c20a4836ac83030d64de0857.ctex[39m[0m
[  74% ] [90m[1msavepack[22m | Storing File: res://assets/textures/harvest/proc/rake_deep_normal.jpg.import[39m[0m
[  74% ] [90m[1msavepack[22m | Storing File: res://.godot/imported/rake_deep_rough.jpg-c5bda91f754bd9af8eff0c83bd000781.ctex[39m[0m
[  74% ] [90m[1msavepack[22m | Storing File: res://assets/textures/harvest/proc/rake_deep_rough.jpg.import[39m[0m
[  74% ] [90m[1msavepack[22m | Storing File: res://.godot/imported/salt_block_albedo.jpg-5405607ed4f81945c145cc16c416b4a9.ctex[39m[0m
[  74% ] [90m[1msavepack[22m | Storing File: res://assets/textures/harvest/proc/salt_block_albedo.jpg.import[39m[0m
[  74% ] [90m[1msavepack[22m | Storing File: res://.godot/imported/salt_block_normal.jpg-f9ceb035425cb61941613ea3a747f290.ctex[39m[0m
[  74% ] [90m[1msavepack[22m | Storing File: res://assets/textures/harvest/proc/salt_block_normal.jpg.import[39m[0m
[  74% ] [90m[1msavepack[22m | Storing File: res://.godot/imported/salt_block_rough.jpg-d55ecc4fa2d740c4b2c09bfb9c39cd4c.ctex[39m[0m
[  74% ] [90m[1msavepack[22m | Storing File: res://assets/textures/harvest/proc/salt_block_rough.jpg.import[39m[0m
[  75% ] [90m[1msavepack[22m | Storing File: res://.godot/imported/sand_hoof_albedo.jpg-1676a4fd95cd87368ba7a416f6a4d534.ctex[39m[0m
[  75% ] [90m[1msavepack[22m | Storing File: res://assets/textures/harvest/proc/sand_hoof_albedo.jpg.import[39m[0m
[  75% ] [90m[1msavepack[22m | Storing File: res://.godot/imported/sand_hoof_normal.jpg-8fd48447dd62e7ec13c0e66715a41b77.ctex[39m[0m
[  75% ] [90m[1msavepack[22m | Storing File: res://assets/textures/harvest/proc/sand_hoof_normal.jpg.import[39m[0m
[  75% ] [90m[1msavepack[22m | Storing File: res://.godot/imported/sand_hoof_rough.jpg-7720fa9345e542ab4785ebea143c1d44.ctex[39m[0m
[  75% ] [90m[1msavepack[22m | Storing File: res://assets/textures/harvest/proc/sand_hoof_rough.jpg.import[39m[0m
[  75% ] [90m[1msavepack[22m | Storing File: res://.godot/imported/sand_lip_albedo.jpg-a01db3e814fcb72dd27d56d2dcb4d217.ctex[39m[0m
[  75% ] [90m[1msavepack[22m | Storing File: res://assets/textures/harvest/proc/sand_lip_albedo.jpg.import[39m[0m
[  75% ] [90m[1msavepack[22m | Storing File: res://.godot/imported/sand_lip_normal.jpg-e615250b8378c43a82cc92315e9d6c6c.ctex[39m[0m
[  75% ] [90m[1msavepack[22m | Storing File: res://assets/textures/harvest/proc/sand_lip_normal.jpg.import[39m[0m
[  75% ] [90m[1msavepack[22m | Storing File: res://.godot/imported/sand_lip_rough.jpg-336cf01ebedd125670d7cddf643917c1.ctex[39m[0m
[  75% ] [90m[1msavepack[22m | Storing File: res://assets/textures/harvest/proc/sand_lip_rough.jpg.import[39m[0m
[  75% ] [90m[1msavepack[22m | Storing File: res://.godot/imported/acg_fabric046_rough.jpg-e9cdc3c2ba3a050f2bbb94243fa3e55d.ctex[39m[0m
[  75% ] [90m[1msavepack[22m | Storing File: res://assets/textures/harvest/acg_fabric046_rough.jpg.import[39m[0m
[  75% ] [90m[1msavepack[22m | Storing File: res://.godot/imported/jolcham_oak_bark_albedo.jpg-ac4aab849a8172c231a23fb444d6c96a.ctex[39m[0m
[  75% ] [90m[1msavepack[22m | Storing File: res://assets/textures/harvest/jolcham_oak_bark_albedo.jpg.import[39m[0m
[  75% ] [90m[1msavepack[22m | Storing File: res://.godot/imported/brown_mud_03_albedo.jpg-bc5c6543f2cd29399bc151be47d7b6cb.ctex[39m[0m
[  75% ] [90m[1msavepack[22m | Storing File: res://assets/textures/harvest/brown_mud_03_albedo.jpg.import[39m[0m
[  75% ] [90m[1msavepack[22m | Storing File: res://.godot/imported/sand_track_albedo.jpg-68324f30fa1838e83c59e9c376025540.ctex[39m[0m
[  75% ] [90m[1msavepack[22m | Storing File: res://assets/textures/harvest/proc/sand_track_albedo.jpg.import[39m[0m
[  75% ] [90m[1msavepack[22m | Storing File: res://.godot/imported/sand_track_normal.jpg-0b29c674fa20893a0caf27179e7d98a6.ctex[39m[0m
[  75% ] [90m[1msavepack[22m | Storing File: res://assets/textures/harvest/proc/sand_track_normal.jpg.import[39m[0m
[  75% ] [90m[1msavepack[22m | Storing File: res://.godot/imported/sand_track_rough.jpg-6ee7689a437e5801be197647a18f3015.ctex[39m[0m
[  75% ] [90m[1msavepack[22m | Storing File: res://assets/textures/harvest/proc/sand_track_rough.jpg.import[39m[0m
[  75% ] [90m[1msavepack[22m | Storing File: res://.godot/imported/acg_planks012_albedo.jpg-349ae0069161e8d70ee1e38c12b98486.ctex[39m[0m
[  75% ] [90m[1msavepack[22m | Storing File: res://assets/textures/harvest/acg_planks012_albedo.jpg.import[39m[0m
[  75% ] [90m[1msavepack[22m | Storing File: res://.godot/imported/raw_planks_normal.jpg-7b8e12608c90478b87edb0f3dcdb8002.ctex[39m[0m
[  75% ] [90m[1msavepack[22m | Storing File: res://assets/textures/harvest/raw_planks_normal.jpg.import[39m[0m
[  75% ] [90m[1msavepack[22m | Storing File: res://.godot/imported/acg_planks017_rough.jpg-a07fe50248fa6bc8018609b93b268268.ctex[39m[0m
[  75% ] [90m[1msavepack[22m | Storing File: res://assets/textures/harvest/acg_planks017_rough.jpg.import[39m[0m
[  75% ] [90m[1msavepack[22m | Storing File: res://.godot/imported/stony_dirt_path_rough.jpg-826aab0ffda4827eced30a74e8d04d96.ctex[39m[0m
[  75% ] [90m[1msavepack[22m | Storing File: res://assets/textures/harvest/stony_dirt_path_rough.jpg.import[39m[0m
[  75% ] [90m[1msavepack[22m | Storing File: res://.godot/imported/acg_leather039_rough.jpg-f3d6dd354ec90817c98a3c3cea32f713.ctex[39m[0m
[  75% ] [90m[1msavepack[22m | Storing File: res://assets/textures/harvest/acg_leather039_rough.jpg.import[39m[0m
[  75% ] [90m[1msavepack[22m | Storing File: res://.godot/imported/acg_planks017_normal.jpg-4dc4562835102d4e2ea08d780f55da47.ctex[39m[0m
[  75% ] [90m[1msavepack[22m | Storing File: res://assets/textures/harvest/acg_planks017_normal.jpg.import[39m[0m
[  75% ] [90m[1msavepack[22m | Storing File: res://.godot/imported/grass_path_2_normal.jpg-2d3f8206b57ae649e3b89490a86689dc.ctex[39m[0m
[  75% ] [90m[1msavepack[22m | Storing File: res://assets/textures/harvest/grass_path_2_normal.jpg.import[39m[0m
[  76% ] [90m[1msavepack[22m | Storing File: res://.godot/imported/weathered_planks_albedo.jpg-25d34678b48c7fce56edbeb9fa60d9e9.ctex[39m[0m
[  76% ] [90m[1msavepack[22m | Storing File: res://assets/textures/harvest/weathered_planks_albedo.jpg.import[39m[0m
[  76% ] [90m[1msavepack[22m | Storing File: res://.godot/imported/acg_planks017_albedo.jpg-62864f986429fd722c051112197795a8.ctex[39m[0m
[  76% ] [90m[1msavepack[22m | Storing File: res://assets/textures/harvest/acg_planks017_albedo.jpg.import[39m[0m
[  76% ] [90m[1msavepack[22m | Storing File: res://.godot/imported/stall_bar_albedo.jpg-24c902d2c8ee7f4339938171da1d2e19.ctex[39m[0m
[  76% ] [90m[1msavepack[22m | Storing File: res://assets/textures/harvest/proc/stall_bar_albedo.jpg.import[39m[0m
[  76% ] [90m[1msavepack[22m | Storing File: res://.godot/imported/stall_bar_normal.jpg-20aca71125212dc69619d3367f881ecf.ctex[39m[0m
[  76% ] [90m[1msavepack[22m | Storing File: res://assets/textures/harvest/proc/stall_bar_normal.jpg.import[39m[0m
[  76% ] [90m[1msavepack[22m | Storing File: res://.godot/imported/stall_bar_rough.jpg-43dd8cda8031ad000da0bd49d888c851.ctex[39m[0m
[  76% ] [90m[1msavepack[22m | Storing File: res://assets/textures/harvest/proc/stall_bar_rough.jpg.import[39m[0m
[  76% ] [90m[1msavepack[22m | Storing File: res://.godot/imported/straw_gold_albedo.jpg-5c66b55ac4063199d83df5bc25d56bf8.ctex[39m[0m
[  76% ] [90m[1msavepack[22m | Storing File: res://assets/textures/harvest/proc/straw_gold_albedo.jpg.import[39m[0m
[  76% ] [90m[1msavepack[22m | Storing File: res://.godot/imported/straw_gold_normal.jpg-72324fa809084c294b33680ab9072962.ctex[39m[0m
[  76% ] [90m[1msavepack[22m | Storing File: res://assets/textures/harvest/proc/straw_gold_normal.jpg.import[39m[0m
[  76% ] [90m[1msavepack[22m | Storing File: res://.godot/imported/straw_gold_rough.jpg-b9c8b3a15851da7db942d2859b2b7012.ctex[39m[0m
[  76% ] [90m[1msavepack[22m | Storing File: res://assets/textures/harvest/proc/straw_gold_rough.jpg.import[39m[0m
[  76% ] [90m[1msavepack[22m | Storing File: res://.godot/imported/tack_trunk_albedo.jpg-2d38b9ef7b59e5010ee0436bc983af2a.ctex[39m[0m
[  76% ] [90m[1msavepack[22m | Storing File: res://assets/textures/harvest/proc/tack_trunk_albedo.jpg.import[39m[0m
[  76% ] [90m[1msavepack[22m | Storing File: res://.godot/imported/tack_trunk_normal.jpg-f66908ee7272f5aa457c720806f9dab2.ctex[39m[0m
[  76% ] [90m[1msavepack[22m | Storing File: res://assets/textures/harvest/proc/tack_trunk_normal.jpg.import[39m[0m
[  76% ] [90m[1msavepack[22m | Storing File: res://.godot/imported/tack_trunk_rough.jpg-73ebfe2876f2be02dafe29949f48c6ea.ctex[39m[0m
[  76% ] [90m[1msavepack[22m | Storing File: res://assets/textures/harvest/proc/tack_trunk_rough.jpg.import[39m[0m
[  76% ] [90m[1msavepack[22m | Storing File: res://.godot/imported/velvet_cap_albedo.jpg-5a6bc996e0a5340d5550c4a258db1a69.ctex[39m[0m
[  76% ] [90m[1msavepack[22m | Storing File: res://assets/textures/harvest/proc/velvet_cap_albedo.jpg.import[39m[0m
[  76% ] [90m[1msavepack[22m | Storing File: res://.godot/imported/velvet_cap_normal.jpg-acd50bb54a31c788748ba144a9a9eb10.ctex[39m[0m
[  76% ] [90m[1msavepack[22m | Storing File: res://assets/textures/harvest/proc/velvet_cap_normal.jpg.import[39m[0m
[  76% ] [90m[1msavepack[22m | Storing File: res://.godot/imported/velvet_cap_rough.jpg-f3e10360faac6d3763f116268950f35c.ctex[39m[0m
[  76% ] [90m[1msavepack[22m | Storing File: res://assets/textures/harvest/proc/velvet_cap_rough.jpg.import[39m[0m
[  76% ] [90m[1msavepack[22m | Storing File: res://.godot/imported/wool_melton_albedo.jpg-3eef78ff9d55319edc3ec24668b7350b.ctex[39m[0m
[  76% ] [90m[1msavepack[22m | Storing File: res://assets/textures/harvest/proc/wool_melton_albedo.jpg.import[39m[0m
[  76% ] [90m[1msavepack[22m | Storing File: res://.godot/imported/wool_melton_normal.jpg-76872e5b4cb850225e2ebb799cc23379.ctex[39m[0m
[  76% ] [90m[1msavepack[22m | Storing File: res://assets/textures/harvest/proc/wool_melton_normal.jpg.import[39m[0m
[  76% ] [90m[1msavepack[22m | Storing File: res://.godot/imported/wool_melton_rough.jpg-9949f325c400dad50d16fda5a28e203d.ctex[39m[0m
[  76% ] [90m[1msavepack[22m | Storing File: res://assets/textures/harvest/proc/wool_melton_rough.jpg.import[39m[0m
[  76% ] [90m[1msavepack[22m | Storing File: res://.godot/imported/wool_navy_coat_albedo.jpg-d041f404eaa6f8b42cb74aa3bfd742ff.ctex[39m[0m
[  76% ] [90m[1msavepack[22m | Storing File: res://assets/textures/harvest/proc/wool_navy_coat_albedo.jpg.import[39m[0m
[  76% ] [90m[1msavepack[22m | Storing File: res://.godot/imported/wool_navy_coat_normal.jpg-6a4620257863a29041e831d69d06a2c1.ctex[39m[0m
[  76% ] [90m[1msavepack[22m | Storing File: res://assets/textures/harvest/proc/wool_navy_coat_normal.jpg.import[39m[0m
[  77% ] [90m[1msavepack[22m | Storing File: res://.godot/imported/wool_navy_coat_rough.jpg-4a7cb9a1e0d9deb23925bb0091cf496e.ctex[39m[0m
[  77% ] [90m[1msavepack[22m | Storing File: res://assets/textures/harvest/proc/wool_navy_coat_rough.jpg.import[39m[0m
[  77% ] [90m[1msavepack[22m | Storing File: res://.godot/imported/wool_navy_weave_albedo.jpg-228c38cb10e5eebaa7a41fc309ea85f2.ctex[39m[0m
[  77% ] [90m[1msavepack[22m | Storing File: res://assets/textures/harvest/proc/wool_navy_weave_albedo.jpg.import[39m[0m
[  77% ] [90m[1msavepack[22m | Storing File: res://.godot/imported/wool_navy_weave_normal.jpg-e6123f9bf30cf9e7c65ad0f00074ae2e.ctex[39m[0m
[  77% ] [90m[1msavepack[22m | Storing File: res://assets/textures/harvest/proc/wool_navy_weave_normal.jpg.import[39m[0m
[  77% ] [90m[1msavepack[22m | Storing File: res://.godot/imported/wool_navy_weave_rough.jpg-3d49de53dd49b1068485a5da19d40396.ctex[39m[0m
[  77% ] [90m[1msavepack[22m | Storing File: res://assets/textures/harvest/proc/wool_navy_weave_rough.jpg.import[39m[0m
[  77% ] [90m[1msavepack[22m | Storing File: res://.godot/imported/acg_bark001_albedo.jpg-0393d434764d0308482f4380ff35a2fc.ctex[39m[0m
[  77% ] [90m[1msavepack[22m | Storing File: res://assets/textures/harvest/acg_bark001_albedo.jpg.import[39m[0m
[  77% ] [90m[1msavepack[22m | Storing File: res://.godot/imported/acg_bark001_normal.jpg-7496dd2f242b5f24f83191f88c0f8ff8.ctex[39m[0m
[  77% ] [90m[1msavepack[22m | Storing File: res://assets/textures/harvest/acg_bark001_normal.jpg.import[39m[0m
[  77% ] [90m[1msavepack[22m | Storing File: res://.godot/imported/acg_bark001_rough.jpg-9eeb4d3db65ca8e86507fcb3f1fc99f7.ctex[39m[0m
[  77% ] [90m[1msavepack[22m | Storing File: res://assets/textures/harvest/acg_bark001_rough.jpg.import[39m[0m
[  77% ] [90m[1msavepack[22m | Storing File: res://tools/verify_player_horse.gdc[39m[0m
[  77% ] [90m[1msavepack[22m | Storing File: res://tools/verify_horse_visible.gdc[39m[0m
[  77% ] [90m[1msavepack[22m | Storing File: res://tools/smoke_library_courses.gdc[39m[0m
[  77% ] [90m[1msavepack[22m | Storing File: res://tools/print_args.gdc[39m[0m
[  77% ] [90m[1msavepack[22m | Storing File: res://tools/measure_swing.gdc[39m[0m
[  77% ] [90m[1msavepack[22m | Storing File: res://tools/measure_swing2.gdc[39m[0m
[  77% ] [90m[1msavepack[22m | Storing File: res://tools/measure_horse.gdc[39m[0m
[  77% ] [90m[1msavepack[22m | Storing File: res://tools/inspect_whitehorse.gdc[39m[0m
[  77% ] [90m[1msavepack[22m | Storing File: res://tools/inspect_tracks.gdc[39m[0m
[  77% ] [90m[1msavepack[22m | Storing File: res://tools/inspect_rig.gdc[39m[0m
[  77% ] [90m[1msavepack[22m | Storing File: res://tools/inspect_prism.gdc[39m[0m
[  77% ] [90m[1msavepack[22m | Storing File: res://tools/dump_whitehorse_bounds.gdc[39m[0m
[  78% ] [90m[1msavepack[22m | Storing File: res://tools/dump_walk_tracks.gdc[39m[0m
[  78% ] [90m[1msavepack[22m | Storing File: res://tools/dump_uvs_and_tail.gdc[39m[0m
[  78% ] [90m[1msavepack[22m | Storing File: res://tools/dump_tack_space.gdc[39m[0m
[  78% ] [90m[1msavepack[22m | Storing File: res://tools/diag_playable.gdc[39m[0m
[  78% ] [90m[1msavepack[22m | Storing File: res://tools/compile_check.gdc[39m[0m
[  78% ] [90m[1msavepack[22m | Storing File: res://tools/boot_horse.gdc[39m[0m
[  78% ] [90m[1msavepack[22m | Storing File: res://tools/boot_arena.gdc[39m[0m
[  78% ] [90m[1msavepack[22m | Storing File: res://shaders/sand.gdshader[39m[0m
[  78% ] [90m[1msavepack[22m | Storing File: res://shaders/pine.gdshader[39m[0m
[  78% ] [90m[1msavepack[22m | Storing File: res://shaders/person.gdshader[39m[0m
[  78% ] [90m[1msavepack[22m | Storing File: res://shaders/madison_face.gdshader[39m[0m
[  78% ] [90m[1msavepack[22m | Storing File: res://shaders/hardwood.gdshader[39m[0m
[  78% ] [90m[1msavepack[22m | Storing File: res://shaders/grass.gdshader[39m[0m
[  78% ] [90m[1msavepack[22m | Storing File: res://shaders/coat.gdshader[39m[0m
[  78% ] [90m[1msavepack[22m | Storing File: res://shaders/abbott_whitehorse.gdshader[39m[0m
[  78% ] [90m[1msavepack[22m | Storing File: res://scripts/walker.gdc[39m[0m
[  78% ] [90m[1msavepack[22m | Storing File: res://scripts/trainer.gdc[39m[0m
[  78% ] [90m[1msavepack[22m | Storing File: res://scripts/title.gdc[39m[0m
[  78% ] [90m[1msavepack[22m | Storing File: res://scripts/ride_cert.gdc[39m[0m
[  79% ] [90m[1msavepack[22m | Storing File: res://scripts/ride_ai.gdc[39m[0m
[  79% ] [90m[1msavepack[22m | Storing File: res://scripts/playtest.gdc[39m[0m
[  79% ] [90m[1msavepack[22m | Storing File: res://scripts/person_look.gdc[39m[0m
[  79% ] [90m[1msavepack[22m | Storing File: res://scripts/mesh_kit.gdc[39m[0m
[  79% ] [90m[1msavepack[22m | Storing File: res://scripts/hud.gdc[39m[0m
[  79% ] [90m[1msavepack[22m | Storing File: res://scripts/horse.gdc[39m[0m
[  79% ] [90m[1msavepack[22m | Storing File: res://scripts/game_state.gdc[39m[0m
[  79% ] [90m[1msavepack[22m | Storing File: res://scripts/fence.gdc[39m[0m
[  79% ] [90m[1msavepack[22m | Storing File: res://scripts/farm.gdc[39m[0m
[  79% ] [90m[1msavepack[22m | Storing File: res://scripts/course.gdc[39m[0m
[  79% ] [90m[1msavepack[22m | Storing File: res://scripts/content_library.gdc[39m[0m
[  79% ] [90m[1msavepack[22m | Storing File: res://scripts/artshot.gdc[39m[0m
[  79% ] [90m[1msavepack[22m | Storing File: res://scripts/arena.gdc[39m[0m
[  79% ] [90m[1msavepack[22m | Storing File: res://scripts/abbott_look.gdc[39m[0m
[  79% ] [90m[1msavepack[22m | Storing File: res://.godot/imported/acg_bark002_albedo.jpg-3eb1e7da0371f7cf24db951ac610c27e.ctex[39m[0m
[  79% ] [90m[1msavepack[22m | Storing File: res://assets/textures/harvest/acg_bark002_albedo.jpg.import[39m[0m
[  79% ] [90m[1msavepack[22m | Storing File: res://.godot/exported/133200997/export-1f317455290310368203a73618de45af-title.scn[39m[0m
[  79% ] [90m[1msavepack[22m | Storing File: res://.godot/exported/133200997/export-a4de5e1f3ea5bccc0e835cc4a2e40ae5-arena.scn[39m[0m
[  79% ] [90m[1msavepack[22m | Storing File: res://content/rail/michelle_ship.json[39m[0m
[  79% ] [90m[1msavepack[22m | Storing File: res://content/rail/barn_notes.json[39m[0m
[  80% ] [90m[1msavepack[22m | Storing File: res://content/fences/catalog.json[39m[0m
[  80% ] [90m[1msavepack[22m | Storing File: res://content/courses/SHIP.json[39m[0m
[  80% ] [90m[1msavepack[22m | Storing File: res://content/courses/INDEX.json[39m[0m
[  80% ] [90m[1msavepack[22m | Storing File: res://content/courses/lesson/hk_les_004.json[39m[0m
[  80% ] [90m[1msavepack[22m | Storing File: res://content/courses/lesson/hk_les_003.json[39m[0m
[  80% ] [90m[1msavepack[22m | Storing File: res://content/courses/lesson/hk_les_002.json[39m[0m
[  80% ] [90m[1msavepack[22m | Storing File: res://content/courses/lesson/hk_les_001.json[39m[0m
[  80% ] [90m[1msavepack[22m | Storing File: res://content/courses/jump_off/intermediate/hk_jo_int_001.json[39m[0m
[  80% ] [90m[1msavepack[22m | Storing File: res://content/courses/jump_off/beginner/hk_jo_beg_001.json[39m[0m
[  80% ] [90m[1msavepack[22m | Storing File: res://content/courses/jump_off/advanced/hk_jo_adv_001.json[39m[0m
[  80% ] [90m[1msavepack[22m | Storing File: res://content/courses/intermediate/hk_int_009.json[39m[0m
[  80% ] [90m[1msavepack[22m | Storing File: res://content/courses/intermediate/hk_int_007.json[39m[0m
[  80% ] [90m[1msavepack[22m | Storing File: res://content/courses/intermediate/hk_int_006.json[39m[0m
[  80% ] [90m[1msavepack[22m | Storing File: res://content/courses/intermediate/hk_int_005.json[39m[0m
[  80% ] [90m[1msavepack[22m | Storing File: res://content/courses/intermediate/hk_int_002.json[39m[0m
[  80% ] [90m[1msavepack[22m | Storing File: res://content/courses/intermediate/hk_int_001.json[39m[0m
[  80% ] [90m[1msavepack[22m | Storing File: res://content/courses/beginner/hk_beg_039.json[39m[0m
[  80% ] [90m[1msavepack[22m | Storing File: res://content/courses/beginner/hk_beg_035.json[39m[0m
[  80% ] [90m[1msavepack[22m | Storing File: res://content/courses/beginner/hk_beg_034.json[39m[0m
[  81% ] [90m[1msavepack[22m | Storing File: res://content/courses/beginner/hk_beg_033.json[39m[0m
[  81% ] [90m[1msavepack[22m | Storing File: res://content/courses/beginner/hk_beg_007.json[39m[0m
[  81% ] [90m[1msavepack[22m | Storing File: res://content/courses/beginner/hk_beg_004.json[39m[0m
[  81% ] [90m[1msavepack[22m | Storing File: res://content/courses/advanced/hk_adv_005.json[39m[0m
[  81% ] [90m[1msavepack[22m | Storing File: res://content/courses/advanced/hk_adv_003.json[39m[0m
[  81% ] [90m[1msavepack[22m | Storing File: res://content/courses/advanced/hk_adv_002.json[39m[0m
[  81% ] [90m[1msavepack[22m | Storing File: res://content/courses/advanced/hk_adv_001.json[39m[0m
[  81% ] [90m[1msavepack[22m | Storing File: res://.godot/imported/acg_bark002_normal.jpg-c622b7e7600a54325359812b29b06cf9.ctex[39m[0m
[  81% ] [90m[1msavepack[22m | Storing File: res://assets/textures/harvest/acg_bark002_normal.jpg.import[39m[0m
[  81% ] [90m[1msavepack[22m | Storing File: res://.godot/imported/panel_blank.jpg-659dd76e330e39da4d4f7796de97968b.ctex[39m[0m
[  81% ] [90m[1msavepack[22m | Storing File: res://assets/ui/panel_blank.jpg.import[39m[0m
[  81% ] [90m[1msavepack[22m | Storing File: res://.godot/imported/panel.jpg-eaaf972f90e801ed543a80b4b69bcfcc.ctex[39m[0m
[  81% ] [90m[1msavepack[22m | Storing File: res://assets/ui/panel.jpg.import[39m[0m
[  81% ] [90m[1msavepack[22m | Storing File: res://.godot/imported/icon_256.png-e0217ac939a2aedd6fe0e7e90ceba820.ctex[39m[0m
[  81% ] [90m[1msavepack[22m | Storing File: res://assets/ui/icon_256.png.import[39m[0m
[  81% ] [90m[1msavepack[22m | Storing File: res://.godot/imported/acg_bark002_rough.jpg-73f445c8c0595711e493202dcf871df6.ctex[39m[0m
[  81% ] [90m[1msavepack[22m | Storing File: res://assets/textures/harvest/acg_bark002_rough.jpg.import[39m[0m
[  81% ] [90m[1msavepack[22m | Storing File: res://.godot/imported/icon.png-b2186b5b4a56bd57079f80a9dcb82304.ctex[39m[0m
[  81% ] [90m[1msavepack[22m | Storing File: res://assets/ui/icon.png.import[39m[0m
[  81% ] [90m[1msavepack[22m | Storing File: res://.godot/imported/wood_rough.jpg-6496ea5f4b741387dff6b4fb5c95d61f.ctex[39m[0m
[  81% ] [90m[1msavepack[22m | Storing File: res://assets/textures/wood_rough.jpg.import[39m[0m
[  81% ] [90m[1msavepack[22m | Storing File: res://.godot/imported/wood_normal.jpg-a9e33cab7af22e106d875c32f09c924b.ctex[39m[0m
[  81% ] [90m[1msavepack[22m | Storing File: res://assets/textures/wood_normal.jpg.import[39m[0m
[  81% ] [90m[1msavepack[22m | Storing File: res://.godot/imported/wood_albedo.jpg-767df88aef7fb8fdd460415eeb4a07bc.ctex[39m[0m
[  81% ] [90m[1msavepack[22m | Storing File: res://assets/textures/wood_albedo.jpg.import[39m[0m
[  81% ] [90m[1msavepack[22m | Storing File: res://.godot/imported/standard_ref.jpg-73a2e1e459c49d5fe2bd25e273331323.ctex[39m[0m
[  81% ] [90m[1msavepack[22m | Storing File: res://assets/textures/standard_ref.jpg.import[39m[0m
[  81% ] [90m[1msavepack[22m | Storing File: res://.godot/imported/sky.jpg-4cfbdc1a49af27f9328f98126f3daa7b.ctex[39m[0m
[  81% ] [90m[1msavepack[22m | Storing File: res://assets/textures/sky.jpg.import[39m[0m
[  81% ] [90m[1msavepack[22m | Storing File: res://.godot/imported/sand_rough.jpg-c294a73ac054192e728118b165f54eef.ctex[39m[0m
[  81% ] [90m[1msavepack[22m | Storing File: res://assets/textures/sand_rough.jpg.import[39m[0m
[  82% ] [90m[1msavepack[22m | Storing File: res://.godot/imported/sand_normal.jpg-a3ee18bf3ac2ef60aefb1b8773af3eab.ctex[39m[0m
[  82% ] [90m[1msavepack[22m | Storing File: res://assets/textures/sand_normal.jpg.import[39m[0m
[  82% ] [90m[1msavepack[22m | Storing File: res://.godot/imported/sand_albedo.jpg-849f1225fb2a825012613a23b643ad76.ctex[39m[0m
[  82% ] [90m[1msavepack[22m | Storing File: res://assets/textures/sand_albedo.jpg.import[39m[0m
[  82% ] [90m[1msavepack[22m | Storing File: res://.godot/imported/saddle_ref.jpg-04e564af59cbc9bfdf9dffb46ff124a7.ctex[39m[0m
[  82% ] [90m[1msavepack[22m | Storing File: res://assets/textures/saddle_ref.jpg.import[39m[0m
[  82% ] [90m[1msavepack[22m | Storing File: res://.godot/imported/rider_side.jpg-403856c282cea3aceb704a83e47dd993.ctex[39m[0m
[  82% ] [90m[1msavepack[22m | Storing File: res://assets/textures/rider_side.jpg.import[39m[0m
[  82% ] [90m[1msavepack[22m | Storing File: res://.godot/imported/rider_front.jpg-8d3ede05f9fb1af5869a244811757b4c.ctex[39m[0m
[  82% ] [90m[1msavepack[22m | Storing File: res://assets/textures/rider_front.jpg.import[39m[0m
[  82% ] [90m[1msavepack[22m | Storing File: res://.godot/imported/acg_bark006_albedo.jpg-a53c007c81ce4aba62b17c824b238962.ctex[39m[0m
[  82% ] [90m[1msavepack[22m | Storing File: res://assets/textures/harvest/acg_bark006_albedo.jpg.import[39m[0m
[  82% ] [90m[1msavepack[22m | Storing File: res://.godot/imported/rider_face_side.jpg-d6c06e3e5883e7431360dee11cae573b.ctex[39m[0m
[  82% ] [90m[1msavepack[22m | Storing File: res://assets/textures/rider_face_side.jpg.import[39m[0m
[  82% ] [90m[1msavepack[22m | Storing File: res://.godot/imported/rider_face_front.jpg-af1fdf57dca323a0bcd89a44ca5ffbb4.ctex[39m[0m
[  82% ] [90m[1msavepack[22m | Storing File: res://assets/textures/rider_face_front.jpg.import[39m[0m
[  82% ] [90m[1msavepack[22m | Storing File: res://.godot/imported/rider_back.jpg-9c2c595625b91de576f679c07f5498d1.ctex[39m[0m
[  82% ] [90m[1msavepack[22m | Storing File: res://assets/textures/rider_back.jpg.import[39m[0m
[  82% ] [90m[1msavepack[22m | Storing File: res://.godot/imported/pole_white_normal.jpg-64085f2ddf07063c796a3e8b90123ed3.ctex[39m[0m
[  82% ] [90m[1msavepack[22m | Storing File: res://assets/textures/pole_white_normal.jpg.import[39m[0m
[  82% ] [90m[1msavepack[22m | Storing File: res://.godot/imported/pole_white_albedo.jpg-e2adcecbccd5ac758979abc59a086854.ctex[39m[0m
[  82% ] [90m[1msavepack[22m | Storing File: res://assets/textures/pole_white_albedo.jpg.import[39m[0m
[  82% ] [90m[1msavepack[22m | Storing File: res://.godot/imported/pole_ref.jpg-9950c5a341ead62bc5edc925f33e9142.ctex[39m[0m
[  82% ] [90m[1msavepack[22m | Storing File: res://assets/textures/pole_ref.jpg.import[39m[0m
[  82% ] [90m[1msavepack[22m | Storing File: res://.godot/imported/pole_red_albedo.jpg-b177bba64414a35378ab2038a976f7f7.ctex[39m[0m
[  82% ] [90m[1msavepack[22m | Storing File: res://assets/textures/pole_red_albedo.jpg.import[39m[0m
[  82% ] [90m[1msavepack[22m | Storing File: res://.godot/imported/pole_navy_albedo.jpg-9fe5448f28d20f5b6a853edf9a54da60.ctex[39m[0m
[  82% ] [90m[1msavepack[22m | Storing File: res://assets/textures/pole_navy_albedo.jpg.import[39m[0m
[  82% ] [90m[1msavepack[22m | Storing File: res://.godot/imported/mane_rough.jpg-19895df3050c4a4d93d2997ddf13405a.ctex[39m[0m
[  82% ] [90m[1msavepack[22m | Storing File: res://assets/textures/mane_rough.jpg.import[39m[0m
[  82% ] [90m[1msavepack[22m | Storing File: res://.godot/imported/mane_normal.jpg-bd729601511b4da4d4bc272ca6ea4308.ctex[39m[0m
[  82% ] [90m[1msavepack[22m | Storing File: res://assets/textures/mane_normal.jpg.import[39m[0m
[  82% ] [90m[1msavepack[22m | Storing File: res://.godot/imported/mane_albedo.jpg-58c04281f46542e433ebd08822007364.ctex[39m[0m
[  82% ] [90m[1msavepack[22m | Storing File: res://assets/textures/mane_albedo.jpg.import[39m[0m
[  82% ] [90m[1msavepack[22m | Storing File: res://.godot/imported/leather_rough.jpg-b41c821c49831794f9012c7a4f17fa3c.ctex[39m[0m
[  82% ] [90m[1msavepack[22m | Storing File: res://assets/textures/leather_rough.jpg.import[39m[0m
[  82% ] [90m[1msavepack[22m | Storing File: res://.godot/imported/leather_normal.jpg-f9c3c760df398f3103ce64457c4ff6b8.ctex[39m[0m
[  82% ] [90m[1msavepack[22m | Storing File: res://assets/textures/leather_normal.jpg.import[39m[0m
[  83% ] [90m[1msavepack[22m | Storing File: res://.godot/imported/leather_albedo.jpg-805b317f038e981e846d2c56e7c6dd9f.ctex[39m[0m
[  83% ] [90m[1msavepack[22m | Storing File: res://assets/textures/leather_albedo.jpg.import[39m[0m
[  83% ] [90m[1msavepack[22m | Storing File: res://.godot/imported/grass_rough.jpg-9fbe1169496195a95791abb6fc41022a.ctex[39m[0m
[  83% ] [90m[1msavepack[22m | Storing File: res://assets/textures/grass_rough.jpg.import[39m[0m
[  83% ] [90m[1msavepack[22m | Storing File: res://.godot/imported/acg_bark006_normal.jpg-2e7b38443facc571373cb1fc4bfe245b.ctex[39m[0m
[  83% ] [90m[1msavepack[22m | Storing File: res://assets/textures/harvest/acg_bark006_normal.jpg.import[39m[0m
[  83% ] [90m[1msavepack[22m | Storing File: res://.godot/imported/grass_normal.jpg-6a8782a00e2daaf8de7733076ac5ff29.ctex[39m[0m
[  83% ] [90m[1msavepack[22m | Storing File: res://assets/textures/grass_normal.jpg.import[39m[0m
[  83% ] [90m[1msavepack[22m | Storing File: res://.godot/imported/grass_albedo.jpg-bbd72c71f0ea67d1cc908779e3b7bd3d.ctex[39m[0m
[  83% ] [90m[1msavepack[22m | Storing File: res://assets/textures/grass_albedo.jpg.import[39m[0m
[  83% ] [90m[1msavepack[22m | Storing File: res://.godot/imported/flower_box.jpg-e3c93e4682c680cbd6ad212f9ba7bf89.ctex[39m[0m
[  83% ] [90m[1msavepack[22m | Storing File: res://assets/textures/flower_box.jpg.import[39m[0m
[  83% ] [90m[1msavepack[22m | Storing File: res://.godot/imported/coat_rough.jpg-fbaa96fac2ff3d253ca16c1d4591fdd0.ctex[39m[0m
[  83% ] [90m[1msavepack[22m | Storing File: res://assets/textures/coat_rough.jpg.import[39m[0m
[  83% ] [90m[1msavepack[22m | Storing File: res://.godot/imported/coat_normal.jpg-1f1351c11bc3111c536786f7992f3650.ctex[39m[0m
[  83% ] [90m[1msavepack[22m | Storing File: res://assets/textures/coat_normal.jpg.import[39m[0m
[  83% ] [90m[1msavepack[22m | Storing File: res://.godot/imported/coat_albedo.jpg-e2a5cab8d59e631ae6fa3c3cf97da459.ctex[39m[0m
[  83% ] [90m[1msavepack[22m | Storing File: res://assets/textures/coat_albedo.jpg.import[39m[0m
[  83% ] [90m[1msavepack[22m | Storing File: res://.godot/imported/acg_bark006_rough.jpg-2c805f8b8d0cb8bcf60bbbf32514369c.ctex[39m[0m
[  83% ] [90m[1msavepack[22m | Storing File: res://assets/textures/harvest/acg_bark006_rough.jpg.import[39m[0m
[  83% ] [90m[1msavepack[22m | Storing File: res://.godot/imported/abbott_wh_muzzle.png-895ba7e11a6bf73ead559cdb5b771827.ctex[39m[0m
[  83% ] [90m[1msavepack[22m | Storing File: res://assets/textures/abbott_wh_muzzle.png.import[39m[0m
[  83% ] [90m[1msavepack[22m | Storing File: res://.godot/imported/abbott_wh_light.png-24251e7fe0ba5f1b2d7f0f1e0533519a.ctex[39m[0m
[  83% ] [90m[1msavepack[22m | Storing File: res://assets/textures/abbott_wh_light.png.import[39m[0m
[  83% ] [90m[1msavepack[22m | Storing File: res://.godot/imported/abbott_wh_hoof.png-9f34ad3716371a19dfd9eeade5d85f51.ctex[39m[0m
[  83% ] [90m[1msavepack[22m | Storing File: res://assets/textures/abbott_wh_hoof.png.import[39m[0m
[  83% ] [90m[1msavepack[22m | Storing File: res://.godot/imported/abbott_wh_hair.png-082de892c7741262db13c39827e8e68a.ctex[39m[0m
[  83% ] [90m[1msavepack[22m | Storing File: res://assets/textures/abbott_wh_hair.png.import[39m[0m
[  83% ] [90m[1msavepack[22m | Storing File: res://.godot/imported/abbott_wh_eye_black.png-168e7ac12f7988b5149404ac7195c8fb.ctex[39m[0m
[  83% ] [90m[1msavepack[22m | Storing File: res://assets/textures/abbott_wh_eye_black.png.import[39m[0m
[  83% ] [90m[1msavepack[22m | Storing File: res://.godot/imported/abbott_wh_eye.png-3c8b945bad7eeaeabdff77566c1f0bbe.ctex[39m[0m
[  83% ] [90m[1msavepack[22m | Storing File: res://assets/textures/abbott_wh_eye.png.import[39m[0m
[  83% ] [90m[1msavepack[22m | Storing File: res://.godot/imported/abbott_wh_coat.png-5f7c0bb58621a002233c684691ac597a.ctex[39m[0m
[  83% ] [90m[1msavepack[22m | Storing File: res://assets/textures/abbott_wh_coat.png.import[39m[0m
[  83% ] [90m[1msavepack[22m | Storing File: res://.godot/imported/abbott_side_rgb.jpg-a80286388fcb22d3eb4c120de653b54a.ctex[39m[0m
[  83% ] [90m[1msavepack[22m | Storing File: res://assets/textures/abbott_side_rgb.jpg.import[39m[0m
[  83% ] [90m[1msavepack[22m | Storing File: res://.godot/imported/abbott_side.png-85d8eeaaa912f311918f91589b56d912.ctex[39m[0m
[  83% ] [90m[1msavepack[22m | Storing File: res://assets/textures/abbott_side.png.import[39m[0m
[  84% ] [90m[1msavepack[22m | Storing File: res://.godot/imported/abbott_shader_stall.jpg-a073e971bc1aa4282f9896907891029e.ctex[39m[0m
[  84% ] [90m[1msavepack[22m | Storing File: res://assets/textures/abbott_shader_stall.jpg.import[39m[0m
[  84% ] [90m[1msavepack[22m | Storing File: res://.godot/imported/abbott_shader_face.jpg-0e16d498ba362109a3e0b097972b03f5.ctex[39m[0m
[  84% ] [90m[1msavepack[22m | Storing File: res://assets/textures/abbott_shader_face.jpg.import[39m[0m
[  84% ] [90m[1msavepack[22m | Storing File: res://.godot/imported/abbott_shader_coat.jpg-3ce2066f29d2ae72a787a6351942a748.ctex[39m[0m
[  84% ] [90m[1msavepack[22m | Storing File: res://assets/textures/abbott_shader_coat.jpg.import[39m[0m
[  84% ] [90m[1msavepack[22m | Storing File: res://.godot/imported/abbott_front_rgb.jpg-54323f6beeb502026e92da79aebe9c92.ctex[39m[0m
[  84% ] [90m[1msavepack[22m | Storing File: res://assets/textures/abbott_front_rgb.jpg.import[39m[0m
[  84% ] [90m[1msavepack[22m | Storing File: res://.godot/imported/abbott_front.png-718a7cd4ce2bcf5910d4880cc105e178.ctex[39m[0m
[  84% ] [90m[1msavepack[22m | Storing File: res://assets/textures/abbott_front.png.import[39m[0m
[  84% ] [90m[1msavepack[22m | Storing File: res://.godot/imported/abbott_face_photo.jpg-54c2aa553c880e74514ab46a611b57d9.ctex[39m[0m
[  84% ] [90m[1msavepack[22m | Storing File: res://assets/textures/abbott_face_photo.jpg.import[39m[0m
[  84% ] [90m[1msavepack[22m | Storing File: res://.godot/imported/worn_planks_rough.jpg-db4c9532e494cf5aeaa1a958b27305bc.ctex[39m[0m
[  84% ] [90m[1msavepack[22m | Storing File: res://assets/textures/harvest/worn_planks_rough.jpg.import[39m[0m
[  84% ] [90m[1msavepack[22m | Storing File: res://.godot/imported/bark_brown_01_normal.jpg-71334c72e364a5681086f8c3d0f4ebc0.ctex[39m[0m
[  84% ] [90m[1msavepack[22m | Storing File: res://assets/textures/harvest/bark_brown_01_normal.jpg.import[39m[0m
[  84% ] [90m[1msavepack[22m | Storing File: res://.godot/imported/acg_planks012_normal.jpg-db930da15953f4ed2b27894cb093e48c.ctex[39m[0m
[  84% ] [90m[1msavepack[22m | Storing File: res://assets/textures/harvest/acg_planks012_normal.jpg.import[39m[0m
[  84% ] [90m[1msavepack[22m | Storing File: res://.godot/imported/sparse_grass_albedo.jpg-cade1a2f3e619f935f3dc5c599abaa8f.ctex[39m[0m
[  84% ] [90m[1msavepack[22m | Storing File: res://assets/textures/harvest/sparse_grass_albedo.jpg.import[39m[0m
[  84% ] [90m[1msavepack[22m | Storing File: res://.godot/imported/dark_planks_normal.jpg-116bc025a5b9f846be42fc8f5df47049.ctex[39m[0m
[  84% ] [90m[1msavepack[22m | Storing File: res://assets/textures/harvest/dark_planks_normal.jpg.import[39m[0m
[  84% ] [90m[1msavepack[22m | Storing File: res://.godot/imported/brown_mud_leaves_rough.jpg-cd35244f0bb44bd89edb439775af0e16.ctex[39m[0m
[  84% ] [90m[1msavepack[22m | Storing File: res://assets/textures/harvest/brown_mud_leaves_rough.jpg.import[39m[0m
[  84% ] [90m[1msavepack[22m | Storing File: res://.godot/imported/ground_grey_albedo.jpg-e7de534f4309ef4e9ef9abd46a637f15.ctex[39m[0m
[  84% ] [90m[1msavepack[22m | Storing File: res://assets/textures/harvest/ground_grey_albedo.jpg.import[39m[0m
[  84% ] [90m[1msavepack[22m | Storing File: res://.godot/imported/worn_planks_normal.jpg-da36bf90d4837affaeb1449896b47d42.ctex[39m[0m
[  84% ] [90m[1msavepack[22m | Storing File: res://assets/textures/harvest/worn_planks_normal.jpg.import[39m[0m
[  84% ] [90m[1msavepack[22m | Storing File: res://.godot/imported/gravel_rough.jpg-84fe0d4936d41a8627281b8ee4bfaa69.ctex[39m[0m
[  84% ] [90m[1msavepack[22m | Storing File: res://assets/textures/harvest/gravel_rough.jpg.import[39m[0m
[  84% ] [90m[1msavepack[22m | Storing File: res://.godot/imported/acg_bark007_albedo.jpg-b46de2b8739a3a89e6f4defbdadf3c8c.ctex[39m[0m
[  84% ] [90m[1msavepack[22m | Storing File: res://assets/textures/harvest/acg_bark007_albedo.jpg.import[39m[0m
[  84% ] [90m[1msavepack[22m | Storing File: res://.godot/imported/acg_metal001_albedo.jpg-dac22d606d925de04a725c21b2d0a638.ctex[39m[0m
[  84% ] [90m[1msavepack[22m | Storing File: res://assets/textures/harvest/acg_metal001_albedo.jpg.import[39m[0m
[  84% ] [90m[1msavepack[22m | Storing File: res://.godot/imported/acg_wood051_albedo.jpg-48abcb398b457158635d1cb3bc8d25a7.ctex[39m[0m
[  84% ] [90m[1msavepack[22m | Storing File: res://assets/textures/harvest/acg_wood051_albedo.jpg.import[39m[0m
[  84% ] [90m[1msavepack[22m | Storing File: res://.godot/imported/coated_pine_rough.jpg-d5be971b2a48a27023c060cb988cade3.ctex[39m[0m
[  84% ] [90m[1msavepack[22m | Storing File: res://assets/textures/harvest/coated_pine_rough.jpg.import[39m[0m
[  85% ] [90m[1msavepack[22m | Storing File: res://.godot/imported/acg_moss001_albedo.jpg-b296db0f9ab21e50ad8f638e02b0fc32.ctex[39m[0m
[  85% ] [90m[1msavepack[22m | Storing File: res://assets/textures/harvest/acg_moss001_albedo.jpg.import[39m[0m
[  85% ] [90m[1msavepack[22m | Storing File: res://.godot/imported/metal_plate_03_albedo.jpg-61d88c6e9cd5c3315addbb5c3902eae1.ctex[39m[0m
[  85% ] [90m[1msavepack[22m | Storing File: res://assets/textures/harvest/metal_plate_03_albedo.jpg.import[39m[0m
[  85% ] [90m[1msavepack[22m | Storing File: res://.godot/imported/baseball_playground_normal.jpg-f67459ae20ac68946f8b2ef5ab25fbbb.ctex[39m[0m
[  85% ] [90m[1msavepack[22m | Storing File: res://assets/textures/harvest/baseball_playground_normal.jpg.import[39m[0m
[  85% ] [90m[1msavepack[22m | Storing File: res://.godot/imported/fabric_leather_01_albedo.jpg-67840bc9aa9e77b6e444c489ea43770f.ctex[39m[0m
[  85% ] [90m[1msavepack[22m | Storing File: res://assets/textures/harvest/fabric_leather_01_albedo.jpg.import[39m[0m
[  85% ] [90m[1msavepack[22m | Storing File: res://.godot/imported/gravel_road_rough.jpg-255ed2cf7785afb2d710de57ec883e97.ctex[39m[0m
[  85% ] [90m[1msavepack[22m | Storing File: res://assets/textures/harvest/gravel_road_rough.jpg.import[39m[0m
[  85% ] [90m[1msavepack[22m | Storing File: res://.godot/imported/gravel_road_normal.jpg-b553b8078e011062ec8a3a8da2d5538d.ctex[39m[0m
[  85% ] [90m[1msavepack[22m | Storing File: res://assets/textures/harvest/gravel_road_normal.jpg.import[39m[0m
[  85% ] [90m[1msavepack[22m | Storing File: res://.godot/imported/forest_leaves_04_albedo.jpg-4532203e0b9b844bc1a4b49b9e457f3c.ctex[39m[0m
[  85% ] [90m[1msavepack[22m | Storing File: res://assets/textures/harvest/forest_leaves_04_albedo.jpg.import[39m[0m
[  85% ] [90m[1msavepack[22m | Storing File: res://.godot/imported/bark_willow_normal.jpg-c65f5c2c7007c4bb54829a4b41552a10.ctex[39m[0m
[  85% ] [90m[1msavepack[22m | Storing File: res://assets/textures/harvest/bark_willow_normal.jpg.import[39m[0m
[  85% ] [90m[1msavepack[22m | Storing File: res://.godot/imported/bark_willow_rough.jpg-a2f0994c7ff85d6960d43270457f3e7a.ctex[39m[0m
[  85% ] [90m[1msavepack[22m | Storing File: res://assets/textures/harvest/bark_willow_rough.jpg.import[39m[0m
[  85% ] [90m[1msavepack[22m | Storing File: res://.godot/imported/acg_leather011_normal.jpg-ef10f9178b29d8e057d4385e5c41da7c.ctex[39m[0m
[  85% ] [90m[1msavepack[22m | Storing File: res://assets/textures/harvest/acg_leather011_normal.jpg.import[39m[0m
[  85% ] [90m[1msavepack[22m | Storing File: res://.godot/imported/coated_pine_normal.jpg-d0e52c0d2f0779caa2ef587313311a33.ctex[39m[0m
[  85% ] [90m[1msavepack[22m | Storing File: res://assets/textures/harvest/coated_pine_normal.jpg.import[39m[0m
[  85% ] [90m[1msavepack[22m | Storing File: res://.godot/imported/worn_planks_albedo.jpg-18745ea69d7d32bdb1fbc120486b7663.ctex[39m[0m
[  85% ] [90m[1msavepack[22m | Storing File: res://assets/textures/harvest/worn_planks_albedo.jpg.import[39m[0m
[  85% ] [90m[1msavepack[22m | Storing File: res://.godot/imported/acg_bark007_normal.jpg-abf795d99346fab2fabec25c89b3e7ba.ctex[39m[0m
[  85% ] [90m[1msavepack[22m | Storing File: res://assets/textures/harvest/acg_bark007_normal.jpg.import[39m[0m
[  85% ] [90m[1msavepack[22m | Storing File: res://.godot/imported/poly_wool_herringbone_rough.jpg-bb3fd108ec9247043b6db6c4bcc7c9f6.ctex[39m[0m
[  85% ] [90m[1msavepack[22m | Storing File: res://assets/textures/harvest/poly_wool_herringbone_rough.jpg.import[39m[0m
[  85% ] [90m[1msavepack[22m | Storing File: res://.godot/imported/poly_wool_herringbone_normal.jpg-5c134e28c7c17a00ed0135cd8dc3d426.ctex[39m[0m
[  85% ] [90m[1msavepack[22m | Storing File: res://assets/textures/harvest/poly_wool_herringbone_normal.jpg.import[39m[0m
[  85% ] [90m[1msavepack[22m | Storing File: res://.godot/imported/poly_wool_herringbone_albedo.jpg-0f927d45969f94958d10422d75a18bda.ctex[39m[0m
[  85% ] [90m[1msavepack[22m | Storing File: res://assets/textures/harvest/poly_wool_herringbone_albedo.jpg.import[39m[0m
[  85% ] [90m[1msavepack[22m | Storing File: res://.godot/imported/worn_planks_02_rough.jpg-ec6d4a469f42ad1b048d8b882086b86f.ctex[39m[0m
[  85% ] [90m[1msavepack[22m | Storing File: res://assets/textures/harvest/worn_planks_02_rough.jpg.import[39m[0m
[  85% ] [90m[1msavepack[22m | Storing File: res://.godot/imported/sand_02_rough.jpg-1228f18510b3763e2143f5cea5ac5b3c.ctex[39m[0m
[  85% ] [90m[1msavepack[22m | Storing File: res://assets/textures/harvest/sand_02_rough.jpg.import[39m[0m
[  85% ] [90m[1msavepack[22m | Storing File: res://.godot/imported/sand_02_normal.jpg-cbac2f72fe577a5db66e12c9c48f3612.ctex[39m[0m
[  85% ] [90m[1msavepack[22m | Storing File: res://assets/textures/harvest/sand_02_normal.jpg.import[39m[0m
[  86% ] [90m[1msavepack[22m | Storing File: res://.godot/imported/sand_02_albedo.jpg-1fd0e16f7869b0ddb0c057e29a02ac2e.ctex[39m[0m
[  86% ] [90m[1msavepack[22m | Storing File: res://assets/textures/harvest/sand_02_albedo.jpg.import[39m[0m
[  86% ] [90m[1msavepack[22m | Storing File: res://.godot/imported/sand_01_rough.jpg-3ee334dc12e48f97dbb726929e54e1ce.ctex[39m[0m
[  86% ] [90m[1msavepack[22m | Storing File: res://assets/textures/harvest/sand_01_rough.jpg.import[39m[0m
[  86% ] [90m[1msavepack[22m | Storing File: res://.godot/imported/playground_sand_rough.jpg-561bd6716cd3a09c4faa0976d22bf749.ctex[39m[0m
[  86% ] [90m[1msavepack[22m | Storing File: res://assets/textures/harvest/playground_sand_rough.jpg.import[39m[0m
[  86% ] [90m[1msavepack[22m | Storing File: res://.godot/imported/acg_soil001_albedo.jpg-9e00820c29b5d961c13d61cbff838f81.ctex[39m[0m
[  86% ] [90m[1msavepack[22m | Storing File: res://assets/textures/harvest/acg_soil001_albedo.jpg.import[39m[0m
[  86% ] [90m[1msavepack[22m | Storing File: res://.godot/imported/dirt_floor_normal.jpg-e81ad4e2ee3d564842dd5d8e00023ff7.ctex[39m[0m
[  86% ] [90m[1msavepack[22m | Storing File: res://assets/textures/harvest/dirt_floor_normal.jpg.import[39m[0m
[  86% ] [90m[1msavepack[22m | Storing File: res://.godot/imported/bark_willow_albedo.jpg-33df3505a295982b2e76e4dce98fae0d.ctex[39m[0m
[  86% ] [90m[1msavepack[22m | Storing File: res://assets/textures/harvest/bark_willow_albedo.jpg.import[39m[0m
[  86% ] [90m[1msavepack[22m | Storing File: res://.godot/imported/aerial_grass_rock_normal.jpg-8cd3b24c93b2b19fa753c216d99c6ca0.ctex[39m[0m
[  86% ] [90m[1msavepack[22m | Storing File: res://assets/textures/harvest/aerial_grass_rock_normal.jpg.import[39m[0m
[  86% ] [90m[1msavepack[22m | Storing File: res://.godot/imported/aerial_grass_rock_rough.jpg-578ecc680bb960ead6b63761beb38423.ctex[39m[0m
[  86% ] [90m[1msavepack[22m | Storing File: res://assets/textures/harvest/aerial_grass_rock_rough.jpg.import[39m[0m
[  86% ] [90m[1msavepack[22m | Storing File: res://.godot/imported/sand_01_normal.jpg-78927d749b550c7cecac145ca00c9460.ctex[39m[0m
[  86% ] [90m[1msavepack[22m | Storing File: res://assets/textures/harvest/sand_01_normal.jpg.import[39m[0m
[  86% ] [90m[1msavepack[22m | Storing File: res://.godot/imported/dirt_floor_albedo.jpg-fcb4ff5b08e9413a2caa1da10abf307a.ctex[39m[0m
[  86% ] [90m[1msavepack[22m | Storing File: res://assets/textures/harvest/dirt_floor_albedo.jpg.import[39m[0m
[  86% ] [90m[1msavepack[22m | Storing File: res://.godot/imported/worn_planks_02_normal.jpg-aa7dca03295f10d10d4f8abd112ee4e4.ctex[39m[0m
[  86% ] [90m[1msavepack[22m | Storing File: res://assets/textures/harvest/worn_planks_02_normal.jpg.import[39m[0m
[  86% ] [90m[1msavepack[22m | Storing File: res://.godot/imported/playground_sand_normal.jpg-eccda692b37cc0988004e11457fed5ae.ctex[39m[0m
[  86% ] [90m[1msavepack[22m | Storing File: res://assets/textures/harvest/playground_sand_normal.jpg.import[39m[0m
[  86% ] [90m[1msavepack[22m | Storing File: res://.godot/imported/acg_metal001_normal.jpg-2ceffb0e5f75d2ece6b122622e37b602.ctex[39m[0m
[  86% ] [90m[1msavepack[22m | Storing File: res://assets/textures/harvest/acg_metal001_normal.jpg.import[39m[0m
[  86% ] [90m[1msavepack[22m | Storing File: res://.godot/imported/dirt_albedo.jpg-93d99e29ad39ac822063b4d48f36f77c.ctex[39m[0m
[  86% ] [90m[1msavepack[22m | Storing File: res://assets/textures/harvest/dirt_albedo.jpg.import[39m[0m
[  86% ] [90m[1msavepack[22m | Storing File: res://.godot/imported/forest_floor_02_rough.jpg-a9176aba2aa48bcd7a7f9003a257b0ba.ctex[39m[0m
[  86% ] [90m[1msavepack[22m | Storing File: res://assets/textures/harvest/forest_floor_02_rough.jpg.import[39m[0m
[  86% ] [90m[1msavepack[22m | Storing File: res://.godot/imported/forest_floor_02_normal.jpg-c5870b492a6021323232dfcb78e9c92e.ctex[39m[0m
[  86% ] [90m[1msavepack[22m | Storing File: res://assets/textures/harvest/forest_floor_02_normal.jpg.import[39m[0m
[  86% ] [90m[1msavepack[22m | Storing File: res://.godot/imported/acg_gravel020_albedo.jpg-8150e55846178157d383c86a0def9ee4.ctex[39m[0m
[  86% ] [90m[1msavepack[22m | Storing File: res://assets/textures/harvest/acg_gravel020_albedo.jpg.import[39m[0m
[  86% ] [90m[1msavepack[22m | Storing File: res://.godot/imported/worn_planks_02_albedo.jpg-35c7b6c4a30e30bb200bb1746394730b.ctex[39m[0m
[  86% ] [90m[1msavepack[22m | Storing File: res://assets/textures/harvest/worn_planks_02_albedo.jpg.import[39m[0m
[  86% ] [90m[1msavepack[22m | Storing File: res://.godot/imported/acg_bark007_rough.jpg-958ec8d1f9e71b1ecb07a29948e6e225.ctex[39m[0m
[  86% ] [90m[1msavepack[22m | Storing File: res://assets/textures/harvest/acg_bark007_rough.jpg.import[39m[0m
[  87% ] [90m[1msavepack[22m | Storing File: res://.godot/imported/forest_floor_02_albedo.jpg-ebfba747dfdf81263a025534fe077a4b.ctex[39m[0m
[  87% ] [90m[1msavepack[22m | Storing File: res://assets/textures/harvest/forest_floor_02_albedo.jpg.import[39m[0m
[  87% ] [90m[1msavepack[22m | Storing File: res://.godot/imported/acg_leather011_rough.jpg-2d33504b3c873c78ef216cde1b646521.ctex[39m[0m
[  87% ] [90m[1msavepack[22m | Storing File: res://assets/textures/harvest/acg_leather011_rough.jpg.import[39m[0m
[  87% ] [90m[1msavepack[22m | Storing File: res://.godot/imported/metal_plate_02_rough.jpg-0a5051102ad1acc8096e44cf5b678bde.ctex[39m[0m
[  87% ] [90m[1msavepack[22m | Storing File: res://assets/textures/harvest/metal_plate_02_rough.jpg.import[39m[0m
[  87% ] [90m[1msavepack[22m | Storing File: res://.godot/imported/metal_plate_02_normal.jpg-8b31a2c73e9fa23d4c472e5b935d8ed8.ctex[39m[0m
[  87% ] [90m[1msavepack[22m | Storing File: res://assets/textures/harvest/metal_plate_02_normal.jpg.import[39m[0m
[  87% ] [90m[1msavepack[22m | Storing File: res://.godot/imported/metal_plate_02_albedo.jpg-c23f74ac254b46c43b5f54c4df92778a.ctex[39m[0m
[  87% ] [90m[1msavepack[22m | Storing File: res://assets/textures/harvest/metal_plate_02_albedo.jpg.import[39m[0m
[  87% ] [90m[1msavepack[22m | Storing File: res://.godot/imported/leaves_forest_ground_rough.jpg-cd3a726ac1775500519d3ca99cf201cb.ctex[39m[0m
[  87% ] [90m[1msavepack[22m | Storing File: res://assets/textures/harvest/leaves_forest_ground_rough.jpg.import[39m[0m
[  87% ] [90m[1msavepack[22m | Storing File: res://.godot/imported/acg_bark012_albedo.jpg-6c28e387293fdcd58a6ce22af13d9115.ctex[39m[0m
[  87% ] [90m[1msavepack[22m | Storing File: res://assets/textures/harvest/acg_bark012_albedo.jpg.import[39m[0m
[  87% ] [90m[1msavepack[22m | Storing File: res://.godot/imported/gravel_road_albedo.jpg-886fdd0e0b96db3b58e87bcd24cdd54b.ctex[39m[0m
[  87% ] [90m[1msavepack[22m | Storing File: res://assets/textures/harvest/gravel_road_albedo.jpg.import[39m[0m
[  87% ] [90m[1msavepack[22m | Storing File: res://.godot/imported/flower_scattered_dirt_rough.jpg-8e9cde09d46fe553b4ff1de06ca728bd.ctex[39m[0m
[  87% ] [90m[1msavepack[22m | Storing File: res://assets/textures/harvest/flower_scattered_dirt_rough.jpg.import[39m[0m
[  87% ] [90m[1msavepack[22m | Storing File: res://.godot/imported/sand_01_albedo.jpg-01c475dcf4d3b7d4414df88eeb86155b.ctex[39m[0m
[  87% ] [90m[1msavepack[22m | Storing File: res://assets/textures/harvest/sand_01_albedo.jpg.import[39m[0m
[  87% ] [90m[1msavepack[22m | Storing File: res://.godot/imported/bark_platanus_rough.jpg-1b333c12b7be4818ea02dc21921db2ad.ctex[39m[0m
[  87% ] [90m[1msavepack[22m | Storing File: res://assets/textures/harvest/bark_platanus_rough.jpg.import[39m[0m
[  87% ] [90m[1msavepack[22m | Storing File: res://.godot/imported/acg_leather021_albedo.jpg-dfe9e3855775ba344be180d851255a80.ctex[39m[0m
[  87% ] [90m[1msavepack[22m | Storing File: res://assets/textures/harvest/acg_leather021_albedo.jpg.import[39m[0m
[  87% ] [90m[1msavepack[22m | Storing File: res://.godot/imported/acg_leather021_normal.jpg-2db55f848cca0cc6929d13bd628413ca.ctex[39m[0m
[  87% ] [90m[1msavepack[22m | Storing File: res://assets/textures/harvest/acg_leather021_normal.jpg.import[39m[0m
[  87% ] [90m[1msavepack[22m | Storing File: res://.godot/imported/wool_boucle_rough.jpg-51ca1489d41718b423d6d753eb685f51.ctex[39m[0m
[  87% ] [90m[1msavepack[22m | Storing File: res://assets/textures/harvest/wool_boucle_rough.jpg.import[39m[0m
[  87% ] [90m[1msavepack[22m | Storing File: res://.godot/imported/playground_sand_albedo.jpg-e9266127b391cc410b6963de1b08276d.ctex[39m[0m
[  87% ] [90m[1msavepack[22m | Storing File: res://assets/textures/harvest/playground_sand_albedo.jpg.import[39m[0m
[  87% ] [90m[1msavepack[22m | Storing File: res://.godot/imported/acg_leather021_rough.jpg-71e7e60adbde627404c3b8dd89cbcb30.ctex[39m[0m
[  87% ] [90m[1msavepack[22m | Storing File: res://assets/textures/harvest/acg_leather021_rough.jpg.import[39m[0m
[  87% ] [90m[1msavepack[22m | Storing File: res://.godot/imported/leaves_forest_ground_normal.jpg-e90c774d064529bf26941e0606aec946.ctex[39m[0m
[  87% ] [90m[1msavepack[22m | Storing File: res://assets/textures/harvest/leaves_forest_ground_normal.jpg.import[39m[0m
[  87% ] [90m[1msavepack[22m | Storing File: res://.godot/imported/wool_boucle_normal.jpg-b1a3b9d59a5acb3ec35a33dabd17cf5a.ctex[39m[0m
[  87% ] [90m[1msavepack[22m | Storing File: res://assets/textures/harvest/wool_boucle_normal.jpg.import[39m[0m
[  87% ] [90m[1msavepack[22m | Storing File: res://.godot/imported/sandy_gravel_rough.jpg-010fe03af92161eebde3c0ca6f785c03.ctex[39m[0m
[  87% ] [90m[1msavepack[22m | Storing File: res://assets/textures/harvest/sandy_gravel_rough.jpg.import[39m[0m
[  88% ] [90m[1msavepack[22m | Storing File: res://.godot/imported/sandy_gravel_normal.jpg-944a7617befa2ff8e5523fb79afa03f9.ctex[39m[0m
[  88% ] [90m[1msavepack[22m | Storing File: res://assets/textures/harvest/sandy_gravel_normal.jpg.import[39m[0m
[  88% ] [90m[1msavepack[22m | Storing File: res://.godot/imported/bark_willow_02_albedo.jpg-e7e54a051fde9720695d675e72593982.ctex[39m[0m
[  88% ] [90m[1msavepack[22m | Storing File: res://assets/textures/harvest/bark_willow_02_albedo.jpg.import[39m[0m
[  88% ] [90m[1msavepack[22m | Storing File: res://.godot/imported/pine_bark_rough.jpg-34c6b51cf5429020b54a75b46f210940.ctex[39m[0m
[  88% ] [90m[1msavepack[22m | Storing File: res://assets/textures/harvest/pine_bark_rough.jpg.import[39m[0m
[  88% ] [90m[1msavepack[22m | Storing File: res://.godot/imported/bark_willow_02_normal.jpg-b782ad37ca9fc3a17e3246007fefcde5.ctex[39m[0m
[  88% ] [90m[1msavepack[22m | Storing File: res://assets/textures/harvest/bark_willow_02_normal.jpg.import[39m[0m
[  88% ] [90m[1msavepack[22m | Storing File: res://.godot/imported/bark_willow_02_rough.jpg-cd734b338b263f9a103ad6192c039818.ctex[39m[0m
[  88% ] [90m[1msavepack[22m | Storing File: res://assets/textures/harvest/bark_willow_02_rough.jpg.import[39m[0m
[  88% ] [90m[1msavepack[22m | Storing File: res://.godot/imported/wool_boucle_albedo.jpg-91a45770ee7b6591a69e3aa5e00185a1.ctex[39m[0m
[  88% ] [90m[1msavepack[22m | Storing File: res://assets/textures/harvest/wool_boucle_albedo.jpg.import[39m[0m
[  88% ] [90m[1msavepack[22m | Storing File: res://.godot/imported/brown_leather_rough.jpg-863b97eae4069c599943e938f29b71c8.ctex[39m[0m
[  88% ] [90m[1msavepack[22m | Storing File: res://assets/textures/harvest/brown_leather_rough.jpg.import[39m[0m
[  88% ] [90m[1msavepack[22m | Storing File: res://.godot/imported/gravel_normal.jpg-f519429b794d8306da423a2dea33f69b.ctex[39m[0m
[  88% ] [90m[1msavepack[22m | Storing File: res://assets/textures/harvest/gravel_normal.jpg.import[39m[0m
[  88% ] [90m[1msavepack[22m | Storing File: res://.godot/imported/coated_pine_albedo.jpg-921fba661e4feb799b52a6ff09f30a2e.ctex[39m[0m
[  88% ] [90m[1msavepack[22m | Storing File: res://assets/textures/harvest/coated_pine_albedo.jpg.import[39m[0m
[  88% ] [90m[1msavepack[22m | Storing File: res://.godot/imported/flower_scattered_dirt_normal.jpg-173d888474cc1edcb5dc3993cfc9f307.ctex[39m[0m
[  88% ] [90m[1msavepack[22m | Storing File: res://assets/textures/harvest/flower_scattered_dirt_normal.jpg.import[39m[0m
[  88% ] [90m[1msavepack[22m | Storing File: res://.godot/imported/forest_leaves_03_rough.jpg-520c68ff75c1f14ea1e2a0db8a3bf20f.ctex[39m[0m
[  88% ] [90m[1msavepack[22m | Storing File: res://assets/textures/harvest/forest_leaves_03_rough.jpg.import[39m[0m
[  88% ] [90m[1msavepack[22m | Storing File: res://.godot/imported/forest_leaves_03_normal.jpg-eaa51c297a50271bb0dcaf8ebc6c8c16.ctex[39m[0m
[  88% ] [90m[1msavepack[22m | Storing File: res://assets/textures/harvest/forest_leaves_03_normal.jpg.import[39m[0m
[  88% ] [90m[1msavepack[22m | Storing File: res://.godot/imported/forest_leaves_03_albedo.jpg-d15473482b51c220bbcebb8d6f7fdc98.ctex[39m[0m
[  88% ] [90m[1msavepack[22m | Storing File: res://assets/textures/harvest/forest_leaves_03_albedo.jpg.import[39m[0m
[  88% ] [90m[1msavepack[22m | Storing File: res://.godot/imported/forest_leaves_02_rough.jpg-9609ef5ecd8198dd3141eb7f889cea6d.ctex[39m[0m
[  88% ] [90m[1msavepack[22m | Storing File: res://assets/textures/harvest/forest_leaves_02_rough.jpg.import[39m[0m
[  88% ] [90m[1msavepack[22m | Storing File: res://.godot/imported/denim_fabric_skip_rough.jpg-8e2d53c986725ac33640602afe34f0a7.ctex[39m[0m
[  88% ] [90m[1msavepack[22m | Storing File: res://assets/textures/harvest/denim_fabric_skip_rough.jpg.import[39m[0m
[  88% ] [90m[1msavepack[22m | Storing File: res://.godot/imported/denim_fabric_skip_normal.jpg-8b33cc9d55ff5ffd4ae33655c7c90d46.ctex[39m[0m
[  88% ] [90m[1msavepack[22m | Storing File: res://assets/textures/harvest/denim_fabric_skip_normal.jpg.import[39m[0m
[  88% ] [90m[1msavepack[22m | Storing File: res://.godot/imported/pine_bark_normal.jpg-be8dc7fcc9de9f94af0eb45563fc29b7.ctex[39m[0m
[  88% ] [90m[1msavepack[22m | Storing File: res://assets/textures/harvest/pine_bark_normal.jpg.import[39m[0m
[  88% ] [90m[1msavepack[22m | Storing File: res://.godot/imported/sandy_gravel_albedo.jpg-ee2c736b88540fc74f63dcd579a0f8c8.ctex[39m[0m
[  88% ] [90m[1msavepack[22m | Storing File: res://assets/textures/harvest/sandy_gravel_albedo.jpg.import[39m[0m
[  88% ] [90m[1msavepack[22m | Storing File: res://.godot/imported/acg_bark012_normal.jpg-d2f7ba90c4ebb2317fe9194406b86316.ctex[39m[0m
[  88% ] [90m[1msavepack[22m | Storing File: res://assets/textures/harvest/acg_bark012_normal.jpg.import[39m[0m
[  89% ] [90m[1msavepack[22m | Storing File: res://.godot/imported/acg_planks012_rough.jpg-8b121312dbbd55806316ffda7b7178c0.ctex[39m[0m
[  89% ] [90m[1msavepack[22m | Storing File: res://assets/textures/harvest/acg_planks012_rough.jpg.import[39m[0m
[  89% ] [90m[1msavepack[22m | Storing File: res://.godot/imported/acg_gravel020_normal.jpg-8e77e5a610a2cb3e3222713b2c996bea.ctex[39m[0m
[  89% ] [90m[1msavepack[22m | Storing File: res://assets/textures/harvest/acg_gravel020_normal.jpg.import[39m[0m
[  89% ] [90m[1msavepack[22m | Storing File: res://.godot/imported/dark_planks_albedo.jpg-8152fbae00956b57c5a1b158b2fa8489.ctex[39m[0m
[  89% ] [90m[1msavepack[22m | Storing File: res://assets/textures/harvest/dark_planks_albedo.jpg.import[39m[0m
[  89% ] [90m[1msavepack[22m | Storing File: res://.godot/imported/rusty_metal_rough.jpg-ce59ee65b2cc3b043c8de7aa71b2183a.ctex[39m[0m
[  89% ] [90m[1msavepack[22m | Storing File: res://assets/textures/harvest/rusty_metal_rough.jpg.import[39m[0m
[  89% ] [90m[1msavepack[22m | Storing File: res://.godot/imported/leaves_forest_ground_albedo.jpg-8c62e5326c7a5cef2d6c227e68066ca1.ctex[39m[0m
[  89% ] [90m[1msavepack[22m | Storing File: res://assets/textures/harvest/leaves_forest_ground_albedo.jpg.import[39m[0m
[  89% ] [90m[1msavepack[22m | Storing File: res://.godot/imported/acg_soil001_normal.jpg-9fbda5728765e0140be9dd5f0406a1b6.ctex[39m[0m
[  89% ] [90m[1msavepack[22m | Storing File: res://assets/textures/harvest/acg_soil001_normal.jpg.import[39m[0m
[  89% ] [90m[1msavepack[22m | Storing File: res://.godot/imported/acg_gravel020_rough.jpg-ab4c406121f311a74b8294ce0ef601cc.ctex[39m[0m
[  89% ] [90m[1msavepack[22m | Storing File: res://assets/textures/harvest/acg_gravel020_rough.jpg.import[39m[0m
[  89% ] [90m[1msavepack[22m | Storing File: res://.godot/imported/acg_soil001_rough.jpg-5b503992b9a15c13cc8a8383c33126cd.ctex[39m[0m
[  89% ] [90m[1msavepack[22m | Storing File: res://assets/textures/harvest/acg_soil001_rough.jpg.import[39m[0m
[  89% ] [90m[1msavepack[22m | Storing File: res://.godot/imported/forest_leaves_02_normal.jpg-5ab039834e65ffdbaac9560ddbfe7f56.ctex[39m[0m
[  89% ] [90m[1msavepack[22m | Storing File: res://assets/textures/harvest/forest_leaves_02_normal.jpg.import[39m[0m
[  89% ] [90m[1msavepack[22m | Storing File: res://.godot/imported/wood_table_rough.jpg-16517c5c23d37ff3761800855a32b292.ctex[39m[0m
[  89% ] [90m[1msavepack[22m | Storing File: res://assets/textures/harvest/wood_table_rough.jpg.import[39m[0m
[  89% ] [90m[1msavepack[22m | Storing File: res://.godot/imported/wood_table_normal.jpg-04b6f735fbdd56dd1a61a36a98afdbbe.ctex[39m[0m
[  89% ] [90m[1msavepack[22m | Storing File: res://assets/textures/harvest/wood_table_normal.jpg.import[39m[0m
[  89% ] [90m[1msavepack[22m | Storing File: res://.godot/imported/wood_table_albedo.jpg-aed6c9c240a4c1399877322f1ee85d75.ctex[39m[0m
[  89% ] [90m[1msavepack[22m | Storing File: res://assets/textures/harvest/wood_table_albedo.jpg.import[39m[0m
[  89% ] [90m[1msavepack[22m | Storing File: res://.godot/imported/acg_bark012_rough.jpg-c928bf8da918b31ee6d4b81abd8f848e.ctex[39m[0m
[  89% ] [90m[1msavepack[22m | Storing File: res://assets/textures/harvest/acg_bark012_rough.jpg.import[39m[0m
[  89% ] [90m[1msavepack[22m | Storing File: res://.godot/imported/wood_planks_rough.jpg-73e11d9d9f0faca1551478552db2c7f5.ctex[39m[0m
[  89% ] [90m[1msavepack[22m | Storing File: res://assets/textures/harvest/wood_planks_rough.jpg.import[39m[0m
[  89% ] [90m[1msavepack[22m | Storing File: res://.godot/imported/pine_bark_albedo.jpg-2720db299c3647dc99aa5df1722ecaed.ctex[39m[0m
[  89% ] [90m[1msavepack[22m | Storing File: res://assets/textures/harvest/pine_bark_albedo.jpg.import[39m[0m
[  89% ] [90m[1msavepack[22m | Storing File: res://.godot/imported/leather_white_rough.jpg-21e6ba44ccb58d1a16653b532132ee32.ctex[39m[0m
[  89% ] [90m[1msavepack[22m | Storing File: res://assets/textures/harvest/leather_white_rough.jpg.import[39m[0m
[  89% ] [90m[1msavepack[22m | Storing File: res://.godot/imported/acg_fabric001_albedo.jpg-66ed63d8c154cf28b1ebce4289f08818.ctex[39m[0m
[  89% ] [90m[1msavepack[22m | Storing File: res://assets/textures/harvest/acg_fabric001_albedo.jpg.import[39m[0m
[  89% ] [90m[1msavepack[22m | Storing File: res://.godot/imported/acg_fabric001_normal.jpg-706843ed8eda566dc9be982f22c1da29.ctex[39m[0m
[  89% ] [90m[1msavepack[22m | Storing File: res://assets/textures/harvest/acg_fabric001_normal.jpg.import[39m[0m
[  89% ] [90m[1msavepack[22m | Storing File: res://.godot/imported/acg_fabric001_rough.jpg-ca61eca88e460909c72bf6d268c1b0f0.ctex[39m[0m
[  89% ] [90m[1msavepack[22m | Storing File: res://assets/textures/harvest/acg_fabric001_rough.jpg.import[39m[0m
[  90% ] [90m[1msavepack[22m | Storing File: res://.godot/imported/dry_ground_01_rough.jpg-d141ec66f0681768503074d168702c93.ctex[39m[0m
[  90% ] [90m[1msavepack[22m | Storing File: res://assets/textures/harvest/dry_ground_01_rough.jpg.import[39m[0m
[  90% ] [90m[1msavepack[22m | Storing File: res://.godot/imported/acg_metal001_rough.jpg-064a99b64d0677025bcea328c67b73ad.ctex[39m[0m
[  90% ] [90m[1msavepack[22m | Storing File: res://assets/textures/harvest/acg_metal001_rough.jpg.import[39m[0m
[  90% ] [90m[1msavepack[22m | Storing File: res://.godot/imported/acg_moss001_normal.jpg-abfd6384f76471a10781eb6fe3d37e28.ctex[39m[0m
[  90% ] [90m[1msavepack[22m | Storing File: res://assets/textures/harvest/acg_moss001_normal.jpg.import[39m[0m
[  90% ] [90m[1msavepack[22m | Storing File: res://.godot/imported/dry_ground_01_normal.jpg-cf6e63ac51870a185a24e65a0b0b24a7.ctex[39m[0m
[  90% ] [90m[1msavepack[22m | Storing File: res://assets/textures/harvest/dry_ground_01_normal.jpg.import[39m[0m
[  90% ] [90m[1msavepack[22m | Storing File: res://.godot/imported/wood_planks_normal.jpg-dacfff3a72c0191579ebadbf2ff14a46.ctex[39m[0m
[  90% ] [90m[1msavepack[22m | Storing File: res://assets/textures/harvest/wood_planks_normal.jpg.import[39m[0m
[  90% ] [90m[1msavepack[22m | Storing File: res://.godot/imported/dry_ground_01_albedo.jpg-ee128da00eff56aad58e3ff8317b5616.ctex[39m[0m
[  90% ] [90m[1msavepack[22m | Storing File: res://assets/textures/harvest/dry_ground_01_albedo.jpg.import[39m[0m
[  90% ] [90m[1msavepack[22m | Storing File: res://.godot/imported/rusty_metal_normal.jpg-74b4f42cb4515efcc348bf1738a2cd05.ctex[39m[0m
[  90% ] [90m[1msavepack[22m | Storing File: res://assets/textures/harvest/rusty_metal_normal.jpg.import[39m[0m
[  90% ] [90m[1msavepack[22m | Storing File: res://.godot/imported/acg_planks013_albedo.jpg-7809a05ad56d4ca0b0acd613c5451a24.ctex[39m[0m
[  90% ] [90m[1msavepack[22m | Storing File: res://assets/textures/harvest/acg_planks013_albedo.jpg.import[39m[0m
[  90% ] [90m[1msavepack[22m | Storing File: res://.godot/imported/acg_moss001_rough.jpg-eafd13117fdd355d9b84d9789a652b7b.ctex[39m[0m
[  90% ] [90m[1msavepack[22m | Storing File: res://assets/textures/harvest/acg_moss001_rough.jpg.import[39m[0m
[  90% ] [90m[1msavepack[22m | Storing File: res://.godot/imported/distressed_painted_planks_rough.jpg-2530d437b785b41e47bcad40cb142cce.ctex[39m[0m
[  90% ] [90m[1msavepack[22m | Storing File: res://assets/textures/harvest/distressed_painted_planks_rough.jpg.import[39m[0m
[  90% ] [90m[1msavepack[22m | Storing File: res://.godot/imported/acg_gravel023_albedo.jpg-8f0fd4cde76519a327547dcd4ba1d785.ctex[39m[0m
[  90% ] [90m[1msavepack[22m | Storing File: res://assets/textures/harvest/acg_gravel023_albedo.jpg.import[39m[0m
[  90% ] [90m[1msavepack[22m | Storing File: res://.godot/imported/acg_metal009_albedo.jpg-70aa57d47f76b33ba76cf958405ae14b.ctex[39m[0m
[  90% ] [90m[1msavepack[22m | Storing File: res://assets/textures/harvest/acg_metal009_albedo.jpg.import[39m[0m
[  90% ] [90m[1msavepack[22m | Storing File: res://.godot/imported/acg_wood051_normal.jpg-43bf6609545a1273947d09924fce71db.ctex[39m[0m
[  90% ] [90m[1msavepack[22m | Storing File: res://assets/textures/harvest/acg_wood051_normal.jpg.import[39m[0m
[  90% ] [90m[1msavepack[22m | Storing File: res://.godot/imported/rusty_metal_albedo.jpg-074e6b1f3b9f7b4e13b4bb1896d6aefc.ctex[39m[0m
[  90% ] [90m[1msavepack[22m | Storing File: res://assets/textures/harvest/rusty_metal_albedo.jpg.import[39m[0m
[  90% ] [90m[1msavepack[22m | Storing File: res://.godot/imported/bark_bluegum_albedo.jpg-12de5f7aed0e36c2b0dca80f6b618c84.ctex[39m[0m
[  90% ] [90m[1msavepack[22m | Storing File: res://assets/textures/harvest/bark_bluegum_albedo.jpg.import[39m[0m
[  90% ] [90m[1msavepack[22m | Storing File: res://.godot/imported/pebbles_rough.jpg-196e11caa20233b413221836eb9ae506.ctex[39m[0m
[  90% ] [90m[1msavepack[22m | Storing File: res://assets/textures/harvest/pebbles_rough.jpg.import[39m[0m
[  90% ] [90m[1msavepack[22m | Storing File: res://.godot/imported/brown_mud_03_rough.jpg-0eede0d6144c82d741a09d7d0fb8f813.ctex[39m[0m
[  90% ] [90m[1msavepack[22m | Storing File: res://assets/textures/harvest/brown_mud_03_rough.jpg.import[39m[0m
[  90% ] [90m[1msavepack[22m | Storing File: res://.godot/imported/leather_white_normal.jpg-3478201526527edf5e3221d0a800a8b9.ctex[39m[0m
[  90% ] [90m[1msavepack[22m | Storing File: res://assets/textures/harvest/leather_white_normal.jpg.import[39m[0m
[  90% ] [90m[1msavepack[22m | Storing File: res://.godot/imported/bicolour_gravel_normal.jpg-7c835ff68ba8190073716a79439d8b38.ctex[39m[0m
[  90% ] [90m[1msavepack[22m | Storing File: res://assets/textures/harvest/bicolour_gravel_normal.jpg.import[39m[0m
[  91% ] [90m[1msavepack[22m | Storing File: res://.godot/imported/pebbles_normal.jpg-b6b680ef270ba81b73ef8da819f18ca6.ctex[39m[0m
[  91% ] [90m[1msavepack[22m | Storing File: res://assets/textures/harvest/pebbles_normal.jpg.import[39m[0m
[  91% ] [90m[1msavepack[22m | Storing File: res://.godot/imported/wood_planks_albedo.jpg-ab039f26cd509edb773d72fd2c4022bc.ctex[39m[0m
[  91% ] [90m[1msavepack[22m | Storing File: res://assets/textures/harvest/wood_planks_albedo.jpg.import[39m[0m
[  91% ] [90m[1msavepack[22m | Storing File: res://.godot/imported/flower_scattered_dirt_albedo.jpg-86bd307bf0c13f7e1ca92013c1044d68.ctex[39m[0m
[  91% ] [90m[1msavepack[22m | Storing File: res://assets/textures/harvest/flower_scattered_dirt_albedo.jpg.import[39m[0m
[  91% ] [90m[1msavepack[22m | Storing File: res://.godot/imported/gravel_floor_rough.jpg-28b1ca7a2be1b009d4322af1a06f9f11.ctex[39m[0m
[  91% ] [90m[1msavepack[22m | Storing File: res://assets/textures/harvest/gravel_floor_rough.jpg.import[39m[0m
[  91% ] [90m[1msavepack[22m | Storing File: res://.godot/imported/gravel_floor_normal.jpg-085816af3968dcf9b1193ef6e2913ff0.ctex[39m[0m
[  91% ] [90m[1msavepack[22m | Storing File: res://assets/textures/harvest/gravel_floor_normal.jpg.import[39m[0m
[  91% ] [90m[1msavepack[22m | Storing File: res://.godot/imported/wood_floor_deck_rough.jpg-10ba43590c0e8d3c1399094a690cc64b.ctex[39m[0m
[  91% ] [90m[1msavepack[22m | Storing File: res://assets/textures/harvest/wood_floor_deck_rough.jpg.import[39m[0m
[  91% ] [90m[1msavepack[22m | Storing File: res://.godot/imported/damp_sand_rough.jpg-136ecc45de848b5bde2ba0e9523d9138.ctex[39m[0m
[  91% ] [90m[1msavepack[22m | Storing File: res://assets/textures/harvest/damp_sand_rough.jpg.import[39m[0m
[  91% ] [90m[1msavepack[22m | Storing File: res://.godot/imported/bark_brown_01_rough.jpg-c8c2da0bec0e526748c757e61225d2e4.ctex[39m[0m
[  91% ] [90m[1msavepack[22m | Storing File: res://assets/textures/harvest/bark_brown_01_rough.jpg.import[39m[0m
[  91% ] [90m[1msavepack[22m | Storing File: res://.godot/imported/leather_white_albedo.jpg-80940de38093ee3e076c457a2161234f.ctex[39m[0m
[  91% ] [90m[1msavepack[22m | Storing File: res://assets/textures/harvest/leather_white_albedo.jpg.import[39m[0m
[  91% ] [90m[1msavepack[22m | Storing File: res://.godot/imported/rusty_metal_04_rough.jpg-6f851068f44cf25ea81abf43643b218e.ctex[39m[0m
[  91% ] [90m[1msavepack[22m | Storing File: res://assets/textures/harvest/rusty_metal_04_rough.jpg.import[39m[0m
[  91% ] [90m[1msavepack[22m | Storing File: res://.godot/imported/pebbles_albedo.jpg-63a240f0c56a470c5e5e4b711549c92c.ctex[39m[0m
[  91% ] [90m[1msavepack[22m | Storing File: res://assets/textures/harvest/pebbles_albedo.jpg.import[39m[0m
[  91% ] [90m[1msavepack[22m | Storing File: res://.godot/imported/acg_gravel023_normal.jpg-0c965ecb3e03f032ffbffc200fdd2719.ctex[39m[0m
[  91% ] [90m[1msavepack[22m | Storing File: res://assets/textures/harvest/acg_gravel023_normal.jpg.import[39m[0m
[  91% ] [90m[1msavepack[22m | Storing File: res://.godot/imported/distressed_painted_planks_normal.jpg-ea161ef6932cab6cd6f7e345b4bac86c.ctex[39m[0m
[  91% ] [90m[1msavepack[22m | Storing File: res://assets/textures/harvest/distressed_painted_planks_normal.jpg.import[39m[0m
[  91% ] [90m[1msavepack[22m | Storing File: res://.godot/imported/rusty_metal_04_normal.jpg-30df1e5f77d8c4c8cc4f6ea0cbc4392f.ctex[39m[0m
[  91% ] [90m[1msavepack[22m | Storing File: res://assets/textures/harvest/rusty_metal_04_normal.jpg.import[39m[0m
[  91% ] [90m[1msavepack[22m | Storing File: res://.godot/imported/forest_leaves_02_albedo.jpg-86a657f5e3adf95792315a1e5f3c36c2.ctex[39m[0m
[  91% ] [90m[1msavepack[22m | Storing File: res://assets/textures/harvest/forest_leaves_02_albedo.jpg.import[39m[0m
[  91% ] [90m[1msavepack[22m | Storing File: res://.godot/imported/farm_soil_rough.jpg-8057661d6ebddb136d2f264da0d891f7.ctex[39m[0m
[  91% ] [90m[1msavepack[22m | Storing File: res://assets/textures/harvest/farm_soil_rough.jpg.import[39m[0m
[  91% ] [90m[1msavepack[22m | Storing File: res://.godot/imported/acg_wood001_albedo.jpg-eb75e830554cd92e6509ab8370c876a1.ctex[39m[0m
[  91% ] [90m[1msavepack[22m | Storing File: res://assets/textures/harvest/acg_wood001_albedo.jpg.import[39m[0m
[  91% ] [90m[1msavepack[22m | Storing File: res://.godot/imported/gravel_floor_albedo.jpg-aec3a1934a5d143c1a331e702cb69292.ctex[39m[0m
[  91% ] [90m[1msavepack[22m | Storing File: res://assets/textures/harvest/gravel_floor_albedo.jpg.import[39m[0m
[  91% ] [90m[1msavepack[22m | Storing File: res://.godot/imported/wood_floor_deck_normal.jpg-596374e174c41ccb9795de90b5ba53b3.ctex[39m[0m
[  91% ] [90m[1msavepack[22m | Storing File: res://assets/textures/harvest/wood_floor_deck_normal.jpg.import[39m[0m
[  92% ] [90m[1msavepack[22m | Storing File: res://.godot/imported/baseball_playground_rough.jpg-22294b228adcacb0fd6bd24fedffaa42.ctex[39m[0m
[  92% ] [90m[1msavepack[22m | Storing File: res://assets/textures/harvest/baseball_playground_rough.jpg.import[39m[0m
[  92% ] [90m[1msavepack[22m | Storing File: res://.godot/imported/acg_gravel023_rough.jpg-ea09f87ec86b09dd80cb8885492634f8.ctex[39m[0m
[  92% ] [90m[1msavepack[22m | Storing File: res://assets/textures/harvest/acg_gravel023_rough.jpg.import[39m[0m
[  92% ] [90m[1msavepack[22m | Storing File: res://.godot/imported/rusty_metal_04_albedo.jpg-823e730492c55ea17d02f14023f41f12.ctex[39m[0m
[  92% ] [90m[1msavepack[22m | Storing File: res://assets/textures/harvest/rusty_metal_04_albedo.jpg.import[39m[0m
[  92% ] [90m[1msavepack[22m | Storing File: res://.godot/imported/park_sand_rough.jpg-1361e5ba383c0a88ae1d90f6265b2d86.ctex[39m[0m
[  92% ] [90m[1msavepack[22m | Storing File: res://assets/textures/harvest/park_sand_rough.jpg.import[39m[0m
[  92% ] [90m[1msavepack[22m | Storing File: res://.godot/imported/park_sand_normal.jpg-53b244ad66b194b120bda34c49285382.ctex[39m[0m
[  92% ] [90m[1msavepack[22m | Storing File: res://assets/textures/harvest/park_sand_normal.jpg.import[39m[0m
[  92% ] [90m[1msavepack[22m | Storing File: res://.godot/imported/forest_ground_05_rough.jpg-b3515c6df705517ca9d1041dcc4c7d46.ctex[39m[0m
[  92% ] [90m[1msavepack[22m | Storing File: res://assets/textures/harvest/forest_ground_05_rough.jpg.import[39m[0m
[  92% ] [90m[1msavepack[22m | Storing File: res://.godot/imported/wood_floor_deck_albedo.jpg-e7824ac6b398967f993a88284dc97d6c.ctex[39m[0m
[  92% ] [90m[1msavepack[22m | Storing File: res://assets/textures/harvest/wood_floor_deck_albedo.jpg.import[39m[0m
[  92% ] [90m[1msavepack[22m | Storing File: res://.godot/imported/acg_fabric004_albedo.jpg-6d384a7139017048a4e8757a719fc6f1.ctex[39m[0m
[  92% ] [90m[1msavepack[22m | Storing File: res://assets/textures/harvest/acg_fabric004_albedo.jpg.import[39m[0m
[  92% ] [90m[1msavepack[22m | Storing File: res://.godot/imported/acg_pine_needles001_albedo.jpg-dafa4891982a7701ec2545bdb7ea095b.ctex[39m[0m
[  92% ] [90m[1msavepack[22m | Storing File: res://assets/textures/harvest/acg_pine_needles001_albedo.jpg.import[39m[0m
[  92% ] [90m[1msavepack[22m | Storing File: res://.godot/imported/gravel_albedo.jpg-5e00aeb9a101a7723c5d41568046334b.ctex[39m[0m
[  92% ] [90m[1msavepack[22m | Storing File: res://assets/textures/harvest/gravel_albedo.jpg.import[39m[0m
[  92% ] [90m[1msavepack[22m | Storing File: res://.godot/imported/acg_leather038_albedo.jpg-75ada579fac4b3f106115bcd62ebd8ef.ctex[39m[0m
[  92% ] [90m[1msavepack[22m | Storing File: res://assets/textures/harvest/acg_leather038_albedo.jpg.import[39m[0m
[  92% ] [90m[1msavepack[22m | Storing File: res://.godot/imported/rusty_metal_03_rough.jpg-398ff474ead3ee0a70f1fb1d873adcbd.ctex[39m[0m
[  92% ] [90m[1msavepack[22m | Storing File: res://assets/textures/harvest/rusty_metal_03_rough.jpg.import[39m[0m
[  92% ] [90m[1msavepack[22m | Storing File: res://.godot/imported/rusty_metal_03_normal.jpg-b0e8fa2169381b555921215e05a25180.ctex[39m[0m
[  92% ] [90m[1msavepack[22m | Storing File: res://assets/textures/harvest/rusty_metal_03_normal.jpg.import[39m[0m
[  92% ] [90m[1msavepack[22m | Storing File: res://.godot/imported/acg_wood051_rough.jpg-274a1d7517f62ba0fd4566b3f04a0ae0.ctex[39m[0m
[  92% ] [90m[1msavepack[22m | Storing File: res://assets/textures/harvest/acg_wood051_rough.jpg.import[39m[0m
[  92% ] [90m[1msavepack[22m | Storing File: res://.godot/imported/acg_woodchips001_albedo.jpg-59489345ac0ff78e6460eda8adc83154.ctex[39m[0m
[  92% ] [90m[1msavepack[22m | Storing File: res://assets/textures/harvest/acg_woodchips001_albedo.jpg.import[39m[0m
[  92% ] [90m[1msavepack[22m | Storing File: res://.godot/imported/leather_red_02_rough.jpg-1d1cc2665144eecb5efa6c30b3807a06.ctex[39m[0m
[  92% ] [90m[1msavepack[22m | Storing File: res://assets/textures/harvest/leather_red_02_rough.jpg.import[39m[0m
[  92% ] [90m[1msavepack[22m | Storing File: res://.godot/imported/acg_woodchips001_normal.jpg-9f3a293963033b053a061c2506fede71.ctex[39m[0m
[  92% ] [90m[1msavepack[22m | Storing File: res://assets/textures/harvest/acg_woodchips001_normal.jpg.import[39m[0m
[  92% ] [90m[1msavepack[22m | Storing File: res://.godot/imported/acg_woodchips001_rough.jpg-dafa03f8689ef0c8edee039c766b2574.ctex[39m[0m
[  92% ] [90m[1msavepack[22m | Storing File: res://assets/textures/harvest/acg_woodchips001_rough.jpg.import[39m[0m
[  92% ] [90m[1msavepack[22m | Storing File: res://.godot/imported/brown_mud_leaves_albedo.jpg-42be19aaadfbecf674a64b040abfa14d.ctex[39m[0m
[  92% ] [90m[1msavepack[22m | Storing File: res://assets/textures/harvest/brown_mud_leaves_albedo.jpg.import[39m[0m
[  93% ] [90m[1msavepack[22m | Storing File: res://.godot/imported/leather_red_02_normal.jpg-33e014c2aaf4c5817992c1e9991c5477.ctex[39m[0m
[  93% ] [90m[1msavepack[22m | Storing File: res://assets/textures/harvest/leather_red_02_normal.jpg.import[39m[0m
[  93% ] [90m[1msavepack[22m | Storing File: res://.godot/imported/wood_chips_rough.jpg-d4da9672808039f41e8d52146c812ebb.ctex[39m[0m
[  93% ] [90m[1msavepack[22m | Storing File: res://assets/textures/harvest/wood_chips_rough.jpg.import[39m[0m
[  93% ] [90m[1msavepack[22m | Storing File: res://.godot/imported/acg_wood001_normal.jpg-15229dd47ceeeedadbd14a8ef66be760.ctex[39m[0m
[  93% ] [90m[1msavepack[22m | Storing File: res://assets/textures/harvest/acg_wood001_normal.jpg.import[39m[0m
[  93% ] [90m[1msavepack[22m | Storing File: res://.godot/imported/brown_leather_albedo.jpg-de2b043d870a505be20869d7020dad6f.ctex[39m[0m
[  93% ] [90m[1msavepack[22m | Storing File: res://assets/textures/harvest/brown_leather_albedo.jpg.import[39m[0m
[  93% ] [90m[1msavepack[22m | Storing File: res://.godot/imported/bark_bluegum_normal.jpg-442d1d07c973cf25658d78b0083536d2.ctex[39m[0m
[  93% ] [90m[1msavepack[22m | Storing File: res://assets/textures/harvest/bark_bluegum_normal.jpg.import[39m[0m
[  93% ] [90m[1msavepack[22m | Storing File: res://.godot/imported/wood_chips_normal.jpg-9128243eb004f9e8801cec84a2799acf.ctex[39m[0m
[  93% ] [90m[1msavepack[22m | Storing File: res://assets/textures/harvest/wood_chips_normal.jpg.import[39m[0m
[  93% ] [90m[1msavepack[22m | Storing File: res://.godot/imported/denim_fabric_skip_albedo.jpg-1cad8fade52c8eaff5a57b5a1edf9a7a.ctex[39m[0m
[  93% ] [90m[1msavepack[22m | Storing File: res://assets/textures/harvest/denim_fabric_skip_albedo.jpg.import[39m[0m
[  93% ] [90m[1msavepack[22m | Storing File: res://.godot/imported/park_sand_albedo.jpg-ed535dec4e5a154bccb097c380d5fc63.ctex[39m[0m
[  93% ] [90m[1msavepack[22m | Storing File: res://assets/textures/harvest/park_sand_albedo.jpg.import[39m[0m
[  93% ] [90m[1msavepack[22m | Storing File: res://.godot/imported/acg_wood001_rough.jpg-2bb10fa999e1e5f32dc8757465973f33.ctex[39m[0m
[  93% ] [90m[1msavepack[22m | Storing File: res://assets/textures/harvest/acg_wood001_rough.jpg.import[39m[0m
[  93% ] [90m[1msavepack[22m | Storing File: res://.godot/imported/farm_soil_normal.jpg-7916e1c670faceddd308c724936becef.ctex[39m[0m
[  93% ] [90m[1msavepack[22m | Storing File: res://assets/textures/harvest/farm_soil_normal.jpg.import[39m[0m
[  93% ] [90m[1msavepack[22m | Storing File: res://.godot/imported/leather_red_02_albedo.jpg-08d75bda42820008317d0b73be3fc6f1.ctex[39m[0m
[  93% ] [90m[1msavepack[22m | Storing File: res://assets/textures/harvest/leather_red_02_albedo.jpg.import[39m[0m
[  93% ] [90m[1msavepack[22m | Storing File: res://.godot/imported/rusty_metal_03_albedo.jpg-f303333f39a132f5e1ebca39c4d81d2c.ctex[39m[0m
[  93% ] [90m[1msavepack[22m | Storing File: res://assets/textures/harvest/rusty_metal_03_albedo.jpg.import[39m[0m
[  93% ] [90m[1msavepack[22m | Storing File: res://.godot/imported/wood_chips_albedo.jpg-f11e391e54bcc392b239ecd95f2c5b80.ctex[39m[0m
[  93% ] [90m[1msavepack[22m | Storing File: res://assets/textures/harvest/wood_chips_albedo.jpg.import[39m[0m
[  93% ] [90m[1msavepack[22m | Storing File: res://.godot/imported/forest_ground_05_normal.jpg-efe5d8f1a05f671d364ba20cf1f5deb1.ctex[39m[0m
[  93% ] [90m[1msavepack[22m | Storing File: res://assets/textures/harvest/forest_ground_05_normal.jpg.import[39m[0m
[  93% ] [90m[1msavepack[22m | Storing File: res://.godot/imported/gravelly_sand_rough.jpg-366772ce74ab16600f1e616bc824add3.ctex[39m[0m
[  93% ] [90m[1msavepack[22m | Storing File: res://assets/textures/harvest/gravelly_sand_rough.jpg.import[39m[0m
[  93% ] [90m[1msavepack[22m | Storing File: res://.godot/imported/chinese_cedar_bark_rough.jpg-461076babddaa82e52960ee479a2023e.ctex[39m[0m
[  93% ] [90m[1msavepack[22m | Storing File: res://assets/textures/harvest/chinese_cedar_bark_rough.jpg.import[39m[0m
[  93% ] [90m[1msavepack[22m | Storing File: res://.godot/imported/chinese_cedar_bark_normal.jpg-9cf303286f449650d604bc8372320d99.ctex[39m[0m
[  93% ] [90m[1msavepack[22m | Storing File: res://assets/textures/harvest/chinese_cedar_bark_normal.jpg.import[39m[0m
[  93% ] [90m[1msavepack[22m | Storing File: res://.godot/imported/bark_platanus_albedo.jpg-073a0638e10b3ad1e4e6014c569f5379.ctex[39m[0m
[  93% ] [90m[1msavepack[22m | Storing File: res://assets/textures/harvest/bark_platanus_albedo.jpg.import[39m[0m
[  93% ] [90m[1msavepack[22m | Storing File: res://.godot/imported/gravelly_sand_normal.jpg-30d3ab2714da19fce3092b83769ea0c4.ctex[39m[0m
[  93% ] [90m[1msavepack[22m | Storing File: res://assets/textures/harvest/gravelly_sand_normal.jpg.import[39m[0m
[  94% ] [90m[1msavepack[22m | Storing File: res://.godot/imported/acg_fabric004_normal.jpg-70b929ba634d1be3d715a47ec73a258b.ctex[39m[0m
[  94% ] [90m[1msavepack[22m | Storing File: res://assets/textures/harvest/acg_fabric004_normal.jpg.import[39m[0m
[  94% ] [90m[1msavepack[22m | Storing File: res://.godot/imported/wooden_gate_rough.jpg-30d8fe622b0451765490c6f2e49d3df8.ctex[39m[0m
[  94% ] [90m[1msavepack[22m | Storing File: res://assets/textures/harvest/wooden_gate_rough.jpg.import[39m[0m
[  94% ] [90m[1msavepack[22m | Storing File: res://.godot/imported/wooden_gate_normal.jpg-e0d09483d3f70735d82c7bc79117ad86.ctex[39m[0m
[  94% ] [90m[1msavepack[22m | Storing File: res://assets/textures/harvest/wooden_gate_normal.jpg.import[39m[0m
[  94% ] [90m[1msavepack[22m | Storing File: res://.godot/imported/leafy_grass_rough.jpg-246d5473b0bb053a63824cc2d053a605.ctex[39m[0m
[  94% ] [90m[1msavepack[22m | Storing File: res://assets/textures/harvest/leafy_grass_rough.jpg.import[39m[0m
[  94% ] [90m[1msavepack[22m | Storing File: res://.godot/imported/acg_fabric004_rough.jpg-bc01c9928966fde21f6fee8cda45f5eb.ctex[39m[0m
[  94% ] [90m[1msavepack[22m | Storing File: res://assets/textures/harvest/acg_fabric004_rough.jpg.import[39m[0m
[  94% ] [90m[1msavepack[22m | Storing File: res://.godot/imported/leafy_grass_normal.jpg-de35249674f448bc9062ae4f230b5a47.ctex[39m[0m
[  94% ] [90m[1msavepack[22m | Storing File: res://assets/textures/harvest/leafy_grass_normal.jpg.import[39m[0m
[  94% ] [90m[1msavepack[22m | Storing File: res://.godot/imported/distressed_painted_planks_albedo.jpg-1e41353d7ca0661822a3e7d16fe3f3af.ctex[39m[0m
[  94% ] [90m[1msavepack[22m | Storing File: res://assets/textures/harvest/distressed_painted_planks_albedo.jpg.import[39m[0m
[  94% ] [90m[1msavepack[22m | Storing File: res://.godot/imported/acg_metal009_normal.jpg-00c9e1eb5536e9745bbea0f13a8dab9a.ctex[39m[0m
[  94% ] [90m[1msavepack[22m | Storing File: res://assets/textures/harvest/acg_metal009_normal.jpg.import[39m[0m
[  94% ] [90m[1msavepack[22m | Storing File: res://.godot/imported/acg_pine_needles001_normal.jpg-daf8b599c9bcfed15303bc9fa236b7fc.ctex[39m[0m
[  94% ] [90m[1msavepack[22m | Storing File: res://assets/textures/harvest/acg_pine_needles001_normal.jpg.import[39m[0m
[  94% ] [90m[1msavepack[22m | Storing File: res://.godot/imported/bark_bluegum_rough.jpg-03abe21ce3ce39085d2001a36455dfc5.ctex[39m[0m
[  94% ] [90m[1msavepack[22m | Storing File: res://assets/textures/harvest/bark_bluegum_rough.jpg.import[39m[0m
[  94% ] [90m[1msavepack[22m | Storing File: res://.godot/imported/forest_ground_05_albedo.jpg-50298f7c522ad2e9449c8f6535c6d952.ctex[39m[0m
[  94% ] [90m[1msavepack[22m | Storing File: res://assets/textures/harvest/forest_ground_05_albedo.jpg.import[39m[0m
[  94% ] [90m[1msavepack[22m | Storing File: res://.godot/imported/baseball_playground_albedo.jpg-692583acf364c5c32b481b3142433472.ctex[39m[0m
[  94% ] [90m[1msavepack[22m | Storing File: res://assets/textures/harvest/baseball_playground_albedo.jpg.import[39m[0m
[  94% ] [90m[1msavepack[22m | Storing File: res://.godot/imported/gravelly_sand_albedo.jpg-3327814c5f181d523e3cca1c051b3710.ctex[39m[0m
[  94% ] [90m[1msavepack[22m | Storing File: res://assets/textures/harvest/gravelly_sand_albedo.jpg.import[39m[0m
[  94% ] [90m[1msavepack[22m | Storing File: res://.godot/imported/farm_soil_albedo.jpg-c2eda50ca685f50a56c92eb2a9f5e582.ctex[39m[0m
[  94% ] [90m[1msavepack[22m | Storing File: res://assets/textures/harvest/farm_soil_albedo.jpg.import[39m[0m
[  94% ] [90m[1msavepack[22m | Storing File: res://.godot/imported/brown_leather_normal.jpg-01257a3fe576ee3336fe50217a6b13d8.ctex[39m[0m
[  94% ] [90m[1msavepack[22m | Storing File: res://assets/textures/harvest/brown_leather_normal.jpg.import[39m[0m
[  94% ] [90m[1msavepack[22m | Storing File: res://.godot/imported/brown_planks_03_albedo.jpg-8cf4527368a5d8ead88252d58565b14e.ctex[39m[0m
[  94% ] [90m[1msavepack[22m | Storing File: res://assets/textures/harvest/brown_planks_03_albedo.jpg.import[39m[0m
[  94% ] [90m[1msavepack[22m | Storing File: res://.godot/imported/park_dirt_rough.jpg-b5ab5b62dffacdfe22679acba8ce5489.ctex[39m[0m
[  94% ] [90m[1msavepack[22m | Storing File: res://assets/textures/harvest/park_dirt_rough.jpg.import[39m[0m
[  94% ] [90m[1msavepack[22m | Storing File: res://.godot/imported/acg_fabric018_albedo.jpg-6b49945773fc11d32b98bb0ab464d31b.ctex[39m[0m
[  94% ] [90m[1msavepack[22m | Storing File: res://assets/textures/harvest/acg_fabric018_albedo.jpg.import[39m[0m
[  94% ] [90m[1msavepack[22m | Storing File: res://.godot/imported/park_dirt_normal.jpg-e03ca5e5c2b79e2ab7dfc52eada01060.ctex[39m[0m
[  94% ] [90m[1msavepack[22m | Storing File: res://assets/textures/harvest/park_dirt_normal.jpg.import[39m[0m
[  95% ] [90m[1msavepack[22m | Storing File: res://.godot/imported/park_dirt_albedo.jpg-fac75b83cb1bc7a07e5976a841d10c41.ctex[39m[0m
[  95% ] [90m[1msavepack[22m | Storing File: res://assets/textures/harvest/park_dirt_albedo.jpg.import[39m[0m
[  95% ] [90m[1msavepack[22m | Storing File: res://.godot/imported/wooden_gate_albedo.jpg-2574031dd6e9f68aea8ad852ec6b782b.ctex[39m[0m
[  95% ] [90m[1msavepack[22m | Storing File: res://assets/textures/harvest/wooden_gate_albedo.jpg.import[39m[0m
[  95% ] [90m[1msavepack[22m | Storing File: res://.godot/imported/rock_path_rough.jpg-7dfc1be8f7eddb85d2331d1e0ccede2b.ctex[39m[0m
[  95% ] [90m[1msavepack[22m | Storing File: res://assets/textures/harvest/rock_path_rough.jpg.import[39m[0m
[  95% ] [90m[1msavepack[22m | Storing File: res://.godot/imported/rock_path_normal.jpg-14516072aa2b8dd2a5aef08b9a5c0d13.ctex[39m[0m
[  95% ] [90m[1msavepack[22m | Storing File: res://assets/textures/harvest/rock_path_normal.jpg.import[39m[0m
[  95% ] [90m[1msavepack[22m | Storing File: res://.godot/imported/rock_path_albedo.jpg-7c68ba9c05b0d875edf7b64eb797aa61.ctex[39m[0m
[  95% ] [90m[1msavepack[22m | Storing File: res://assets/textures/harvest/rock_path_albedo.jpg.import[39m[0m
[  95% ] [90m[1msavepack[22m | Storing File: res://.godot/imported/rock_path_02_rough.jpg-87d702e8a1d3307bbac79cd9a5aca07d.ctex[39m[0m
[  95% ] [90m[1msavepack[22m | Storing File: res://assets/textures/harvest/rock_path_02_rough.jpg.import[39m[0m
[  95% ] [90m[1msavepack[22m | Storing File: res://.godot/imported/oak_wood_planks_rough.jpg-cd7c5d6f384bd0d3c2703bd6895dccf5.ctex[39m[0m
[  95% ] [90m[1msavepack[22m | Storing File: res://assets/textures/harvest/oak_wood_planks_rough.jpg.import[39m[0m
[  95% ] [90m[1msavepack[22m | Storing File: res://.godot/imported/grass_path_3_rough.jpg-ce96ba8a5086e9212b555931fb5d6aa1.ctex[39m[0m
[  95% ] [90m[1msavepack[22m | Storing File: res://assets/textures/harvest/grass_path_3_rough.jpg.import[39m[0m
[  95% ] [90m[1msavepack[22m | Storing File: res://.godot/imported/withered_grass_rough.jpg-3570e3a7ae848a39abd8859a542b626c.ctex[39m[0m
[  95% ] [90m[1msavepack[22m | Storing File: res://assets/textures/harvest/withered_grass_rough.jpg.import[39m[0m
[  95% ] [90m[1msavepack[22m | Storing File: res://.godot/imported/withered_grass_normal.jpg-f25b7bbddd5e2d61d72b9dbb62ae7a8e.ctex[39m[0m
[  95% ] [90m[1msavepack[22m | Storing File: res://assets/textures/harvest/withered_grass_normal.jpg.import[39m[0m
[  95% ] [90m[1msavepack[22m | Storing File: res://.godot/imported/damp_sand_normal.jpg-4bae75abed114267d56e46dc42535a67.ctex[39m[0m
[  95% ] [90m[1msavepack[22m | Storing File: res://assets/textures/harvest/damp_sand_normal.jpg.import[39m[0m
[  95% ] [90m[1msavepack[22m | Storing File: res://.godot/imported/acg_pine_needles001_rough.jpg-acddf7fa5d92c862194e98371397356f.ctex[39m[0m
[  95% ] [90m[1msavepack[22m | Storing File: res://assets/textures/harvest/acg_pine_needles001_rough.jpg.import[39m[0m
[  95% ] [90m[1msavepack[22m | Storing File: res://.godot/imported/acg_leather038_normal.jpg-e4000ff2cb8f5e46d6f9ec41b26bf224.ctex[39m[0m
[  95% ] [90m[1msavepack[22m | Storing File: res://assets/textures/harvest/acg_leather038_normal.jpg.import[39m[0m
[  95% ] [90m[1msavepack[22m | Storing File: res://.godot/imported/brown_planks_04_rough.jpg-d63cdac2676d64f469d5993693da7af4.ctex[39m[0m
[  95% ] [90m[1msavepack[22m | Storing File: res://assets/textures/harvest/brown_planks_04_rough.jpg.import[39m[0m
[  95% ] [90m[1msavepack[22m | Storing File: res://.godot/imported/acg_fabric018_normal.jpg-260d5160046bdcdc529be0a0310fc011.ctex[39m[0m
[  95% ] [90m[1msavepack[22m | Storing File: res://assets/textures/harvest/acg_fabric018_normal.jpg.import[39m[0m
[  95% ] [90m[1msavepack[22m | Storing File: res://.godot/imported/rock_path_02_normal.jpg-69d48f9a3be54f7edceaa027d83aea69.ctex[39m[0m
[  95% ] [90m[1msavepack[22m | Storing File: res://assets/textures/harvest/rock_path_02_normal.jpg.import[39m[0m
[  95% ] [90m[1msavepack[22m | Storing File: res://.godot/imported/leafy_grass_albedo.jpg-2597b35df8a399e060087fd92aa90728.ctex[39m[0m
[  95% ] [90m[1msavepack[22m | Storing File: res://assets/textures/harvest/leafy_grass_albedo.jpg.import[39m[0m
[  95% ] [90m[1msavepack[22m | Storing File: res://.godot/imported/oak_wood_planks_normal.jpg-b5c0a4cc6b99dd4830b38280d9862421.ctex[39m[0m
[  95% ] [90m[1msavepack[22m | Storing File: res://assets/textures/harvest/oak_wood_planks_normal.jpg.import[39m[0m
[  95% ] [90m[1msavepack[22m | Storing File: res://.godot/imported/acg_planks013_normal.jpg-f0829a3ba4a828ae545965c9cfe476dc.ctex[39m[0m
[  95% ] [90m[1msavepack[22m | Storing File: res://assets/textures/harvest/acg_planks013_normal.jpg.import[39m[0m
[  96% ] [90m[1msavepack[22m | Storing File: res://.godot/imported/brown_planks_04_normal.jpg-4a34885e9e33212d6f76374a34d43620.ctex[39m[0m
[  96% ] [90m[1msavepack[22m | Storing File: res://assets/textures/harvest/brown_planks_04_normal.jpg.import[39m[0m
[  96% ] [90m[1msavepack[22m | Storing File: res://.godot/imported/acg_leather038_rough.jpg-ea720c8a674118bc1bdaceca454364af.ctex[39m[0m
[  96% ] [90m[1msavepack[22m | Storing File: res://assets/textures/harvest/acg_leather038_rough.jpg.import[39m[0m
[  96% ] [90m[1msavepack[22m | Storing File: res://.godot/imported/acg_fabric018_rough.jpg-7e238f56eaf9119b8fcfebad1d9dea00.ctex[39m[0m
[  96% ] [90m[1msavepack[22m | Storing File: res://assets/textures/harvest/acg_fabric018_rough.jpg.import[39m[0m
[  96% ] [90m[1msavepack[22m | Storing File: res://.godot/imported/acg_metal009_rough.jpg-d8846f6b75a105a2cb15f3e7ac1fdef9.ctex[39m[0m
[  96% ] [90m[1msavepack[22m | Storing File: res://assets/textures/harvest/acg_metal009_rough.jpg.import[39m[0m
[  96% ] [90m[1msavepack[22m | Storing File: res://.godot/imported/brown_planks_04_albedo.jpg-2aed6fed86f82571fd39c1b240791079.ctex[39m[0m
[  96% ] [90m[1msavepack[22m | Storing File: res://assets/textures/harvest/brown_planks_04_albedo.jpg.import[39m[0m
[  96% ] [90m[1msavepack[22m | Storing File: res://.godot/imported/brown_planks_03_rough.jpg-251e2409e219d308f884588bf06bf4fc.ctex[39m[0m
[  96% ] [90m[1msavepack[22m | Storing File: res://assets/textures/harvest/brown_planks_03_rough.jpg.import[39m[0m
[  96% ] [90m[1msavepack[22m | Storing File: res://.godot/imported/acg_wood048_albedo.jpg-5328ad79f514e8da02586cf6c807ab66.ctex[39m[0m
[  96% ] [90m[1msavepack[22m | Storing File: res://assets/textures/harvest/acg_wood048_albedo.jpg.import[39m[0m
[  96% ] [90m[1msavepack[22m | Storing File: res://.godot/imported/acg_metal032_albedo.jpg-df55c8ff9dd012cf03c30bec81f514fa.ctex[39m[0m
[  96% ] [90m[1msavepack[22m | Storing File: res://assets/textures/harvest/acg_metal032_albedo.jpg.import[39m[0m
[  96% ] [90m[1msavepack[22m | Storing File: res://.godot/imported/withered_grass_albedo.jpg-4cd54b50468300db2d3c4341f59a77e4.ctex[39m[0m
[  96% ] [90m[1msavepack[22m | Storing File: res://assets/textures/harvest/withered_grass_albedo.jpg.import[39m[0m
[  96% ] [90m[1msavepack[22m | Storing File: res://.godot/imported/acg_metal032_normal.jpg-a391c91afd50cf2220963d07440e4207.ctex[39m[0m
[  96% ] [90m[1msavepack[22m | Storing File: res://assets/textures/harvest/acg_metal032_normal.jpg.import[39m[0m
[  96% ] [90m[1msavepack[22m | Storing File: res://.godot/imported/acg_metal032_rough.jpg-7025c355f0e69f32101712f487f67047.ctex[39m[0m
[  96% ] [90m[1msavepack[22m | Storing File: res://assets/textures/harvest/acg_metal032_rough.jpg.import[39m[0m
[  96% ] [90m[1msavepack[22m | Storing File: res://.godot/imported/grass_path_3_normal.jpg-7f27819e6476546d34efc55cbd640d34.ctex[39m[0m
[  96% ] [90m[1msavepack[22m | Storing File: res://assets/textures/harvest/grass_path_3_normal.jpg.import[39m[0m
[  96% ] [90m[1msavepack[22m | Storing File: res://.godot/imported/forest_ground_04_rough.jpg-447d15c1df3938263656c7edeba16125.ctex[39m[0m
[  96% ] [90m[1msavepack[22m | Storing File: res://assets/textures/harvest/forest_ground_04_rough.jpg.import[39m[0m
[  96% ] [90m[1msavepack[22m | Storing File: res://.godot/imported/bicolour_gravel_albedo.jpg-481cb20c3f2a8e24aeaeaeb41c7c93fd.ctex[39m[0m
[  96% ] [90m[1msavepack[22m | Storing File: res://assets/textures/harvest/bicolour_gravel_albedo.jpg.import[39m[0m
[  96% ] [90m[1msavepack[22m | Storing File: res://.godot/imported/rock_path_02_albedo.jpg-507d87ac32415e989721f912ff05b70e.ctex[39m[0m
[  96% ] [90m[1msavepack[22m | Storing File: res://assets/textures/harvest/rock_path_02_albedo.jpg.import[39m[0m
[  96% ] [90m[1msavepack[22m | Storing File: res://.godot/imported/brown_mud_leaves_normal.jpg-c38add0d180885267459893341ff112d.ctex[39m[0m
[  96% ] [90m[1msavepack[22m | Storing File: res://assets/textures/harvest/brown_mud_leaves_normal.jpg.import[39m[0m
[  96% ] [90m[1msavepack[22m | Storing File: res://.godot/imported/dirt_rough.jpg-a2a661c29bd99df1a578bfb73376badf.ctex[39m[0m
[  96% ] [90m[1msavepack[22m | Storing File: res://assets/textures/harvest/dirt_rough.jpg.import[39m[0m
[  96% ] [90m[1msavepack[22m | Storing File: res://.godot/imported/oak_wood_planks_albedo.jpg-0b77f4c0b29872c7e1160c66b4bdf2a2.ctex[39m[0m
[  96% ] [90m[1msavepack[22m | Storing File: res://assets/textures/harvest/oak_wood_planks_albedo.jpg.import[39m[0m
[  96% ] [90m[1msavepack[22m | Storing File: res://.godot/imported/acg_leather039_albedo.jpg-cf598f1df975c8f356ebce3616535774.ctex[39m[0m
[  96% ] [90m[1msavepack[22m | Storing File: res://assets/textures/harvest/acg_leather039_albedo.jpg.import[39m[0m
[  97% ] [90m[1msavepack[22m | Storing File: res://.godot/imported/forest_ground_04_normal.jpg-7b2f184e92c52765ee86f5996024b0aa.ctex[39m[0m
[  97% ] [90m[1msavepack[22m | Storing File: res://assets/textures/harvest/forest_ground_04_normal.jpg.import[39m[0m
[  97% ] [90m[1msavepack[22m | Storing File: res://.godot/imported/fabric_leather_02_rough.jpg-45923277ebbd39091ac9bc2efc15bb34.ctex[39m[0m
[  97% ] [90m[1msavepack[22m | Storing File: res://assets/textures/harvest/fabric_leather_02_rough.jpg.import[39m[0m
[  97% ] [90m[1msavepack[22m | Storing File: res://.godot/imported/muddy_tracks_rough.jpg-6e8ed706295fdca17402e1f329545e05.ctex[39m[0m
[  97% ] [90m[1msavepack[22m | Storing File: res://assets/textures/harvest/muddy_tracks_rough.jpg.import[39m[0m
[  97% ] [90m[1msavepack[22m | Storing File: res://.godot/imported/grass_path_3_albedo.jpg-75a309e4066dd549dd4b463c6a7d1602.ctex[39m[0m
[  97% ] [90m[1msavepack[22m | Storing File: res://assets/textures/harvest/grass_path_3_albedo.jpg.import[39m[0m
[  97% ] [90m[1msavepack[22m | Storing File: res://.godot/imported/damp_sand_albedo.jpg-4861a0b27fbc5cba0e3328d3ae9c697c.ctex[39m[0m
[  97% ] [90m[1msavepack[22m | Storing File: res://assets/textures/harvest/damp_sand_albedo.jpg.import[39m[0m
[  97% ] [90m[1msavepack[22m | Storing File: res://.godot/imported/brown_mud_03_normal.jpg-6262f107097c079677eada2d70b85be3.ctex[39m[0m
[  97% ] [90m[1msavepack[22m | Storing File: res://assets/textures/harvest/brown_mud_03_normal.jpg.import[39m[0m
[  97% ] [90m[1msavepack[22m | Storing File: res://.godot/imported/knotted_pine_bark_rough.jpg-65fd7a2f72d144866527dc114246b7d3.ctex[39m[0m
[  97% ] [90m[1msavepack[22m | Storing File: res://assets/textures/harvest/knotted_pine_bark_rough.jpg.import[39m[0m
[  97% ] [90m[1msavepack[22m | Storing File: res://.godot/imported/knotted_pine_bark_normal.jpg-ec9fc588d25b61c57916cf3edbd6ffcb.ctex[39m[0m
[  97% ] [90m[1msavepack[22m | Storing File: res://assets/textures/harvest/knotted_pine_bark_normal.jpg.import[39m[0m
[  97% ] [90m[1msavepack[22m | Storing File: res://.godot/imported/acg_fabric046_albedo.jpg-108893713cd522b81f04a5b77616eb7a.ctex[39m[0m
[  97% ] [90m[1msavepack[22m | Storing File: res://assets/textures/harvest/acg_fabric046_albedo.jpg.import[39m[0m
[  97% ] [90m[1msavepack[22m | Storing File: res://.godot/imported/raw_plank_wall_rough.jpg-8b81e4e9aff725c1a2f1ffa32cbad12e.ctex[39m[0m
[  97% ] [90m[1msavepack[22m | Storing File: res://assets/textures/harvest/raw_plank_wall_rough.jpg.import[39m[0m
[  97% ] [90m[1msavepack[22m | Storing File: res://.godot/imported/knotted_pine_bark_albedo.jpg-36d2e95386f3c37a4fb398fd0d13b30a.ctex[39m[0m
[  97% ] [90m[1msavepack[22m | Storing File: res://assets/textures/harvest/knotted_pine_bark_albedo.jpg.import[39m[0m
[  97% ] [90m[1msavepack[22m | Storing File: res://.godot/imported/jolcham_oak_bark_rough.jpg-dfe4e093569b8d9e8d300f8f019d87d8.ctex[39m[0m
[  97% ] [90m[1msavepack[22m | Storing File: res://assets/textures/harvest/jolcham_oak_bark_rough.jpg.import[39m[0m
[  97% ] [90m[1msavepack[22m | Storing File: res://.godot/imported/white_planks_clean_rough.jpg-782dfe76a1e7ea74a9d1a0c8473bd73f.ctex[39m[0m
[  97% ] [90m[1msavepack[22m | Storing File: res://assets/textures/harvest/white_planks_clean_rough.jpg.import[39m[0m
[  97% ] [90m[1msavepack[22m | Storing File: res://.godot/imported/white_planks_clean_normal.jpg-212a50ed0a7cb2faf7d19f818f814e76.ctex[39m[0m
[  97% ] [90m[1msavepack[22m | Storing File: res://assets/textures/harvest/white_planks_clean_normal.jpg.import[39m[0m
[  97% ] [90m[1msavepack[22m | Storing File: res://.godot/imported/white_planks_clean_albedo.jpg-35188e9d76bfaf5713ebc4caf34553df.ctex[39m[0m
[  97% ] [90m[1msavepack[22m | Storing File: res://assets/textures/harvest/white_planks_clean_albedo.jpg.import[39m[0m
[  97% ] [90m[1msavepack[22m | Storing File: res://.godot/imported/weathered_planks_rough.jpg-afcb90956be3cb4744dad30afd544628.ctex[39m[0m
[  97% ] [90m[1msavepack[22m | Storing File: res://assets/textures/harvest/weathered_planks_rough.jpg.import[39m[0m
[  97% ] [90m[1msavepack[22m | Storing File: res://.godot/imported/brown_mud_albedo.jpg-aafdaf3878fa91581369aca1edc74086.ctex[39m[0m
[  97% ] [90m[1msavepack[22m | Storing File: res://assets/textures/harvest/brown_mud_albedo.jpg.import[39m[0m
[  97% ] [90m[1msavepack[22m | Storing File: res://.godot/imported/raw_plank_wall_normal.jpg-88b186ce322d25ae6f1f7540e4e96d17.ctex[39m[0m
[  97% ] [90m[1msavepack[22m | Storing File: res://assets/textures/harvest/raw_plank_wall_normal.jpg.import[39m[0m
[  97% ] [90m[1msavepack[22m | Storing File: res://.godot/imported/fabric_leather_02_normal.jpg-bc1633b7f6dc3f53d004ba85108c8ca3.ctex[39m[0m
[  97% ] [90m[1msavepack[22m | Storing File: res://assets/textures/harvest/fabric_leather_02_normal.jpg.import[39m[0m
[  98% ] [90m[1msavepack[22m | Storing File: res://.godot/imported/dirt_normal.jpg-ef978294105353067f536adee627c6d1.ctex[39m[0m
[  98% ] [90m[1msavepack[22m | Storing File: res://assets/textures/harvest/dirt_normal.jpg.import[39m[0m
[  98% ] [90m[1msavepack[22m | Storing File: res://.godot/imported/forest_ground_04_albedo.jpg-b61a62c4f0a00cd3eb86e161d0599fa2.ctex[39m[0m
[  98% ] [90m[1msavepack[22m | Storing File: res://assets/textures/harvest/forest_ground_04_albedo.jpg.import[39m[0m
[  98% ] [90m[1msavepack[22m | Storing File: res://.godot/imported/bicolour_gravel_rough.jpg-45580289e1c51414f5e3d5d17516b6f6.ctex[39m[0m
[  98% ] [90m[1msavepack[22m | Storing File: res://assets/textures/harvest/bicolour_gravel_rough.jpg.import[39m[0m
[  98% ] [90m[1msavepack[22m | Storing File: res://.godot/imported/weathered_planks_normal.jpg-32aa5e512232cbc54a649f37f216e3bc.ctex[39m[0m
[  98% ] [90m[1msavepack[22m | Storing File: res://assets/textures/harvest/weathered_planks_normal.jpg.import[39m[0m
[  98% ] [90m[1msavepack[22m | Storing File: res://.godot/imported/muddy_tracks_normal.jpg-f85b5980813880127660b1ff294e0e88.ctex[39m[0m
[  98% ] [90m[1msavepack[22m | Storing File: res://assets/textures/harvest/muddy_tracks_normal.jpg.import[39m[0m
[  98% ] [90m[1msavepack[22m | Storing File: res://.godot/imported/acg_fabric046_normal.jpg-2b5aa11f289779b48254ab986212d5c9.ctex[39m[0m
[  98% ] [90m[1msavepack[22m | Storing File: res://assets/textures/harvest/acg_fabric046_normal.jpg.import[39m[0m
[  98% ] [90m[1msavepack[22m | Storing File: res://.godot/imported/acg_planks013_rough.jpg-f6f69d23ae611d5a182d2908794080f4.ctex[39m[0m
[  98% ] [90m[1msavepack[22m | Storing File: res://assets/textures/harvest/acg_planks013_rough.jpg.import[39m[0m
[  98% ] [90m[1msavepack[22m | Storing File: res://.godot/imported/raw_plank_wall_albedo.jpg-591d2c4559a4abcd5ae0c5870f103193.ctex[39m[0m
[  98% ] [90m[1msavepack[22m | Storing File: res://assets/textures/harvest/raw_plank_wall_albedo.jpg.import[39m[0m
[  98% ] [90m[1msavepack[22m | Storing File: res://.godot/imported/jolcham_oak_bark_normal.jpg-94f1ad1374d75168517ecbd257c16bee.ctex[39m[0m
[  98% ] [90m[1msavepack[22m | Storing File: res://assets/textures/harvest/jolcham_oak_bark_normal.jpg.import[39m[0m
[  98% ] [90m[1msavepack[22m | Storing File: res://.godot/imported/acg_wood048_normal.jpg-b8bb3d21e945473e382fc8e5bb200c20.ctex[39m[0m
[  98% ] [90m[1msavepack[22m | Storing File: res://assets/textures/harvest/acg_wood048_normal.jpg.import[39m[0m
[  98% ] [90m[1msavepack[22m | Storing File: res://.godot/imported/aerial_grass_rock_albedo.jpg-79611ec0f910864bfe9891d55ee61f01.ctex[39m[0m
[  98% ] [90m[1msavepack[22m | Storing File: res://assets/textures/harvest/aerial_grass_rock_albedo.jpg.import[39m[0m
[  98% ] [90m[1msavepack[22m | Storing File: res://.godot/imported/raw_planks_rough.jpg-396151d4b3202b82ecbe94be18074cac.ctex[39m[0m
[  98% ] [90m[1msavepack[22m | Storing File: res://assets/textures/harvest/raw_planks_rough.jpg.import[39m[0m
[  98% ] [90m[1msavepack[22m | Storing File: res://.godot/imported/bark_brown_01_albedo.jpg-536cd0b73da8414c21e3e397135bd2fe.ctex[39m[0m
[  98% ] [90m[1msavepack[22m | Storing File: res://assets/textures/harvest/bark_brown_01_albedo.jpg.import[39m[0m
[  98% ] [90m[1msavepack[22m | Storing File: res://.godot/imported/fabric_leather_02_albedo.jpg-02b9773ce1eca88abf9b4a9f68dce6cf.ctex[39m[0m
[  98% ] [90m[1msavepack[22m | Storing File: res://assets/textures/harvest/fabric_leather_02_albedo.jpg.import[39m[0m
[  98% ] [90m[1msavepack[22m | Storing File: res://.godot/imported/muddy_tracks_albedo.jpg-d32594163c30d9fd9edfb741947329d9.ctex[39m[0m
[  98% ] [90m[1msavepack[22m | Storing File: res://assets/textures/harvest/muddy_tracks_albedo.jpg.import[39m[0m
[  98% ] [90m[1msavepack[22m | Storing File: res://.godot/imported/acg_leather039_normal.jpg-4d7f45ab811066a1777744e43a883483.ctex[39m[0m
[  98% ] [90m[1msavepack[22m | Storing File: res://assets/textures/harvest/acg_leather039_normal.jpg.import[39m[0m
[  98% ] [90m[1msavepack[22m | Storing File: res://.godot/imported/grass_path_2_rough.jpg-aa3b714b0542ebd0e06571013fd52fdc.ctex[39m[0m
[  98% ] [90m[1msavepack[22m | Storing File: res://assets/textures/harvest/grass_path_2_rough.jpg.import[39m[0m
[  98% ] [90m[1msavepack[22m | Storing File: res://.godot/imported/forest_floor_rough.jpg-079e5b8edac3c3596064a8693b1ec2a0.ctex[39m[0m
[  98% ] [90m[1msavepack[22m | Storing File: res://assets/textures/harvest/forest_floor_rough.jpg.import[39m[0m
[  98% ] [90m[1msavepack[22m | Storing File: res://.godot/imported/forest_floor_normal.jpg-c306e0c970396816fdaaf79ff04dd125.ctex[39m[0m
[  98% ] [90m[1msavepack[22m | Storing File: res://assets/textures/harvest/forest_floor_normal.jpg.import[39m[0m
[  98% ] [90m[1msavepack[22m | Storing File: res://tools/verify_player_horse.gd.remap[39m[0m
[  98% ] [90m[1msavepack[22m | Storing File: res://tools/verify_horse_visible.gd.remap[39m[0m
[  98% ] [90m[1msavepack[22m | Storing File: res://tools/smoke_library_courses.gd.remap[39m[0m
[  98% ] [90m[1msavepack[22m | Storing File: res://tools/print_args.gd.remap[39m[0m
[  98% ] [90m[1msavepack[22m | Storing File: res://tools/measure_swing.gd.remap[39m[0m
[  98% ] [90m[1msavepack[22m | Storing File: res://tools/measure_swing2.gd.remap[39m[0m
[  98% ] [90m[1msavepack[22m | Storing File: res://tools/measure_horse.gd.remap[39m[0m
[  98% ] [90m[1msavepack[22m | Storing File: res://tools/inspect_whitehorse.gd.remap[39m[0m
[  98% ] [90m[1msavepack[22m | Storing File: res://tools/inspect_tracks.gd.remap[39m[0m
[  98% ] [90m[1msavepack[22m | Storing File: res://tools/inspect_rig.gd.remap[39m[0m
[  98% ] [90m[1msavepack[22m | Storing File: res://tools/inspect_prism.gd.remap[39m[0m
[  98% ] [90m[1msavepack[22m | Storing File: res://tools/dump_whitehorse_bounds.gd.remap[39m[0m
[  98% ] [90m[1msavepack[22m | Storing File: res://tools/dump_walk_tracks.gd.remap[39m[0m
[  98% ] [90m[1msavepack[22m | Storing File: res://tools/dump_uvs_and_tail.gd.remap[39m[0m
[  98% ] [90m[1msavepack[22m | Storing File: res://tools/dump_tack_space.gd.remap[39m[0m
[  98% ] [90m[1msavepack[22m | Storing File: res://tools/diag_playable.gd.remap[39m[0m
[  98% ] [90m[1msavepack[22m | Storing File: res://tools/compile_check.gd.remap[39m[0m
[  98% ] [90m[1msavepack[22m | Storing File: res://tools/boot_horse.gd.remap[39m[0m
[  98% ] [90m[1msavepack[22m | Storing File: res://tools/boot_arena.gd.remap[39m[0m
[  98% ] [90m[1msavepack[22m | Storing File: res://scripts/walker.gd.remap[39m[0m
[  98% ] [90m[1msavepack[22m | Storing File: res://scripts/trainer.gd.remap[39m[0m
[  98% ] [90m[1msavepack[22m | Storing File: res://scripts/title.gd.remap[39m[0m
[  98% ] [90m[1msavepack[22m | Storing File: res://scripts/ride_cert.gd.remap[39m[0m
[  98% ] [90m[1msavepack[22m | Storing File: res://scripts/ride_ai.gd.remap[39m[0m
[  98% ] [90m[1msavepack[22m | Storing File: res://scripts/playtest.gd.remap[39m[0m
[  98% ] [90m[1msavepack[22m | Storing File: res://scripts/person_look.gd.remap[39m[0m
[  98% ] [90m[1msavepack[22m | Storing File: res://scripts/mesh_kit.gd.remap[39m[0m
[  98% ] [90m[1msavepack[22m | Storing File: res://scripts/hud.gd.remap[39m[0m
[  98% ] [90m[1msavepack[22m | Storing File: res://scripts/horse.gd.remap[39m[0m
[  98% ] [90m[1msavepack[22m | Storing File: res://scripts/game_state.gd.remap[39m[0m
[  98% ] [90m[1msavepack[22m | Storing File: res://scripts/fence.gd.remap[39m[0m
[  98% ] [90m[1msavepack[22m | Storing File: res://scripts/farm.gd.remap[39m[0m
[  98% ] [90m[1msavepack[22m | Storing File: res://scripts/course.gd.remap[39m[0m
[  98% ] [90m[1msavepack[22m | Storing File: res://scripts/content_library.gd.remap[39m[0m
[  98% ] [90m[1msavepack[22m | Storing File: res://scripts/artshot.gd.remap[39m[0m
[  98% ] [90m[1msavepack[22m | Storing File: res://scripts/arena.gd.remap[39m[0m
[  98% ] [90m[1msavepack[22m | Storing File: res://scripts/abbott_look.gd.remap[39m[0m
[  98% ] [90m[1msavepack[22m | Storing File: res://scenes/title.tscn.remap[39m[0m
[  98% ] [90m[1msavepack[22m | Storing File: res://scenes/arena.tscn.remap[39m[0m
[  98% ] [90m[1msavepack[22m | Storing File: res://.godot/global_script_class_cache.cfg[39m[0m
[  98% ] [90m[1msavepack[22m | Storing File: res://assets/ui/icon.png[39m[0m
[  98% ] [90m[1msavepack[22m | Storing File: res://.godot/uid_cache.bin[39m[0m
[  98% ] [90m[1msavepack[22m | Storing File: res://project.binary[39m[0m
[92m[ DONE ][39m [1msavepack[22m
[0m
