Godot Engine v4.7.2.stable.official.ed1daf0bf - https://godotengine.org

FIT flatten armature scale=(100.0, 100.0, 100.0) keep_rot=(-90.0, 0.0, 0.0)
FIT length=2.25 height=1.91220223903656 scale=(0.84991, 0.84991, 0.84991)
SEAT bone=Torso bone_pos=(0.0, 1.126922, 0.286373) back_y=1.42885863780975 seat=(0.0, 1.428859, 0.286373)
TACK place crown=(-0.00755, 0.144504, 0.030855) brow=(-0.00755, 0.198728, 0.134282) nose=(-0.00755, 0.388511, -0.020858) bit=(-0.00755, 0.479225, -0.087663)
HORSE mesh=WhiteHorse anim=true seat=Torso rider_parent=Seat
RIDECERT begin
RIDECERT round hk_les_001 class=lesson seed=0 jo=false style=clear
MICHELLE soft | Two. Wait.
RIDEAI sit n=1 phase=approach pos=0.0,-29.8 ahead=10.62 lat=1.14 ang=0.0 along=10.6 gait=3 v=4.82 rein=0
MICHELLE soft | One. Wait.
RIDEAI sit n=1 phase=approach pos=-0.2,-26.4 ahead=7.32 lat=0.92 ang=5.1 along=7.3 gait=3 v=2.31 rein=0
MICHELLE soft | One. Early.
MICHELLE soft | Early.
RIDEAI sit n=1 phase=approach pos=-0.5,-23.3 ahead=4.17 lat=0.64 ang=5.1 along=4.1 gait=3 v=3.88 rein=0
MICHELLE soft | Wait.
MICHELLE soft | Now.
RIDEAI ASK n=1 ahead=2.55 lat=0.26 ang=5.1 charge=1.0
MICHELLE spot | That's the one. Don't fuss after.
RIDEAI fence 1 -> 2 t=4.83 leave=spot
RIDEAI sit n=2 phase=land pos=-1.6,-17.0 ahead=11.07 lat=7.64 ang=42.7 along=8.0 gait=3 v=3.09 rein=-1
RIDEAI sit n=2 phase=land pos=-4.4,-16.0 ahead=2.93 lat=4.8 ang=103.9 along=7.2 gait=3 v=3.09 rein=-1
RIDEAI sit n=2 phase=approach pos=-7.4,-17.4 ahead=-2.73 lat=1.86 ang=120.0 along=8.7 gait=3 v=3.57 rein=1
RIDEAI sit n=2 phase=approach pos=-9.7,-17.1 ahead=4.11 lat=0.48 ang=58.2 along=8.6 gait=3 v=3.3 rein=1
MICHELLE soft | One. Wait.
RIDEAI sit n=2 phase=approach pos=-10.9,-15.1 ahead=6.78 lat=1.7 ang=6.5 along=6.6 gait=3 v=1.92 rein=1
MICHELLE soft | One. Early.
RIDEAI sit n=2 phase=approach pos=-10.2,-13.5 ahead=5.05 lat=1.1 ang=21.5 along=5.0 gait=3 v=2.49 rein=0
MICHELLE soft | Early.
MICHELLE soft | Wait.
MICHELLE soft | Now.
RIDEAI ASK n=2 ahead=2.56 lat=0.06 ang=7.5 charge=1.0
MICHELLE spot | That was the spot.
RIDEAI fence 2 -> 3 t=12.61 leave=spot
RIDEAI sit n=3 phase=approach pos=-8.7,-7.4 ahead=9.43 lat=0.08 ang=7.5 along=9.5 gait=3 v=3.24 rein=0
RIDEAI sit n=3 phase=approach pos=-8.5,-5.5 ahead=7.59 lat=0.2 ang=2.9 along=7.6 gait=3 v=2.25 rein=0
MICHELLE soft | One. Wait.
MICHELLE soft | One. Early.
RIDEAI sit n=3 phase=approach pos=-8.2,-3.3 ahead=5.34 lat=0.3 ang=2.9 along=5.4 gait=3 v=2.25 rein=0
MICHELLE soft | Early.
MICHELLE soft | Wait.
MICHELLE soft | Now.
RIDEAI ASK n=3 ahead=2.53 lat=0.26 ang=0.6 charge=1.0
MICHELLE spot | That's the spot. Eyes up now.
RIDEAI fence 3 -> 4 t=17.15 leave=spot
MICHELLE clear | Clean. Walk him out of the ring.
RIDECERT trace E:/Workspace/Madison/game/../dist/traces/hk_les_001_clear.jsonl n=19
RIDECERT hk_les_001 style=clear success=true faults=0 jumped=3/3 t=18.54 teleported=false complete=true
RIDECERT round hk_les_002 class=lesson seed=1 jo=false style=clear
MICHELLE soft | Two. Wait.
RIDEAI sit n=1 phase=approach pos=2.4,-29.6 ahead=10.36 lat=0.68 ang=7.6 along=10.4 gait=3 v=5.02 rein=0
MICHELLE soft | One. Wait.
RIDEAI sit n=1 phase=approach pos=2.9,-26.4 ahead=7.12 lat=0.26 ang=7.6 along=7.1 gait=3 v=2.41 rein=0
MICHELLE soft | One. Early.
MICHELLE soft | Early.
RIDEAI sit n=1 phase=approach pos=3.1,-23.2 ahead=3.89 lat=0.0 ang=4.1 along=3.9 gait=3 v=3.88 rein=0
MICHELLE soft | Wait.
MICHELLE soft | Now.
RIDEAI ASK n=1 ahead=2.54 lat=0.16 ang=1.8 charge=1.0
MICHELLE spot | That leave was true.
RIDEAI fence 1 -> 2 t=4.76 leave=spot
RIDEAI sit n=2 phase=land pos=4.0,-17.0 ahead=10.75 lat=4.86 ang=40.6 along=10.0 gait=3 v=3.09 rein=1
RIDEAI sit n=2 phase=approach pos=6.8,-16.0 ahead=2.76 lat=2.06 ang=85.5 along=9.0 gait=3 v=3.09 rein=-1
RIDEAI sit n=2 phase=approach pos=9.3,-14.1 ahead=6.32 lat=0.46 ang=23.8 along=7.1 gait=3 v=3.6 rein=-1
MICHELLE soft | One. Wait.
MICHELLE soft | One. Early.
RIDEAI sit n=2 phase=approach pos=9.4,-12.1 ahead=5.13 lat=0.54 ang=4.1 along=5.1 gait=3 v=2.64 rein=0
MICHELLE soft | Early.
MICHELLE soft | Wait.
MICHELLE soft | Now.
RIDEAI ASK n=2 ahead=2.55 lat=0.18 ang=4.1 charge=1.0
MICHELLE spot | Spot. Sit still on the other side.
RIDEAI fence 2 -> 3 t=10.58 leave=spot
RIDEAI sit n=3 phase=approach pos=8.9,-5.7 ahead=9.52 lat=0.08 ang=4.1 along=9.5 gait=3 v=3.22 rein=0
RIDEAI sit n=3 phase=approach pos=8.8,-3.8 ahead=7.59 lat=0.06 ang=4.1 along=7.6 gait=3 v=2.25 rein=0
MICHELLE soft | One. Wait.
MICHELLE soft | One. Early.
RIDEAI sit n=3 phase=approach pos=8.7,-1.5 ahead=5.36 lat=0.2 ang=0.6 along=5.4 gait=3 v=2.29 rein=0
MICHELLE soft | Early.
MICHELLE soft | Wait.
MICHELLE soft | Now.
RIDEAI ASK n=3 ahead=2.56 lat=0.26 ang=0.6 charge=1.0
MICHELLE spot | That's seeing it. Do it again.
RIDEAI fence 3 -> 4 t=15.13 leave=spot
MICHELLE clear | Clear. Pat him.
RIDECERT trace E:/Workspace/Madison/game/../dist/traces/hk_les_002_clear.jsonl n=17
RIDECERT hk_les_002 style=clear success=true faults=0 jumped=3/3 t=16.53 teleported=false complete=true
RIDECERT round hk_les_003 class=lesson seed=2 jo=false style=clear
MICHELLE soft | Two. Wait.
RIDEAI sit n=1 phase=approach pos=0.0,-30.4 ahead=9.43 lat=0.94 ang=0.0 along=9.4 gait=3 v=4.14 rein=0
MICHELLE soft | One. Wait.
RIDEAI sit n=1 phase=approach pos=0.1,-28.2 ahead=7.31 lat=0.86 ang=5.8 along=7.3 gait=3 v=2.56 rein=0
MICHELLE soft | One. Early.
MICHELLE soft | Early.
MICHELLE soft | Wait.
RIDEAI sit n=1 phase=approach pos=0.4,-24.7 ahead=3.79 lat=0.5 ang=5.8 along=3.8 gait=3 v=3.88 rein=0
MICHELLE soft | Now.
RIDEAI ASK n=1 ahead=2.56 lat=0.12 ang=5.8 charge=1.0
MICHELLE spot | Right stride. Pat him later.
RIDEAI fence 1 -> 2 t=4.74 leave=spot
RIDEAI sit n=2 phase=land pos=1.8,-18.6 ahead=10.64 lat=6.44 ang=46.7 along=8.7 gait=3 v=3.09 rein=1
RIDEAI sit n=2 phase=land pos=4.7,-18.0 ahead=0.9 lat=3.56 ang=107.9 along=8.1 gait=3 v=3.09 rein=1
RIDEAI sit n=2 phase=approach pos=7.8,-19.1 ahead=0.2 lat=0.46 ang=91.6 along=9.2 gait=3 v=2.71 rein=-1
RIDEAI sit n=2 phase=approach pos=9.8,-17.8 ahead=6.0 lat=1.56 ang=30.3 along=7.9 gait=3 v=3.53 rein=-1
MICHELLE soft | One. Wait.
RIDEAI sit n=2 phase=approach pos=9.8,-15.5 ahead=5.71 lat=1.58 ang=25.4 along=5.6 gait=3 v=1.8 rein=0
MICHELLE soft | One. Early.
MICHELLE soft | Early.
RIDEAI sit n=2 phase=approach pos=9.0,-13.8 ahead=3.89 lat=0.78 ang=19.5 along=3.8 gait=3 v=2.79 rein=0
MICHELLE soft | Wait.
MICHELLE soft | Now.
RIDEAI ASK n=2 ahead=2.56 lat=0.08 ang=7.9 charge=1.0
MICHELLE spot | That's seeing it. Do it again.
RIDEAI fence 2 -> 3 t=12.25 leave=spot
RIDEAI sit n=3 phase=approach pos=8.1,-7.9 ahead=8.88 lat=0.1 ang=2.8 along=8.9 gait=3 v=1.4 rein=0
MICHELLE soft | One. Wait.
RIDEAI sit n=3 phase=approach pos=8.0,-5.9 ahead=6.92 lat=0.2 ang=2.8 along=6.9 gait=3 v=2.25 rein=0
MICHELLE soft | One. Early.
RIDEAI sit n=3 phase=approach pos=7.9,-3.5 ahead=4.52 lat=0.3 ang=2.8 along=4.5 gait=3 v=3.06 rein=0
MICHELLE soft | Early.
MICHELLE soft | Wait.
MICHELLE soft | Now.
RIDEAI ASK n=3 ahead=2.59 lat=0.26 ang=0.7 charge=1.0
MICHELLE spot | Yes. That's the leave.
RIDEAI fence 3 -> 4 t=16.82 leave=spot
MICHELLE clear | That's a clear. Good enough.
RIDECERT trace E:/Workspace/Madison/game/../dist/traces/hk_les_003_clear.jsonl n=19
RIDECERT hk_les_003 style=clear success=true faults=0 jumped=3/3 t=18.23 teleported=false complete=true
RIDECERT round hk_les_004 class=lesson seed=3 jo=false style=clear
MICHELLE soft | Two. Wait.
RIDEAI sit n=1 phase=approach pos=0.0,-30.4 ahead=10.73 lat=0.62 ang=0.0 along=10.7 gait=3 v=4.22 rein=0
RIDEAI sit n=1 phase=approach pos=0.0,-27.3 ahead=7.63 lat=0.62 ang=0.0 along=7.6 gait=3 v=2.01 rein=0
MICHELLE soft | One. Wait.
MICHELLE soft | One. Early.
RIDEAI sit n=1 phase=approach pos=-0.1,-24.2 ahead=4.61 lat=0.48 ang=3.5 along=4.6 gait=3 v=3.88 rein=0
MICHELLE soft | Early.
MICHELLE soft | Wait.
MICHELLE soft | Now.
RIDEAI ASK n=1 ahead=2.53 lat=0.2 ang=3.5 charge=1.0
MICHELLE spot | That's the one. Don't fuss after.
RIDEAI fence 1 -> 2 t=4.95 leave=spot
RIDEAI sit n=2 phase=land pos=-0.9,-17.8 ahead=12.49 lat=7.54 ang=33.9 along=10.0 gait=3 v=3.09 rein=-1
RIDEAI sit n=2 phase=land pos=-3.5,-16.4 ahead=4.06 lat=4.86 ang=95.2 along=8.7 gait=3 v=3.09 rein=-1
RIDEAI sit n=2 phase=approach pos=-6.7,-16.8 ahead=0.31 lat=1.66 ang=98.2 along=9.3 gait=3 v=3.76 rein=1
RIDEAI sit n=2 phase=approach pos=-8.9,-15.8 ahead=6.46 lat=0.56 ang=36.0 along=8.4 gait=3 v=3.03 rein=1
MICHELLE soft | One. Wait.
RIDEAI sit n=2 phase=approach pos=-9.1,-13.8 ahead=6.51 lat=0.9 ang=8.3 along=6.4 gait=3 v=2.3 rein=0
MICHELLE soft | One. Early.
MICHELLE soft | Early.
MICHELLE soft | Wait.
MICHELLE soft | Now.
RIDEAI sit n=2 phase=approach pos=-8.5,-10.6 ahead=3.21 lat=0.42 ang=8.3 along=3.2 gait=3 v=3.88 rein=0
RIDEAI ASK n=2 ahead=2.56 lat=0.04 ang=8.3 charge=1.0
MICHELLE spot | That's seeing it. Do it again.
RIDEAI fence 2 -> 3 t=12.0 leave=spot
RIDEAI sit n=3 phase=approach pos=-7.6,-5.1 ahead=8.45 lat=0.2 ang=2.1 along=8.5 gait=3 v=1.67 rein=0
MICHELLE soft | One. Wait.
RIDEAI sit n=3 phase=approach pos=-7.4,-2.9 ahead=6.27 lat=0.28 ang=2.1 along=6.3 gait=3 v=2.25 rein=0
MICHELLE soft | One. Early.
MICHELLE soft | Early.
MICHELLE soft | Wait.
RIDEAI sit n=3 phase=approach pos=-7.2,-0.3 ahead=3.67 lat=0.36 ang=1.4 along=3.7 gait=3 v=3.34 rein=0
MICHELLE soft | Now.
RIDEAI ASK n=3 ahead=2.56 lat=0.26 ang=1.4 charge=1.0
MICHELLE spot | That's the spot. Eyes up now.
RIDEAI fence 3 -> 4 t=16.56 leave=spot
MICHELLE clear | Clear. Leave the ring like you meant it.
RIDECERT trace E:/Workspace/Madison/game/../dist/traces/hk_les_004_clear.jsonl n=19
RIDECERT hk_les_004 style=clear success=true faults=0 jumped=3/3 t=17.95 teleported=false complete=true
RIDECERT round hk_beg_035 class=beginner seed=0 jo=false style=clear
RIDEAI sit n=1 phase=approach pos=8.7,-30.6 ahead=7.47 lat=0.02 ang=3.7 along=7.5 gait=3 v=1.48 rein=-1
RIDEAI sit n=1 phase=approach pos=8.8,-28.3 ahead=5.26 lat=0.06 ang=1.4 along=5.3 gait=3 v=3.29 rein=0
RIDEAI ASK n=1 ahead=2.55 lat=0.2 ang=1.4 charge=1.0
RIDEAI fence 1 -> 2 t=4.14 leave=
RIDEAI sit n=2 phase=land pos=8.8,-21.7 ahead=13.23 lat=16.72 ang=19.0 along=8.2 gait=3 v=3.09 rein=-1
RIDEAI sit n=2 phase=land pos=6.7,-19.7 ahead=15.34 lat=14.46 ang=80.2 along=6.4 gait=3 v=3.09 rein=-1
RIDEAI sit n=2 phase=land pos=3.5,-19.9 ahead=9.91 lat=11.34 ang=100.6 along=6.8 gait=3 v=3.33 rein=0
RIDEAI sit n=2 phase=setup pos=-0.9,-20.6 ahead=4.76 lat=6.98 ang=104.7 along=7.8 gait=3 v=5.55 rein=0
RIDEAI sit n=2 phase=setup pos=-5.2,-21.5 ahead=-0.31 lat=2.72 ang=108.8 along=9.0 gait=3 v=2.19 rein=0
RIDEAI sit n=2 phase=approach pos=-8.1,-21.4 ahead=3.7 lat=0.2 ang=64.8 along=9.1 gait=3 v=1.92 rein=1
RIDEAI sit n=2 phase=approach pos=-9.1,-19.7 ahead=7.51 lat=1.32 ang=0.2 along=7.5 gait=3 v=1.34 rein=1
RIDEAI sit n=2 phase=approach pos=-8.5,-17.5 ahead=5.3 lat=0.84 ang=12.6 along=5.2 gait=3 v=3.41 rein=0
RIDEAI ASK n=2 ahead=2.57 lat=0.02 ang=7.9 charge=1.0
RIDEAI fence 2 -> 3 t=13.56 leave=straight
RIDEAI sit n=3 phase=land pos=-6.9,-11.0 ahead=15.96 lat=15.6 ang=28.3 along=9.7 gait=3 v=3.09 rein=1
RIDEAI sit n=3 phase=land pos=-4.4,-9.4 ahead=14.92 lat=13.08 ang=72.2 along=8.1 gait=3 v=3.22 rein=0
RIDEAI sit n=3 phase=land pos=-1.3,-8.4 ahead=11.7 lat=10.0 ang=72.2 along=7.1 gait=3 v=3.33 rein=0
RIDEAI sit n=3 phase=setup pos=3.0,-9.0 ahead=2.9 lat=5.72 ang=108.9 along=7.7 gait=3 v=5.53 rein=0
RIDEAI sit n=3 phase=setup pos=6.5,-10.3 ahead=-1.44 lat=2.24 ang=113.0 along=9.0 gait=3 v=2.73 rein=0
RIDEAI sit n=3 phase=approach pos=9.3,-10.3 ahead=4.46 lat=0.54 ang=56.7 along=9.0 gait=3 v=1.99 rein=-1
RIDEAI sit n=3 phase=approach pos=10.2,-8.5 ahead=7.3 lat=1.52 ang=9.0 along=7.2 gait=3 v=1.5 rein=-1
RIDEAI sit n=3 phase=approach pos=9.5,-5.9 ahead=4.68 lat=0.8 ang=15.9 along=4.6 gait=3 v=3.71 rein=0
RIDEAI ASK n=3 ahead=2.58 lat=0.02 ang=7.8 charge=1.0
RIDEAI fence 3 -> 4 t=22.8 leave=straight
RIDEAI sit n=4 phase=approach pos=8.6,0.5 ahead=9.1 lat=0.12 ang=2.7 along=9.1 gait=3 v=2.02 rein=0
RIDEAI sit n=4 phase=approach pos=8.5,2.3 ahead=7.24 lat=0.2 ang=2.7 along=7.3 gait=3 v=2.25 rein=0
RIDEAI sit n=4 phase=approach pos=8.4,4.7 ahead=4.93 lat=0.32 ang=2.7 along=4.9 gait=3 v=2.75 rein=0
RIDEAI ASK n=4 ahead=2.54 lat=0.26 ang=0.8 charge=1.0
RIDEAI fence 4 -> 5 t=27.38 leave=straight
RIDEAI sit n=5 phase=approach pos=8.5,11.0 ahead=9.41 lat=0.24 ang=0.8 along=9.4 gait=3 v=3.17 rein=0
RIDEAI sit n=5 phase=approach pos=8.5,12.9 ahead=7.51 lat=0.22 ang=0.8 along=7.5 gait=3 v=2.25 rein=0
RIDEAI sit n=5 phase=approach pos=8.5,15.1 ahead=5.25 lat=0.2 ang=0.8 along=5.3 gait=3 v=2.37 rein=0
RIDEAI ASK n=5 ahead=2.54 lat=0.12 ang=0.8 charge=1.0
RIDEAI fence 5 -> 6 t=31.94 leave=leave
RIDEAI sit n=6 phase=land pos=8.6,21.3 ahead=6.46 lat=6.78 ang=9.5 along=5.4 gait=3 v=3.49 rein=-1
RIDEAI sit n=6 phase=land pos=6.7,23.7 ahead=5.63 lat=4.86 ang=70.7 along=3.2 gait=3 v=3.09 rein=-1
RIDEAI come again n=6 rein=-1 pos=4.3,23.5
RIDEAI sit n=6 phase=away pos=4.0,23.3 ahead=-1.01 lat=2.1 ang=133.7 along=3.7 gait=3 v=1.46 rein=-1
RIDEAI sit n=6 phase=again pos=3.3,21.4 ahead=-5.21 lat=1.52 ang=169.4 along=5.6 gait=3 v=3.11 rein=0
RIDEAI sit n=6 phase=again pos=2.4,17.2 ahead=-9.48 lat=0.74 ang=169.4 along=9.8 gait=3 v=5.41 rein=0
RIDEAI sit n=6 phase=approach pos=1.1,13.2 ahead=-10.1 lat=0.44 ang=135.1 along=13.8 gait=3 v=2.19 rein=1
RIDEAI sit n=6 phase=setup pos=-1.8,12.7 ahead=1.21 lat=3.26 ang=72.6 along=14.5 gait=3 v=1.92 rein=1
RIDEAI sit n=6 phase=setup pos=-3.3,14.7 ahead=11.26 lat=4.8 ang=11.4 along=12.5 gait=3 v=3.76 rein=1
RIDEAI sit n=6 phase=setup pos=-2.4,17.0 ahead=9.51 lat=4.0 ang=51.0 along=10.2 gait=3 v=3.03 rein=1
RIDEAI sit n=6 phase=approach pos=0.3,17.6 ahead=3.51 lat=1.36 ang=76.7 along=9.5 gait=3 v=2.3 rein=-1
RIDEAI sit n=6 phase=approach pos=2.4,19.6 ahead=7.11 lat=0.66 ang=12.8 along=7.4 gait=3 v=1.42 rein=-1
RIDEAI sit n=6 phase=approach pos=2.3,21.7 ahead=5.32 lat=0.54 ang=4.6 along=5.3 gait=3 v=3.21 rein=0
RIDEAI ASK n=6 ahead=2.56 lat=0.12 ang=4.6 charge=1.0
RIDEAI fence 6 -> 7 t=45.24 leave=leave
RIDEAI sit n=7 phase=land pos=1.9,28.3 ahead=-18.9 lat=6.68 ang=157.2 along=23.3 gait=3 v=3.14 rein=-1
RIDEAI sit n=7 phase=land pos=-0.3,30.2 ahead=1.66 lat=4.3 ang=96.0 along=25.0 gait=3 v=3.09 rein=-1
RIDEAI sit n=7 phase=land pos=-3.1,29.2 ahead=20.47 lat=1.62 ang=34.7 along=23.8 gait=3 v=3.17 rein=-1
RIDEAI sit n=7 phase=approach pos=-4.3,25.1 ahead=19.54 lat=0.78 ang=6.1 along=19.6 gait=3 v=5.47 rein=0
RIDEAI sit n=7 phase=approach pos=-5.3,19.7 ahead=13.99 lat=0.18 ang=6.1 along=14.1 gait=3 v=5.55 rein=0
RIDEAI sit n=7 phase=approach pos=-6.3,14.3 ahead=8.66 lat=0.36 ang=1.5 along=8.7 gait=3 v=4.07 rein=0
RIDEAI sit n=7 phase=approach pos=-6.6,11.9 ahead=6.15 lat=0.42 ang=1.5 along=6.2 gait=3 v=2.95 rein=0
RIDEAI ASK n=7 ahead=2.54 lat=0.3 ang=2.0 charge=1.0
RIDEAI fence 7 -> 8 t=53.9 leave=leave
RIDEAI sit n=8 phase=jump pos=-7.0,5.2 ahead=16.04 lat=13.86 ang=1.7 along=15.6 gait=3 v=3.88 rein=0
RIDEAI sit n=8 phase=land pos=-5.6,2.5 ahead=16.85 lat=12.24 ang=63.0 along=13.1 gait=3 v=3.09 rein=-1
RIDEAI sit n=8 phase=land pos=-2.9,0.9 ahead=13.65 lat=9.4 ang=63.0 along=11.6 gait=3 v=3.22 rein=0
RIDEAI sit n=8 phase=setup pos=0.6,-1.0 ahead=9.12 lat=5.78 ang=68.1 along=10.0 gait=3 v=5.02 rein=0
RIDEAI sit n=8 phase=setup pos=3.8,-2.6 ahead=5.01 lat=2.38 ang=71.6 along=8.7 gait=3 v=2.41 rein=0
RIDEAI sit n=8 phase=approach pos=5.7,-4.8 ahead=6.51 lat=0.32 ang=16.5 along=6.7 gait=3 v=2.67 rein=1
RIDEAI sit n=8 phase=approach pos=5.7,-6.8 ahead=4.71 lat=0.16 ang=3.7 along=4.7 gait=3 v=2.87 rein=0
RIDEAI ASK n=8 ahead=2.53 lat=0.14 ang=3.7 charge=1.0
RIDEAI fence 8 -> 9 t=61.95 leave=leave
RIDECERT trace E:/Workspace/Madison/game/../dist/traces/hk_beg_035_clear.jsonl n=70
RIDECERT hk_beg_035 style=clear success=true faults=0 jumped=8/8 t=67.28 teleported=false complete=true
RIDECERT round hk_beg_039 class=beginner seed=1 jo=false style=clear
RIDEAI sit n=1 phase=approach pos=-8.0,-30.5 ahead=8.7 lat=0.02 ang=4.1 along=8.7 gait=3 v=1.48 rein=1
RIDEAI sit n=1 phase=approach pos=-8.0,-28.3 ahead=6.48 lat=0.1 ang=2.9 along=6.5 gait=3 v=3.29 rein=0
RIDEAI sit n=1 phase=approach pos=-7.9,-24.5 ahead=2.69 lat=0.24 ang=0.6 along=2.7 gait=3 v=3.88 rein=0
RIDEAI ASK n=1 ahead=2.56 lat=0.22 ang=0.6 charge=1.0
RIDEAI fence 1 -> 2 t=4.45 leave=leave
RIDEAI sit n=2 phase=approach pos=-7.5,-19.2 ahead=8.17 lat=0.2 ang=0.6 along=8.2 gait=3 v=2.01 rein=0
RIDEAI sit n=2 phase=approach pos=-7.4,-17.0 ahead=5.93 lat=0.18 ang=0.6 along=5.9 gait=3 v=2.25 rein=0
RIDEAI sit n=2 phase=approach pos=-7.2,-14.2 ahead=3.13 lat=0.14 ang=0.6 along=3.1 gait=3 v=3.64 rein=0
RIDEAI ASK n=2 ahead=2.56 lat=0.12 ang=0.6 charge=1.0
RIDEAI fence 2 -> 3 t=8.98 leave=leave
RIDEAI sit n=3 phase=land pos=-5.6,-8.4 ahead=15.43 lat=12.44 ang=55.0 along=9.1 gait=3 v=3.09 rein=1
RIDEAI sit n=3 phase=land pos=-2.6,-7.9 ahead=8.99 lat=9.42 ang=92.8 along=8.7 gait=3 v=3.22 rein=0
RIDEAI sit n=3 phase=setup pos=1.0,-8.3 ahead=4.65 lat=5.78 ang=96.9 along=9.0 gait=3 v=4.64 rein=0
RIDEAI sit n=3 phase=setup pos=4.3,-8.7 ahead=0.72 lat=2.46 ang=100.4 along=9.4 gait=3 v=2.13 rein=0
RIDEAI sit n=3 phase=approach pos=7.2,-8.0 ahead=5.49 lat=0.36 ang=49.0 along=8.8 gait=3 v=2.85 rein=-1
RIDEAI sit n=3 phase=approach pos=7.7,-6.6 ahead=7.34 lat=0.9 ang=6.2 along=7.3 gait=3 v=1.8 rein=0
RIDEAI sit n=3 phase=approach pos=7.4,-3.7 ahead=4.44 lat=0.58 ang=6.2 along=4.4 gait=3 v=3.88 rein=0
RIDEAI ASK n=3 ahead=2.56 lat=0.1 ang=6.2 charge=1.0
RIDEAI fence 3 -> 4 t=17.73 leave=leave
RIDEAI sit n=4 phase=land pos=6.3,2.7 ahead=16.14 lat=14.38 ang=40.9 along=8.9 gait=3 v=3.09 rein=-1
RIDEAI sit n=4 phase=land pos=3.5,3.8 ahead=10.84 lat=11.58 ang=95.0 along=8.0 gait=3 v=3.09 rein=0
RIDEAI sit n=4 phase=setup pos=0.2,3.7 ahead=6.87 lat=8.28 ang=99.1 along=8.3 gait=3 v=3.87 rein=0
RIDEAI sit n=4 phase=setup pos=-4.6,3.3 ahead=1.7 lat=3.56 ang=101.4 along=9.0 gait=3 v=3.92 rein=-1
RIDEAI sit n=4 phase=approach pos=-7.4,3.1 ahead=2.36 lat=0.74 ang=80.1 along=9.4 gait=3 v=3.72 rein=1
RIDEAI sit n=4 phase=approach pos=-9.1,4.7 ahead=7.38 lat=1.04 ang=16.2 along=8.0 gait=3 v=1.34 rein=1
RIDEAI sit n=4 phase=approach pos=-8.7,6.6 ahead=6.14 lat=0.84 ang=9.4 along=6.1 gait=3 v=2.91 rein=0
RIDEAI ASK n=4 ahead=2.58 lat=0.16 ang=9.4 charge=1.0
RIDEAI fence 4 -> 5 t=26.63 leave=leave
RIDEAI sit n=5 phase=land pos=-7.2,13.0 ahead=14.61 lat=13.98 ang=14.4 along=11.5 gait=3 v=3.84 rein=1
RIDEAI sit n=5 phase=land pos=-5.1,15.2 ahead=13.81 lat=11.86 ang=75.7 along=9.3 gait=3 v=3.09 rein=1
RIDEAI sit n=5 phase=land pos=-1.9,15.3 ahead=8.87 lat=8.7 ang=88.9 along=9.2 gait=3 v=3.22 rein=0
RIDEAI sit n=5 phase=setup pos=2.1,15.1 ahead=4.06 lat=4.74 ang=94.0 along=9.4 gait=3 v=5.06 rein=0
RIDEAI sit n=5 phase=approach pos=5.1,14.8 ahead=1.19 lat=1.7 ang=93.0 along=9.7 gait=3 v=3.15 rein=-1
RIDEAI sit n=5 phase=approach pos=7.5,15.9 ahead=7.02 lat=0.68 ang=30.6 along=8.6 gait=3 v=2.42 rein=-1
RIDEAI sit n=5 phase=approach pos=7.6,17.7 ahead=6.88 lat=0.78 ang=6.2 along=6.8 gait=3 v=2.41 rein=0
RIDEAI sit n=5 phase=approach pos=7.2,21.1 ahead=3.46 lat=0.42 ang=6.2 along=3.4 gait=3 v=3.88 rein=0
RIDEAI ASK n=5 ahead=2.55 lat=0.04 ang=6.2 charge=1.0
RIDEAI fence 5 -> 6 t=35.31 leave=leave
RIDEAI sit n=6 phase=land pos=5.7,27.0 ahead=6.99 lat=5.54 ang=50.6 along=4.3 gait=3 v=3.09 rein=-1
RIDEAI sit n=6 phase=land pos=2.7,27.3 ahead=1.0 lat=2.62 ang=111.9 along=3.8 gait=3 v=3.09 rein=-1
RIDEAI come again n=6 rein=-1 pos=2.6,27.3
RIDEAI sit n=6 phase=again pos=1.7,25.9 ahead=-4.92 lat=1.58 ang=169.3 along=5.3 gait=3 v=2.49 rein=0
RIDEAI sit n=6 phase=again pos=1.1,22.2 ahead=-8.58 lat=0.9 ang=169.3 along=8.9 gait=3 v=4.79 rein=0
RIDEAI sit n=6 phase=approach pos=0.2,17.6 ahead=-11.49 lat=0.16 ang=147.1 along=13.6 gait=3 v=2.35 rein=1
RIDEAI sit n=6 phase=setup pos=-2.4,16.4 ahead=-1.54 lat=2.74 ang=85.3 along=14.6 gait=3 v=3.43 rein=1
RIDEAI sit n=6 phase=setup pos=-3.8,17.6 ahead=11.81 lat=4.16 ang=15.5 along=13.4 gait=3 v=2.58 rein=1
RIDEAI sit n=6 phase=setup pos=-3.0,20.3 ahead=9.33 lat=3.32 ang=50.9 along=10.7 gait=3 v=1.92 rein=1
RIDEAI sit n=6 phase=approach pos=-0.3,21.5 ahead=6.26 lat=0.6 ang=53.1 along=9.6 gait=3 v=3.14 rein=-1
RIDEAI sit n=6 phase=approach pos=0.3,23.0 ahead=8.12 lat=0.12 ang=2.9 along=8.1 gait=3 v=1.65 rein=0
RIDEAI sit n=6 phase=approach pos=0.4,25.7 ahead=5.36 lat=0.26 ang=2.9 along=5.4 gait=3 v=3.87 rein=0
RIDEAI ASK n=6 ahead=2.54 lat=0.26 ang=0.6 charge=1.0
RIDEAI fence 6 -> 7 t=48.23 leave=leave
RIDEAI sit n=7 phase=land pos=0.1,32.4 ahead=-9.61 lat=7.08 ang=163.1 along=12.2 gait=3 v=3.14 rein=-1
RIDEAI sit n=7 phase=land pos=-2.1,34.4 ahead=1.88 lat=4.88 ang=101.8 along=14.2 gait=3 v=3.09 rein=-1
RIDEAI sit n=7 phase=land pos=-4.9,33.4 ahead=11.39 lat=2.1 ang=40.6 along=13.2 gait=3 v=3.17 rein=-1
RIDEAI sit n=7 phase=approach pos=-6.1,29.3 ahead=9.09 lat=0.82 ang=12.0 along=9.1 gait=3 v=4.83 rein=0
RIDEAI sit n=7 phase=approach pos=-6.5,26.8 ahead=6.62 lat=0.42 ang=6.1 along=6.6 gait=3 v=2.68 rein=0
RIDEAI sit n=7 phase=approach pos=-6.9,23.2 ahead=3.05 lat=0.04 ang=6.1 along=3.1 gait=3 v=3.88 rein=0
RIDEAI ASK n=7 ahead=2.54 lat=0.06 ang=1.5 charge=1.0
RIDEAI fence 7 -> 8 t=55.04 leave=straight
RIDEAI sit n=8 phase=land pos=-6.0,17.2 ahead=30.61 lat=13.18 ang=28.4 along=27.7 gait=3 v=3.22 rein=0
RIDEAI sit n=8 phase=land pos=-4.6,14.3 ahead=27.39 lat=11.64 ang=28.4 along=24.8 gait=3 v=3.22 rein=0
RIDEAI sit n=8 phase=setup pos=-2.8,11.0 ahead=23.52 lat=9.76 ang=32.5 along=21.7 gait=3 v=4.68 rein=0
RIDEAI sit n=8 phase=setup pos=-0.1,6.4 ahead=18.13 lat=6.86 ang=32.5 along=17.1 gait=3 v=5.55 rein=0
RIDEAI sit n=8 phase=setup pos=2.8,1.9 ahead=11.28 lat=3.84 ang=48.5 along=12.7 gait=3 v=3.92 rein=-1
RIDEAI sit n=8 phase=setup pos=4.6,0.3 ahead=7.61 lat=2.0 ang=57.8 along=11.1 gait=3 v=2.89 rein=0
RIDEAI sit n=8 phase=approach pos=5.9,-2.1 ahead=8.83 lat=0.68 ang=7.4 along=8.8 gait=3 v=1.59 rein=0
RIDEAI sit n=8 phase=approach pos=6.1,-4.7 ahead=6.16 lat=0.32 ang=7.4 along=6.2 gait=3 v=3.75 rein=0
RIDEAI ASK n=8 ahead=2.55 lat=0.18 ang=3.9 charge=1.0
RIDEAI fence 8 -> 9 t=65.26 leave=leave
RIDECERT trace E:/Workspace/Madison/game/../dist/traces/hk_beg_039_clear.jsonl n=73
RIDECERT hk_beg_039 style=clear success=true faults=0 jumped=8/8 t=70.73 teleported=false complete=true
RIDECERT round hk_beg_004 class=beginner seed=2 jo=false style=clear
RIDEAI sit n=1 phase=approach pos=6.9,-31.6 ahead=6.44 lat=0.18 ang=4.1 along=6.4 gait=3 v=2.49 rein=0
RIDEAI sit n=1 phase=approach pos=7.1,-28.1 ahead=2.97 lat=0.06 ang=4.1 along=3.0 gait=3 v=3.88 rein=0
RIDEAI ASK n=1 ahead=2.53 lat=0.16 ang=1.7 charge=1.0
RIDEAI fence 1 -> 2 t=3.53 leave=leave
RIDEAI sit n=2 phase=land pos=6.1,-22.3 ahead=15.73 lat=13.88 ang=54.2 along=7.6 gait=3 v=3.09 rein=-1
RIDEAI sit n=2 phase=land pos=3.2,-21.8 ahead=9.6 lat=10.9 ang=99.1 along=7.3 gait=3 v=3.22 rein=0
RIDEAI sit n=2 phase=setup pos=-0.5,-22.3 ahead=5.23 lat=7.26 ang=103.2 along=8.0 gait=3 v=4.71 rein=0
RIDEAI sit n=2 phase=setup pos=-5.0,-23.1 ahead=0.68 lat=2.82 ang=103.2 along=9.1 gait=3 v=2.0 rein=0
RIDEAI sit n=2 phase=approach pos=-7.9,-23.1 ahead=3.43 lat=0.12 ang=67.4 along=9.2 gait=3 v=2.57 rein=1
RIDEAI sit n=2 phase=approach pos=-9.0,-21.5 ahead=7.58 lat=1.28 ang=3.1 along=7.7 gait=3 v=1.34 rein=1
RIDEAI sit n=2 phase=approach pos=-8.5,-19.3 ahead=5.51 lat=0.84 ang=12.0 along=5.5 gait=3 v=3.33 rein=0
RIDEAI ASK n=2 ahead=2.54 lat=0.0 ang=7.4 charge=1.0
RIDEAI fence 2 -> 3 t=12.61 leave=leave
RIDEAI sit n=3 phase=land pos=-7.1,-12.8 ahead=15.45 lat=14.54 ang=24.8 along=10.3 gait=3 v=3.29 rein=1
RIDEAI sit n=3 phase=land pos=-4.7,-11.0 ahead=12.67 lat=12.1 ang=86.0 along=8.7 gait=3 v=3.09 rein=1
RIDEAI sit n=3 phase=land pos=-1.5,-11.0 ahead=8.58 lat=8.92 ang=92.2 along=8.8 gait=3 v=3.22 rein=0
RIDEAI sit n=3 phase=setup pos=0.6,-11.1 ahead=5.71 lat=6.78 ang=96.5 along=9.0 gait=3 v=2.32 rein=0
RIDEAI sit n=3 phase=setup pos=3.9,-11.4 ahead=2.44 lat=3.52 ang=96.5 along=9.3 gait=3 v=3.88 rein=0
RIDEAI sit n=3 phase=around pos=6.5,-11.5 ahead=3.03 lat=0.94 ang=77.1 along=9.5 gait=3 v=3.15 rein=-1
RIDEAI sit n=3 phase=approach pos=8.4,-9.8 ahead=7.5 lat=1.0 ang=13.0 along=7.9 gait=3 v=1.34 rein=-1
RIDEAI sit n=3 phase=approach pos=8.1,-7.8 ahead=6.02 lat=0.8 ang=7.9 along=6.0 gait=3 v=2.98 rein=0
RIDEAI ASK n=3 ahead=2.57 lat=0.02 ang=7.9 charge=1.0
RIDEAI fence 3 -> 4 t=22.19 leave=leave
RIDEAI sit n=4 phase=approach pos=6.9,-1.3 ahead=6.9 lat=0.1 ang=4.4 along=6.9 gait=3 v=3.55 rein=1
RIDEAI sit n=4 phase=approach pos=6.8,0.7 ahead=4.92 lat=0.14 ang=1.0 along=4.9 gait=3 v=2.25 rein=0
RIDEAI sit n=4 phase=approach pos=6.7,2.9 ahead=2.66 lat=0.18 ang=1.0 along=2.7 gait=3 v=2.25 rein=0
RIDEAI ASK n=4 ahead=2.59 lat=0.22 ang=1.0 charge=1.0
RIDEAI fence 4 -> 5 t=25.7 leave=leave
RIDEAI sit n=5 phase=land pos=4.9,8.9 ahead=17.28 lat=13.34 ang=66.0 along=12.5 gait=3 v=3.09 rein=-1
RIDEAI sit n=5 phase=land pos=1.9,10.0 ahead=12.92 lat=10.28 ang=75.2 along=11.7 gait=3 v=3.22 rein=0
RIDEAI sit n=5 phase=setup pos=-1.7,11.1 ahead=8.42 lat=6.52 ang=79.3 along=10.9 gait=3 v=4.91 rein=0
RIDEAI sit n=5 phase=setup pos=-5.7,12.1 ahead=3.77 lat=2.5 ang=82.8 along=10.2 gait=3 v=2.12 rein=0
RIDEAI sit n=5 phase=approach pos=-8.1,13.6 ahead=7.29 lat=0.08 ang=33.7 along=8.8 gait=3 v=2.15 rein=1
RIDEAI sit n=5 phase=approach pos=-8.3,15.3 ahead=7.19 lat=0.32 ang=0.8 along=7.2 gait=3 v=2.38 rein=0
RIDEAI sit n=5 phase=approach pos=-8.0,18.6 ahead=3.84 lat=0.36 ang=0.8 along=3.8 gait=3 v=3.88 rein=0
RIDEAI ASK n=5 ahead=2.56 lat=0.24 ang=2.7 charge=1.0
RIDEAI fence 5 -> 6 t=34.42 leave=straight
RIDEAI sit n=6 phase=land pos=-6.6,24.7 ahead=7.97 lat=6.6 ang=47.1 along=4.6 gait=3 v=3.09 rein=1
RIDEAI sit n=6 phase=land pos=-3.7,25.3 ahead=2.27 lat=3.72 ang=108.4 along=4.0 gait=3 v=3.09 rein=1
RIDEAI sit n=6 phase=approach pos=-1.5,23.0 ahead=-3.73 lat=1.5 ang=138.5 along=6.3 gait=3 v=3.45 rein=-1
RIDEAI sit n=6 phase=approach pos=0.8,22.4 ahead=0.84 lat=0.78 ang=76.6 along=6.9 gait=3 v=3.34 rein=-1
RIDEAI sit n=6 phase=setup pos=3.1,23.4 ahead=-3.0 lat=3.06 ang=89.4 along=6.0 gait=3 v=2.28 rein=1
RIDEAI sit n=6 phase=setup pos=5.5,21.9 ahead=-9.2 lat=5.54 ang=151.8 along=7.5 gait=3 v=1.92 rein=1
RIDEAI sit n=6 phase=setup pos=5.2,19.3 ahead=-5.57 lat=5.22 ang=146.9 along=10.1 gait=3 v=3.83 rein=1
RIDEAI sit n=6 phase=setup pos=3.1,18.2 ahead=4.1 lat=3.06 ang=84.5 along=11.1 gait=3 v=3.11 rein=1
RIDEAI sit n=6 phase=approach pos=0.7,19.6 ahead=9.01 lat=0.74 ang=27.2 along=9.8 gait=3 v=2.38 rein=1
RIDEAI sit n=6 phase=approach pos=0.5,21.3 ahead=8.01 lat=0.46 ang=6.2 along=8.0 gait=3 v=2.52 rein=0
RIDEAI sit n=6 phase=approach pos=0.1,24.8 ahead=4.52 lat=0.08 ang=6.2 along=4.5 gait=3 v=3.88 rein=0
RIDEAI ASK n=6 ahead=2.53 lat=0.16 ang=2.7 charge=1.0
RIDEAI fence 6 -> 7 t=47.01 leave=straight
RIDEAI sit n=7 phase=land pos=-0.6,31.2 ahead=-15.17 lat=5.06 ang=145.8 along=21.8 gait=3 v=3.09 rein=-1
RIDEAI sit n=7 phase=land pos=-3.2,32.6 ahead=4.57 lat=2.4 ang=84.5 along=23.0 gait=3 v=3.09 rein=-1
RIDEAI sit n=7 phase=around pos=-5.7,30.9 ahead=19.46 lat=0.0 ang=23.3 along=21.2 gait=3 v=3.67 rein=-1
RIDEAI sit n=7 phase=around pos=-5.7,28.4 ahead=17.17 lat=0.18 ang=22.8 along=18.7 gait=3 v=2.91 rein=0
RIDEAI sit n=7 phase=approach pos=-4.3,24.6 ahead=14.0 lat=1.7 ang=14.6 along=14.9 gait=3 v=5.21 rein=1
RIDEAI sit n=7 phase=approach pos=-4.9,19.2 ahead=9.62 lat=1.38 ang=6.8 along=9.5 gait=3 v=5.55 rein=0
RIDEAI sit n=7 phase=approach pos=-5.4,16.2 ahead=6.64 lat=1.04 ang=6.8 along=6.6 gait=3 v=2.45 rein=0
RIDEAI sit n=7 phase=approach pos=-6.1,12.9 ahead=3.19 lat=0.5 ang=10.3 along=3.2 gait=3 v=3.88 rein=0
RIDEAI ASK n=7 ahead=2.55 lat=0.08 ang=10.3 charge=1.0
RIDEAI fence 7 -> 8 t=56.09 leave=straight
RIDEAI sit n=8 phase=land pos=-6.4,6.8 ahead=19.98 lat=9.54 ang=32.3 along=17.6 gait=3 v=3.09 rein=-1
RIDEAI sit n=8 phase=land pos=-4.0,4.8 ahead=15.76 lat=7.28 ang=47.6 along=15.4 gait=3 v=3.22 rein=0
RIDEAI sit n=8 phase=setup pos=-1.0,2.7 ahead=11.48 lat=4.48 ang=52.7 along=13.1 gait=3 v=4.6 rein=0
RIDEAI sit n=8 phase=setup pos=1.3,1.2 ahead=8.59 lat=2.28 ang=53.7 along=11.4 gait=3 v=3.26 rein=-1
RIDEAI sit n=8 phase=approach pos=2.9,-0.7 ahead=9.41 lat=0.88 ang=9.4 along=9.4 gait=3 v=2.4 rein=0
RIDEAI sit n=8 phase=approach pos=3.3,-2.4 ahead=7.58 lat=0.58 ang=9.4 along=7.6 gait=3 v=2.6 rein=0
RIDEAI sit n=8 phase=approach pos=4.0,-5.9 ahead=4.07 lat=0.16 ang=5.9 along=4.1 gait=3 v=3.88 rein=0
RIDEAI ASK n=8 ahead=2.59 lat=0.1 ang=2.4 charge=1.0
RIDEAI fence 8 -> 9 t=64.71 leave=leave
RIDECERT trace E:/Workspace/Madison/game/../dist/traces/hk_beg_004_clear.jsonl n=73
RIDECERT hk_beg_004 style=clear success=true faults=0 jumped=8/8 t=70.31 teleported=false complete=true
RIDECERT round hk_beg_034 class=beginner seed=3 jo=false style=clear
RIDEAI sit n=1 phase=approach pos=7.9,-30.6 ahead=8.58 lat=0.0 ang=3.7 along=8.6 gait=3 v=1.48 rein=-1
RIDEAI sit n=1 phase=approach pos=8.0,-28.3 ahead=6.37 lat=0.1 ang=2.6 along=6.4 gait=3 v=3.29 rein=0
RIDEAI sit n=1 phase=approach pos=8.1,-24.5 ahead=2.58 lat=0.24 ang=2.1 along=2.6 gait=3 v=3.88 rein=0
RIDEAI ASK n=1 ahead=2.58 lat=0.14 ang=2.1 charge=1.0
RIDEAI fence 1 -> 2 t=4.42 leave=leave
RIDEAI sit n=2 phase=land pos=6.4,-19.0 ahead=14.89 lat=15.04 ang=66.3 along=2.8 gait=3 v=3.09 rein=-1
RIDEAI sit n=2 phase=land pos=3.4,-19.1 ahead=9.71 lat=12.06 ang=114.3 along=3.1 gait=3 v=3.22 rein=0
RIDEAI come again n=2 rein=-1 pos=2.4,-19.5
RIDEAI sit n=2 phase=again pos=1.5,-20.2 ahead=2.98 lat=10.2 ang=141.2 along=4.4 gait=3 v=1.84 rein=1
RIDEAI sit n=2 phase=again pos=-0.6,-22.4 ahead=-0.03 lat=8.32 ang=141.2 along=6.7 gait=3 v=4.14 rein=0
RIDEAI sit n=2 phase=again pos=-4.0,-26.2 ahead=-5.16 lat=5.1 ang=141.2 along=10.7 gait=3 v=5.55 rein=0
RIDEAI sit n=2 phase=setup pos=-7.2,-28.3 ahead=1.25 lat=2.08 ang=93.6 along=13.1 gait=3 v=2.42 rein=1
RIDEAI sit n=2 phase=approach pos=-9.7,-26.9 ahead=9.85 lat=0.46 ang=31.2 along=11.8 gait=3 v=1.92 rein=1
RIDEAI sit n=2 phase=approach pos=-9.8,-24.1 ahead=9.07 lat=0.74 ang=0.5 along=9.1 gait=3 v=2.72 rein=0
RIDEAI sit n=2 phase=approach pos=-9.6,-22.1 ahead=7.08 lat=0.68 ang=4.0 along=7.1 gait=3 v=2.83 rein=0
RIDEAI sit n=2 phase=approach pos=-9.1,-18.5 ahead=3.43 lat=0.44 ang=4.0 along=3.4 gait=3 v=3.88 rein=0
RIDEAI ASK n=2 ahead=2.53 lat=0.2 ang=4.0 charge=1.0
RIDEAI fence 2 -> 3 t=16.08 leave=leave
RIDEAI sit n=3 phase=land pos=-7.3,-12.6 ahead=17.07 lat=15.2 ang=53.9 along=8.1 gait=3 v=3.09 rein=1
RIDEAI sit n=3 phase=land pos=-4.3,-12.0 ahead=11.24 lat=12.22 ang=96.8 along=7.5 gait=3 v=3.09 rein=0
RIDEAI sit n=3 phase=setup pos=-0.8,-12.5 ahead=7.04 lat=8.72 ang=100.9 along=8.0 gait=3 v=4.45 rein=0
RIDEAI sit n=3 phase=setup pos=4.2,-13.5 ahead=1.86 lat=3.62 ang=100.9 along=9.0 gait=3 v=4.21 rein=0
RIDEAI sit n=3 phase=approach pos=7.1,-13.9 ahead=2.03 lat=0.82 ang=82.5 along=9.4 gait=3 v=3.65 rein=-1
RIDEAI sit n=3 phase=approach pos=9.0,-12.5 ahead=7.21 lat=1.1 ang=19.1 along=8.0 gait=3 v=1.64 rein=-1
RIDEAI sit n=3 phase=approach pos=8.8,-10.7 ahead=6.26 lat=0.92 ang=10.0 along=6.2 gait=3 v=2.79 rein=0
RIDEAI sit n=3 phase=approach pos=8.2,-7.1 ahead=2.62 lat=0.28 ang=10.0 along=2.6 gait=3 v=3.88 rein=0
RIDEAI ASK n=3 ahead=2.56 lat=0.16 ang=10.0 charge=1.0
RIDEAI fence 3 -> 4 t=25.27 leave=straight
RIDEAI sit n=4 phase=approach pos=7.5,-1.9 ahead=8.23 lat=0.34 ang=1.8 along=8.2 gait=3 v=1.94 rein=0
RIDEAI sit n=4 phase=approach pos=7.5,0.4 ahead=6.0 lat=0.42 ang=1.8 along=6.0 gait=3 v=2.25 rein=0
RIDEAI sit n=4 phase=approach pos=7.5,3.2 ahead=3.2 lat=0.38 ang=1.7 along=3.2 gait=3 v=3.68 rein=0
RIDEAI ASK n=4 ahead=2.56 lat=0.3 ang=1.7 charge=1.0
RIDEAI fence 4 -> 5 t=29.83 leave=leave
RIDEAI sit n=5 phase=approach pos=7.6,8.7 ahead=8.48 lat=0.22 ang=1.7 along=8.5 gait=3 v=1.67 rein=0
RIDEAI sit n=5 phase=approach pos=7.7,10.9 ahead=6.29 lat=0.16 ang=1.7 along=6.3 gait=3 v=2.25 rein=0
RIDEAI sit n=5 phase=approach pos=7.8,13.5 ahead=3.67 lat=0.08 ang=1.7 along=3.7 gait=3 v=3.34 rein=0
RIDEAI ASK n=5 ahead=2.56 lat=0.02 ang=1.7 charge=1.0
RIDEAI fence 5 -> 6 t=34.39 leave=leave
RIDEAI sit n=6 phase=land pos=7.2,19.6 ahead=12.54 lat=6.88 ang=38.5 along=10.5 gait=3 v=3.09 rein=-1
RIDEAI sit n=6 phase=land pos=4.4,20.6 ahead=3.86 lat=4.12 ang=91.6 along=9.5 gait=3 v=3.09 rein=0
RIDEAI sit n=6 phase=approach pos=1.1,20.6 ahead=3.65 lat=0.82 ang=72.2 along=9.4 gait=3 v=2.57 rein=1
RIDEAI sit n=6 phase=approach pos=-0.3,22.1 ahead=7.68 lat=0.54 ang=8.7 along=7.8 gait=3 v=1.34 rein=1
RIDEAI sit n=6 phase=approach pos=-0.3,24.2 ahead=5.77 lat=0.5 ang=1.8 along=5.8 gait=3 v=3.14 rein=0
RIDEAI ASK n=6 ahead=2.58 lat=0.3 ang=1.8 charge=1.0
RIDEAI fence 6 -> 7 t=41.35 leave=leave
RIDEAI sit n=7 phase=land pos=-0.3,30.9 ahead=-11.03 lat=7.22 ang=171.2 along=12.3 gait=3 v=3.49 rein=-1
RIDEAI sit n=7 phase=land pos=-2.2,33.2 ahead=0.04 lat=5.34 ang=110.0 along=14.6 gait=3 v=3.09 rein=-1
RIDEAI sit n=7 phase=land pos=-5.1,32.7 ahead=11.06 lat=2.44 ang=48.7 along=14.0 gait=3 v=3.09 rein=-1
RIDEAI sit n=7 phase=approach pos=-6.6,28.9 ahead=10.24 lat=1.02 ang=12.0 along=10.2 gait=3 v=5.2 rein=0
RIDEAI sit n=7 phase=approach pos=-7.2,25.7 ahead=6.99 lat=0.42 ang=6.1 along=7.0 gait=3 v=2.41 rein=0
RIDEAI sit n=7 phase=approach pos=-7.6,22.4 ahead=3.71 lat=0.08 ang=6.1 along=3.7 gait=3 v=3.88 rein=0
RIDEAI ASK n=7 ahead=2.56 lat=0.12 ang=2.7 charge=1.0
RIDEAI fence 7 -> 8 t=48.22 leave=leave
RIDEAI sit n=8 phase=land pos=-7.3,16.2 ahead=33.26 lat=13.62 ang=29.4 along=30.5 gait=3 v=3.22 rein=0
RIDEAI sit n=8 phase=land pos=-5.9,13.3 ahead=30.04 lat=12.04 ang=29.4 along=27.7 gait=3 v=3.22 rein=0
RIDEAI sit n=8 phase=setup pos=-4.3,10.2 ahead=26.28 lat=10.32 ang=33.4 along=24.7 gait=3 v=4.29 rein=-1
RIDEAI sit n=8 phase=setup pos=-1.7,5.7 ahead=21.06 lat=7.46 ang=33.4 along=20.3 gait=3 v=5.55 rein=0
RIDEAI sit n=8 phase=setup pos=1.1,0.9 ahead=15.51 lat=4.4 ang=33.4 along=15.7 gait=3 v=5.55 rein=0
RIDEAI sit n=8 phase=setup pos=3.3,-2.5 ahead=11.09 lat=2.08 ang=37.9 along=12.4 gait=3 v=2.23 rein=0
RIDEAI sit n=8 phase=approach pos=4.0,-5.2 ahead=9.73 lat=1.18 ang=13.5 along=9.7 gait=3 v=3.92 rein=0
RIDEAI sit n=8 phase=approach pos=4.4,-7.5 ahead=7.53 lat=0.7 ang=7.7 along=7.5 gait=3 v=2.41 rein=0
RIDEAI sit n=8 phase=approach pos=4.7,-10.9 ahead=4.13 lat=0.24 ang=7.7 along=4.1 gait=3 v=3.88 rein=0
RIDEAI ASK n=8 ahead=2.59 lat=0.1 ang=4.2 charge=1.0
RIDEAI fence 8 -> 9 t=58.73 leave=leave
RIDECERT trace E:/Workspace/Madison/game/../dist/traces/hk_beg_034_clear.jsonl n=66
RIDECERT hk_beg_034 style=clear success=true faults=0 jumped=8/8 t=63.44 teleported=false complete=true
RIDECERT round hk_beg_007 class=beginner seed=4 jo=false style=clear
RIDEAI sit n=1 phase=approach pos=8.2,-30.6 ahead=7.97 lat=0.14 ang=4.2 along=8.0 gait=3 v=1.34 rein=0
RIDEAI sit n=1 phase=approach pos=8.3,-28.4 ahead=5.68 lat=0.02 ang=4.2 along=5.7 gait=3 v=3.37 rein=0
RIDEAI ASK n=1 ahead=2.58 lat=0.2 ang=0.7 charge=1.0
RIDEAI fence 1 -> 2 t=4.24 leave=leave
RIDEAI sit n=2 phase=land pos=8.5,-21.6 ahead=8.82 lat=15.94 ang=13.5 along=5.2 gait=3 v=3.39 rein=-1
RIDEAI sit n=2 phase=land pos=6.5,-19.4 ahead=14.21 lat=13.88 ang=74.7 along=3.1 gait=3 v=3.09 rein=-1
RIDEAI sit n=2 phase=land pos=3.5,-19.8 ahead=8.35 lat=10.9 ang=114.6 along=3.8 gait=3 v=3.22 rein=0
RIDEAI come again n=2 rein=-1 pos=3.1,-20.0
RIDEAI sit n=2 phase=again pos=1.9,-21.0 ahead=1.84 lat=9.36 ang=141.5 along=5.1 gait=3 v=2.26 rein=0
RIDEAI sit n=2 phase=again pos=-0.4,-23.6 ahead=-1.59 lat=7.22 ang=141.5 along=7.8 gait=3 v=4.56 rein=0
RIDEAI sit n=2 phase=again pos=-4.0,-27.5 ahead=-6.94 lat=3.88 ang=141.5 along=12.0 gait=3 v=5.55 rein=0
RIDEAI sit n=2 phase=approach pos=-6.8,-28.5 ahead=3.58 lat=1.2 ang=79.5 along=13.2 gait=3 v=3.11 rein=1
RIDEAI sit n=2 phase=approach pos=-8.8,-26.8 ahead=10.78 lat=0.88 ang=17.1 along=11.5 gait=3 v=2.38 rein=1
RIDEAI sit n=2 phase=approach pos=-8.6,-23.8 ahead=8.63 lat=0.88 ang=2.3 along=8.6 gait=3 v=1.4 rein=0
RIDEAI sit n=2 phase=approach pos=-8.3,-21.6 ahead=6.4 lat=0.74 ang=5.8 along=6.4 gait=3 v=3.29 rein=0
RIDEAI sit n=2 phase=approach pos=-7.6,-17.8 ahead=2.59 lat=0.36 ang=5.8 along=2.6 gait=3 v=3.88 rein=0
RIDEAI ASK n=2 ahead=2.59 lat=0.1 ang=5.8 charge=1.0
RIDEAI fence 2 -> 3 t=15.83 leave=straight
RIDEAI sit n=3 phase=approach pos=-7.0,-12.8 ahead=7.86 lat=0.6 ang=0.2 along=7.9 gait=3 v=2.25 rein=0
RIDEAI sit n=3 phase=approach pos=-6.9,-10.5 ahead=5.63 lat=0.54 ang=3.3 along=5.6 gait=3 v=2.25 rein=0
RIDEAI sit n=3 phase=approach pos=-6.9,-7.7 ahead=2.79 lat=0.38 ang=3.3 along=2.8 gait=3 v=3.72 rein=0
RIDEAI ASK n=3 ahead=2.53 lat=0.22 ang=3.3 charge=1.0
RIDEAI fence 3 -> 4 t=20.31 leave=leave
RIDEAI sit n=4 phase=approach pos=-6.9,-2.4 ahead=8.24 lat=0.06 ang=3.3 along=8.2 gait=3 v=1.94 rein=0
RIDEAI sit n=4 phase=approach pos=-6.9,-0.1 ahead=6.0 lat=0.06 ang=3.3 along=6.0 gait=3 v=2.25 rein=0
RIDEAI sit n=4 phase=approach pos=-6.8,2.6 ahead=3.27 lat=0.22 ang=0.9 along=3.3 gait=3 v=3.57 rein=1
RIDEAI ASK n=4 ahead=2.58 lat=0.2 ang=0.2 charge=1.0
RIDEAI fence 4 -> 5 t=24.85 leave=leave
RIDEAI sit n=5 phase=land pos=-5.4,8.5 ahead=15.78 lat=13.74 ang=52.7 along=8.0 gait=3 v=3.09 rein=1
RIDEAI sit n=5 phase=land pos=-2.5,8.9 ahead=9.68 lat=10.78 ang=97.6 along=7.6 gait=3 v=3.22 rein=0
RIDEAI sit n=5 phase=setup pos=1.1,8.3 ahead=5.4 lat=7.2 ang=101.7 along=8.2 gait=3 v=4.56 rein=0
RIDEAI sit n=5 phase=setup pos=5.5,7.4 ahead=0.34 lat=2.82 ang=105.2 along=9.1 gait=3 v=1.77 rein=0
RIDEAI sit n=5 phase=approach pos=8.3,7.4 ahead=3.57 lat=0.02 ang=66.8 along=9.1 gait=3 v=3.44 rein=-1
RIDEAI sit n=5 phase=approach pos=9.5,8.9 ahead=7.61 lat=1.18 ang=1.8 along=7.7 gait=3 v=1.34 rein=-1
RIDEAI sit n=5 phase=approach pos=9.1,11.1 ahead=5.45 lat=0.78 ang=11.0 along=5.4 gait=3 v=3.37 rein=0
RIDEAI ASK n=5 ahead=2.54 lat=0.04 ang=6.3 charge=1.0
RIDEAI fence 5 -> 6 t=33.85 leave=leave
RIDEAI sit n=6 phase=land pos=8.1,17.7 ahead=13.42 lat=8.26 ang=20.3 along=11.3 gait=3 v=3.24 rein=-1
RIDEAI sit n=6 phase=land pos=5.8,19.6 ahead=7.27 lat=5.94 ang=81.5 along=9.4 gait=3 v=3.09 rein=-1
RIDEAI sit n=6 phase=land pos=2.7,19.6 ahead=2.48 lat=2.78 ang=91.8 along=9.5 gait=3 v=3.22 rein=0
RIDEAI sit n=6 phase=approach pos=0.0,19.9 ahead=5.75 lat=0.16 ang=52.0 along=9.1 gait=3 v=2.49 rein=1
RIDEAI sit n=6 phase=approach pos=-0.9,21.9 ahead=7.19 lat=0.78 ang=5.1 along=7.1 gait=3 v=1.69 rein=0
RIDEAI sit n=6 phase=approach pos=-0.6,24.7 ahead=4.39 lat=0.52 ang=5.1 along=4.4 gait=3 v=3.88 rein=0
RIDEAI ASK n=6 ahead=2.58 lat=0.14 ang=5.1 charge=1.0
RIDEAI fence 6 -> 7 t=40.96 leave=leave
RIDEAI sit n=7 phase=land pos=-0.4,31.2 ahead=-12.35 lat=5.6 ang=152.4 along=16.9 gait=3 v=3.09 rein=-1
RIDEAI sit n=7 phase=land pos=-2.8,32.8 ahead=2.73 lat=3.08 ang=91.1 along=18.4 gait=3 v=3.09 rein=-1
RIDEAI sit n=7 phase=approach pos=-5.5,31.3 ahead=14.84 lat=0.48 ang=29.9 along=16.8 gait=3 v=3.78 rein=-1
RIDEAI sit n=7 phase=approach pos=-6.3,26.5 ahead=12.02 lat=0.2 ang=3.3 along=12.0 gait=3 v=5.55 rein=0
RIDEAI sit n=7 phase=approach pos=-6.7,22.1 ahead=7.68 lat=0.42 ang=1.3 along=7.7 gait=3 v=1.96 rein=0
RIDEAI sit n=7 phase=approach pos=-6.7,19.4 ahead=4.91 lat=0.36 ang=1.3 along=4.9 gait=3 v=3.75 rein=0
RIDEAI ASK n=7 ahead=2.58 lat=0.24 ang=1.3 charge=1.0
RIDEAI fence 7 -> 8 t=48.51 leave=leave
RIDEAI sit n=8 phase=land pos=-6.5,12.8 ahead=11.66 lat=11.86 ang=20.9 along=8.0 gait=3 v=3.09 rein=-1
RIDEAI sit n=8 phase=land pos=-4.1,11.1 ahead=10.29 lat=9.54 ang=82.1 along=6.1 gait=3 v=3.09 rein=-1
RIDEAI sit n=8 phase=setup pos=-1.1,11.9 ahead=3.63 lat=6.5 ang=110.7 along=6.9 gait=3 v=3.6 rein=-1
RIDEAI sit n=8 phase=setup pos=2.1,13.5 ahead=-0.45 lat=3.2 ang=113.8 along=8.4 gait=3 v=2.07 rein=0
RIDEAI sit n=8 phase=approach pos=4.2,14.4 ahead=1.77 lat=1.12 ang=85.8 along=9.1 gait=3 v=1.46 rein=1
RIDEAI sit n=8 phase=approach pos=5.9,12.9 ahead=6.99 lat=0.58 ang=18.3 along=7.6 gait=3 v=2.31 rein=1
RIDEAI sit n=8 phase=approach pos=6.0,11.0 ahead=5.67 lat=0.54 ang=3.8 along=5.6 gait=3 v=2.83 rein=0
RIDEAI ASK n=8 ahead=2.54 lat=0.18 ang=3.8 charge=1.0
RIDEAI fence 8 -> 9 t=57.19 leave=leave
RIDECERT trace E:/Workspace/Madison/game/../dist/traces/hk_beg_007_clear.jsonl n=68
RIDECERT hk_beg_007 style=clear success=true faults=0 jumped=8/8 t=65.53 teleported=false complete=true
RIDECERT round hk_beg_033 class=beginner seed=5 jo=false style=clear
RIDEAI sit n=1 phase=approach pos=8.6,-30.5 ahead=8.13 lat=0.12 ang=3.7 along=8.1 gait=3 v=1.48 rein=-1
RIDEAI sit n=1 phase=approach pos=8.7,-28.3 ahead=5.9 lat=0.02 ang=3.7 along=5.9 gait=3 v=3.29 rein=0
RIDEAI ASK n=1 ahead=2.56 lat=0.2 ang=0.2 charge=1.0
RIDEAI fence 1 -> 2 t=4.28 leave=leave
RIDEAI sit n=2 phase=approach pos=8.9,-21.6 ahead=6.51 lat=0.2 ang=0.2 along=6.5 gait=3 v=3.12 rein=0
RIDEAI sit n=2 phase=approach pos=8.9,-19.7 ahead=4.55 lat=0.2 ang=0.2 along=4.5 gait=3 v=2.25 rein=0
RIDEAI ASK n=2 ahead=2.56 lat=0.22 ang=0.2 charge=1.0
RIDEAI fence 2 -> 3 t=7.72 leave=leave
RIDEAI sit n=3 phase=approach pos=8.9,-14.3 ahead=9.99 lat=0.22 ang=0.2 along=10.0 gait=3 v=3.59 rein=0
RIDEAI sit n=3 phase=approach pos=8.9,-12.2 ahead=7.91 lat=0.24 ang=0.2 along=7.9 gait=3 v=2.25 rein=0
RIDEAI sit n=3 phase=approach pos=8.9,-10.0 ahead=5.65 lat=0.24 ang=0.2 along=5.7 gait=3 v=2.25 rein=0
RIDEAI sit n=3 phase=approach pos=9.0,-6.9 ahead=2.62 lat=0.26 ang=0.2 along=2.6 gait=3 v=3.88 rein=0
RIDEAI ASK n=3 ahead=2.56 lat=0.26 ang=0.2 charge=1.0
RIDEAI fence 3 -> 4 t=12.27 leave=leave
RIDEAI sit n=4 phase=land pos=7.5,-1.3 ahead=17.63 lat=14.86 ang=63.0 along=9.7 gait=3 v=3.09 rein=-1
RIDEAI sit n=4 phase=land pos=4.5,-0.7 ahead=12.0 lat=11.76 ang=88.5 along=9.3 gait=3 v=3.22 rein=0
RIDEAI sit n=4 phase=setup pos=0.6,-0.5 ahead=7.45 lat=7.88 ang=92.6 along=9.3 gait=3 v=4.94 rein=0
RIDEAI sit n=4 phase=setup pos=-4.3,-0.4 ahead=2.55 lat=2.98 ang=92.6 along=9.6 gait=3 v=2.49 rein=0
RIDEAI sit n=4 phase=approach pos=-7.2,0.1 ahead=4.56 lat=0.12 ang=61.3 along=9.3 gait=3 v=3.29 rein=1
RIDEAI sit n=4 phase=approach pos=-8.0,1.7 ahead=7.83 lat=0.84 ang=4.3 along=7.8 gait=3 v=1.34 rein=1
RIDEAI sit n=4 phase=approach pos=-7.6,4.1 ahead=5.37 lat=0.62 ang=5.4 along=5.3 gait=3 v=3.56 rein=0
RIDEAI ASK n=4 ahead=2.54 lat=0.1 ang=5.4 charge=1.0
RIDEAI fence 4 -> 5 t=21.4 leave=leave
RIDEAI sit n=5 phase=land pos=-6.4,10.7 ahead=13.59 lat=15.08 ang=24.8 along=8.0 gait=3 v=3.14 rein=1
RIDEAI sit n=5 phase=land pos=-3.9,12.3 ahead=13.05 lat=12.64 ang=86.0 along=6.4 gait=3 v=3.09 rein=1
RIDEAI sit n=5 phase=land pos=-0.8,11.8 ahead=7.83 lat=9.54 ang=102.4 along=6.9 gait=3 v=3.3 rein=0
RIDEAI sit n=5 phase=setup pos=3.5,10.5 ahead=2.72 lat=5.24 ang=106.5 along=8.2 gait=3 v=5.55 rein=0
RIDEAI sit n=5 phase=approach pos=6.8,9.5 ahead=-1.24 lat=1.94 ang=109.5 along=9.2 gait=3 v=2.92 rein=-1
RIDEAI sit n=5 phase=approach pos=9.4,9.9 ahead=5.43 lat=0.74 ang=47.1 along=8.8 gait=3 v=2.19 rein=-1
RIDEAI sit n=5 phase=approach pos=10.0,11.6 ahead=7.16 lat=1.32 ang=14.2 along=7.0 gait=3 v=1.88 rein=0
RIDEAI sit n=5 phase=approach pos=9.3,14.5 ahead=4.2 lat=0.58 ang=11.9 along=4.2 gait=3 v=3.88 rein=1
RIDEAI ASK n=5 ahead=2.59 lat=0.12 ang=9.5 charge=1.0
RIDEAI fence 5 -> 6 t=30.5 leave=leave
RIDEAI sit n=6 phase=land pos=7.6,21.1 ahead=12.42 lat=7.86 ang=45.6 along=9.7 gait=3 v=3.09 rein=-1
RIDEAI sit n=6 phase=land pos=4.8,21.9 ahead=3.92 lat=5.0 ang=96.6 along=9.0 gait=3 v=3.17 rein=0
RIDEAI sit n=6 phase=approach pos=1.5,21.5 ahead=0.13 lat=1.68 ang=99.3 along=9.5 gait=3 v=3.57 rein=1
RIDEAI sit n=6 phase=approach pos=-0.7,22.5 ahead=6.46 lat=0.48 ang=37.4 along=8.5 gait=3 v=3.3 rein=1
RIDEAI sit n=6 phase=approach pos=-1.1,24.6 ahead=6.47 lat=0.92 ang=8.9 along=6.4 gait=3 v=2.22 rein=0
RIDEAI sit n=6 phase=approach pos=-0.5,27.8 ahead=3.23 lat=0.42 ang=8.9 along=3.2 gait=3 v=3.88 rein=0
RIDEAI ASK n=6 ahead=2.58 lat=0.08 ang=8.9 charge=1.0
RIDEAI fence 6 -> 7 t=37.67 leave=straight
RIDEAI sit n=7 phase=land pos=-0.5,33.9 ahead=-8.75 lat=6.0 ang=141.6 along=15.9 gait=3 v=3.09 rein=-1
RIDEAI sit n=7 phase=land pos=-3.3,34.8 ahead=6.04 lat=3.24 ang=80.4 along=16.9 gait=3 v=3.09 rein=-1
RIDEAI sit n=7 phase=approach pos=-5.7,32.5 ahead=14.11 lat=0.8 ang=19.1 along=14.7 gait=3 v=4.47 rein=-1
RIDEAI sit n=7 phase=approach pos=-6.1,27.2 ahead=9.38 lat=0.24 ang=4.8 along=9.4 gait=3 v=5.5 rein=0
RIDEAI sit n=7 phase=approach pos=-6.3,24.4 ahead=6.55 lat=0.0 ang=4.8 along=6.6 gait=3 v=2.56 rein=0
RIDEAI sit n=7 phase=approach pos=-6.3,20.9 ahead=3.05 lat=0.16 ang=1.3 along=3.1 gait=3 v=3.88 rein=0
RIDEAI ASK n=7 ahead=2.54 lat=0.24 ang=1.3 charge=1.0
RIDEAI fence 7 -> 8 t=45.05 leave=straight
RIDEAI sit n=8 phase=land pos=-5.3,14.8 ahead=25.87 lat=12.0 ang=37.2 along=23.4 gait=3 v=3.22 rein=0
RIDEAI sit n=8 phase=land pos=-3.6,12.1 ahead=22.65 lat=10.04 ang=37.2 along=20.8 gait=3 v=3.22 rein=0
RIDEAI sit n=8 phase=setup pos=-1.5,9.0 ahead=18.58 lat=7.7 ang=41.3 along=18.0 gait=3 v=4.68 rein=0
RIDEAI sit n=8 phase=setup pos=1.6,4.7 ahead=13.21 lat=4.16 ang=41.3 along=13.9 gait=3 v=4.93 rein=0
RIDEAI sit n=8 phase=setup pos=3.4,2.4 ahead=9.87 lat=2.1 ang=44.8 along=11.8 gait=3 v=3.45 rein=0
RIDEAI sit n=8 phase=approach pos=4.5,-1.3 ahead=8.22 lat=0.72 ang=9.1 along=8.2 gait=3 v=2.03 rein=0
RIDEAI sit n=8 phase=approach pos=4.6,-3.6 ahead=5.94 lat=0.38 ang=5.6 along=5.9 gait=3 v=3.33 rein=1
RIDEAI ASK n=8 ahead=2.57 lat=0.2 ang=5.6 charge=1.0
RIDEAI fence 8 -> 9 t=54.21 leave=straight
RIDECERT trace E:/Workspace/Madison/game/../dist/traces/hk_beg_033_clear.jsonl n=62
RIDECERT hk_beg_033 style=clear success=true faults=0 jumped=8/8 t=59.87 teleported=false complete=true
RIDECERT round hk_int_001 class=intermediate seed=0 jo=false style=clear
RIDEAI sit n=1 phase=approach pos=7.9,-31.6 ahead=7.11 lat=0.28 ang=5.4 along=7.1 gait=3 v=2.3 rein=0
RIDEAI sit n=1 phase=approach pos=8.2,-28.3 ahead=3.81 lat=0.02 ang=5.4 along=3.8 gait=3 v=3.88 rein=0
RIDEAI ASK n=1 ahead=2.53 lat=0.16 ang=1.9 charge=1.0
RIDEAI fence 1 -> 2 t=3.75 leave=leave
RIDEAI sit n=2 phase=approach pos=8.4,-22.4 ahead=8.69 lat=0.22 ang=1.9 along=8.7 gait=3 v=1.4 rein=0
RIDEAI sit n=2 phase=approach pos=8.5,-20.3 ahead=6.64 lat=0.3 ang=1.9 along=6.6 gait=3 v=2.25 rein=0
RIDEAI sit n=2 phase=approach pos=8.6,-17.8 ahead=4.16 lat=0.38 ang=1.9 along=4.2 gait=3 v=3.11 rein=0
RIDEAI ASK n=2 ahead=2.55 lat=0.28 ang=1.6 charge=1.0
RIDEAI fence 2 -> 3 t=8.3 leave=straight
RIDEAI sit n=3 phase=approach pos=8.4,-12.1 ahead=5.9 lat=0.24 ang=1.6 along=5.9 gait=3 v=1.55 rein=0
RIDEAI sit n=3 phase=approach pos=8.3,-10.0 ahead=3.75 lat=0.18 ang=1.6 along=3.7 gait=3 v=2.25 rein=0
RIDEAI ASK n=3 ahead=2.59 lat=0.08 ang=1.6 charge=1.0
RIDEAI fence 3 -> 4 t=11.77 leave=straight
RIDEAI sit n=4 phase=land pos=7.8,-3.9 ahead=11.21 lat=14.98 ang=34.2 along=3.4 gait=3 v=3.09 rein=-1
RIDEAI sit n=4 phase=land pos=5.2,-2.5 ahead=12.04 lat=12.3 ang=95.4 along=2.2 gait=3 v=3.09 rein=-1
RIDEAI come again n=4 rein=-1 pos=2.7,-3.4
RIDEAI sit n=4 phase=away pos=2.4,-3.6 ahead=5.15 lat=9.52 ang=129.4 along=3.5 gait=3 v=2.25 rein=-1
RIDEAI sit n=4 phase=again pos=0.9,-4.9 ahead=2.81 lat=8.16 ang=132.0 along=4.9 gait=3 v=2.95 rein=0
RIDEAI sit n=4 phase=again pos=-2.3,-7.5 ahead=-1.31 lat=5.1 ang=132.0 along=7.6 gait=3 v=5.25 rein=0
RIDEAI sit n=4 phase=again pos=-6.8,-10.7 ahead=-7.08 lat=0.88 ang=133.7 along=11.2 gait=3 v=4.93 rein=-1
RIDEAI sit n=4 phase=approach pos=-8.9,-12.6 ahead=-6.21 lat=1.08 ang=113.3 along=13.2 gait=3 v=3.37 rein=1
RIDEAI sit n=4 phase=setup pos=-11.4,-12.2 ahead=5.4 lat=3.62 ang=50.9 along=13.0 gait=3 v=2.65 rein=1
RIDEAI sit n=4 phase=setup pos=-12.3,-9.5 ahead=11.11 lat=4.64 ang=11.6 along=10.4 gait=3 v=1.92 rein=1
RIDEAI sit n=4 phase=setup pos=-10.1,-7.7 ahead=4.81 lat=2.6 ang=74.0 along=8.4 gait=3 v=2.86 rein=1
RIDEAI sit n=4 phase=approach pos=-8.0,-7.4 ahead=4.72 lat=0.56 ang=57.7 along=8.0 gait=3 v=3.07 rein=-1
RIDEAI sit n=4 phase=approach pos=-6.6,-5.4 ahead=5.91 lat=0.72 ang=5.5 along=5.9 gait=3 v=1.76 rein=0
RIDEAI sit n=4 phase=approach pos=-6.7,-2.5 ahead=3.04 lat=0.44 ang=5.5 along=3.0 gait=3 v=3.88 rein=0
RIDEAI ASK n=4 ahead=2.59 lat=0.16 ang=5.5 charge=1.0
RIDEAI fence 4 -> 5 t=25.79 leave=straight
RIDEAI sit n=5 phase=land pos=-5.6,3.3 ahead=15.32 lat=13.8 ang=51.6 along=7.3 gait=3 v=3.09 rein=1
RIDEAI sit n=5 phase=land pos=-2.7,3.7 ahead=7.35 lat=10.88 ang=112.9 along=6.9 gait=3 v=3.09 rein=1
RIDEAI sit n=5 phase=setup pos=-0.4,1.7 ahead=-0.86 lat=8.58 ang=137.8 along=8.9 gait=3 v=1.41 rein=0
RIDEAI sit n=5 phase=setup pos=1.1,0.0 ahead=-3.05 lat=7.1 ang=137.8 along=10.6 gait=3 v=3.21 rein=0
RIDEAI sit n=5 phase=setup pos=3.3,-1.7 ahead=3.19 lat=4.92 ang=97.9 along=12.3 gait=3 v=2.34 rein=-1
RIDEAI sit n=5 phase=setup pos=6.0,-0.7 ahead=7.33 lat=2.14 ang=61.1 along=11.3 gait=3 v=2.0 rein=0
RIDEAI sit n=5 phase=approach pos=7.4,1.5 ahead=9.13 lat=0.74 ang=8.0 along=9.1 gait=3 v=2.17 rein=0
RIDEAI sit n=5 phase=approach pos=7.7,3.5 ahead=7.1 lat=0.46 ang=8.0 along=7.1 gait=3 v=2.95 rein=0
RIDEAI sit n=5 phase=approach pos=8.1,7.2 ahead=3.43 lat=0.08 ang=4.6 along=3.4 gait=3 v=3.88 rein=0
RIDEAI ASK n=5 ahead=2.58 lat=0.2 ang=4.6 charge=1.0
RIDEAI fence 5 -> 6 t=36.31 leave=straight
RIDEAI sit n=6 phase=land pos=7.6,13.3 ahead=15.32 lat=15.02 ang=46.4 along=6.4 gait=3 v=3.09 rein=-1
RIDEAI sit n=6 phase=land pos=4.8,14.1 ahead=10.29 lat=12.14 ang=104.6 along=5.8 gait=3 v=3.09 rein=0
RIDEAI sit n=6 phase=setup pos=1.3,13.4 ahead=6.08 lat=8.7 ang=108.7 along=6.7 gait=3 v=4.48 rein=0
RIDEAI sit n=6 phase=setup pos=-3.7,12.1 ahead=0.87 lat=3.76 ang=108.7 along=8.4 gait=3 v=4.35 rein=0
RIDEAI sit n=6 phase=approach pos=-6.5,11.4 ahead=0.31 lat=1.02 ang=94.4 along=9.3 gait=3 v=3.61 rein=1
RIDEAI sit n=6 phase=approach pos=-8.7,12.6 ahead=6.35 lat=1.2 ang=32.0 along=8.2 gait=3 v=2.88 rein=1
RIDEAI sit n=6 phase=approach pos=-8.6,14.4 ahead=6.55 lat=1.26 ang=15.1 along=6.4 gait=3 v=2.41 rein=0
RIDEAI sit n=6 phase=approach pos=-7.6,17.6 ahead=3.17 lat=0.44 ang=10.5 along=3.1 gait=3 v=3.88 rein=0
RIDEAI ASK n=6 ahead=2.59 lat=0.14 ang=10.5 charge=1.0
RIDEAI fence 6 -> 7 t=45.65 leave=leave
RIDEAI sit n=7 phase=land pos=-5.0,23.1 ahead=7.9 lat=4.78 ang=63.9 along=8.2 gait=3 v=3.09 rein=1
RIDEAI sit n=7 phase=land pos=-2.1,22.7 ahead=-3.36 lat=1.84 ang=125.1 along=8.5 gait=3 v=3.09 rein=1
RIDEAI sit n=7 phase=approach pos=0.6,21.2 ahead=-1.65 lat=0.88 ang=94.5 along=9.9 gait=3 v=1.92 rein=-1
RIDEAI sit n=7 phase=setup pos=2.9,22.5 ahead=5.44 lat=3.18 ang=33.2 along=8.6 gait=3 v=3.91 rein=-1
RIDEAI sit n=7 phase=setup pos=3.0,24.8 ahead=6.98 lat=3.2 ang=29.2 along=6.2 gait=3 v=3.18 rein=-1
RIDEAI sit n=7 phase=approach pos=1.3,26.6 ahead=4.36 lat=1.42 ang=39.2 along=4.5 gait=3 v=1.94 rein=0
RIDEAI come again n=7 rein=-1 pos=1.2,26.7
RIDEAI sit n=7 phase=away pos=-1.3,27.4 ahead=-2.2 lat=1.22 ang=105.6 along=3.8 gait=3 v=3.73 rein=-1
RIDEAI sit n=7 phase=again pos=-3.6,25.0 ahead=-6.52 lat=3.4 ang=174.7 along=6.2 gait=3 v=1.58 rein=-1
RIDEAI sit n=7 phase=again pos=-2.8,23.1 ahead=-5.67 lat=2.54 ang=149.2 along=8.1 gait=3 v=3.12 rein=0
RIDEAI sit n=7 phase=again pos=-0.7,19.4 ahead=-9.96 lat=0.34 ang=149.2 along=11.8 gait=3 v=5.42 rein=0
RIDEAI sit n=7 phase=setup pos=1.7,17.6 ahead=-1.95 lat=2.14 ang=89.2 along=13.5 gait=3 v=3.03 rein=-1
RIDEAI sit n=7 phase=setup pos=4.1,18.8 ahead=8.92 lat=4.48 ang=26.8 along=12.2 gait=3 v=2.3 rein=-1
RIDEAI sit n=7 phase=setup pos=4.0,21.6 ahead=10.1 lat=4.24 ang=35.6 along=9.4 gait=3 v=1.92 rein=-1
RIDEAI sit n=7 phase=approach pos=1.5,22.6 ahead=1.64 lat=1.76 ang=90.8 along=8.5 gait=3 v=3.87 rein=1
RIDEAI sit n=7 phase=approach pos=-0.5,23.9 ahead=6.26 lat=0.28 ang=28.4 along=7.3 gait=3 v=3.14 rein=1
RIDEAI sit n=7 phase=approach pos=-0.6,25.8 ahead=5.4 lat=0.46 ang=2.9 along=5.4 gait=3 v=2.49 rein=0
RIDEAI ASK n=7 ahead=2.57 lat=0.18 ang=2.9 charge=1.0
RIDEAI fence 7 -> 8 t=63.75 leave=leave
RIDEAI sit n=8 phase=land pos=-0.1,32.5 ahead=-17.88 lat=3.6 ang=179.3 along=17.8 gait=3 v=3.44 rein=-1
RIDEAI sit n=8 phase=land pos=-1.8,34.9 ahead=-8.2 lat=2.1 ang=119.5 along=20.4 gait=3 v=3.09 rein=-1
RIDEAI sit n=8 phase=land pos=-4.8,34.6 ahead=9.99 lat=0.84 ang=58.2 along=20.3 gait=3 v=3.09 rein=-1
RIDEAI sit n=8 phase=setup pos=-5.9,32.1 ahead=18.07 lat=2.2 ang=4.2 along=18.0 gait=3 v=2.19 rein=-1
RIDEAI sit n=8 phase=approach pos=-4.9,28.9 ahead=14.63 lat=1.46 ang=13.4 along=14.7 gait=3 v=4.49 rein=0
RIDEAI sit n=8 phase=approach pos=-3.5,23.8 ahead=9.44 lat=0.54 ang=8.3 along=9.5 gait=3 v=5.55 rein=0
RIDEAI sit n=8 phase=approach pos=-2.9,21.0 ahead=6.6 lat=0.24 ang=3.6 along=6.6 gait=3 v=2.52 rein=0
RIDEAI sit n=8 phase=approach pos=-2.3,17.5 ahead=3.1 lat=0.02 ang=3.6 along=3.1 gait=3 v=3.88 rein=0
RIDEAI ASK n=8 ahead=2.58 lat=0.18 ang=3.6 charge=1.0
RIDEAI fence 8 -> 9 t=72.46 leave=leave
RIDEAI sit n=9 phase=land pos=-0.3,11.9 ahead=9.12 lat=3.56 ang=57.6 along=11.4 gait=3 v=3.09 rein=-1
RIDEAI sit n=9 phase=approach pos=2.2,10.2 ahead=9.1 lat=1.16 ang=25.6 along=9.5 gait=3 v=2.9 rein=1
RIDEAI sit n=9 phase=approach pos=2.7,8.3 ahead=7.71 lat=0.76 ang=10.5 along=7.7 gait=3 v=2.6 rein=0
RIDEAI sit n=9 phase=approach pos=3.4,4.9 ahead=4.2 lat=0.28 ang=5.9 along=4.2 gait=3 v=3.88 rein=0
RIDEAI ASK n=9 ahead=2.59 lat=0.04 ang=3.5 charge=1.0
RIDEAI fence 9 -> 10 t=78.16 leave=leave
RIDEAI sit n=10 phase=land pos=3.7,-1.9 ahead=12.42 lat=8.28 ang=28.9 along=9.6 gait=3 v=3.09 rein=1
RIDEAI sit n=10 phase=land pos=1.2,-3.4 ahead=5.7 lat=5.72 ang=90.2 along=8.1 gait=3 v=3.09 rein=1
RIDEAI sit n=10 phase=setup pos=-2.0,-2.7 ahead=-0.62 lat=2.54 ang=109.6 along=9.0 gait=3 v=3.57 rein=0
RIDEAI sit n=10 phase=approach pos=-3.9,-2.8 ahead=5.48 lat=0.62 ang=56.1 along=8.9 gait=3 v=2.54 rein=-1
RIDEAI sit n=10 phase=approach pos=-5.0,-4.9 ahead=6.8 lat=0.52 ang=3.1 along=6.8 gait=3 v=1.53 rein=0
RIDEAI sit n=10 phase=approach pos=-4.8,-7.6 ahead=4.14 lat=0.38 ang=3.1 along=4.1 gait=3 v=3.75 rein=0
RIDEAI ASK n=10 ahead=2.53 lat=0.16 ang=3.1 charge=1.0
RIDEAI fence 10 -> 11 t=85.58 leave=leave
RIDECERT trace E:/Workspace/Madison/game/../dist/traces/hk_int_001_clear.jsonl n=94
RIDECERT hk_int_001 style=clear success=true faults=0 jumped=10/10 t=90.86 teleported=false complete=true
RIDECERT round hk_int_002 class=intermediate seed=1 jo=false style=clear
RIDEAI sit n=1 phase=approach pos=8.6,-30.5 ahead=7.91 lat=0.12 ang=3.7 along=7.9 gait=3 v=1.48 rein=-1
RIDEAI sit n=1 phase=approach pos=8.7,-28.3 ahead=5.69 lat=0.02 ang=2.6 along=5.7 gait=3 v=3.29 rein=0
RIDEAI ASK n=1 ahead=2.53 lat=0.24 ang=2.6 charge=1.0
RIDEAI fence 1 -> 2 t=4.25 leave=leave
RIDEAI sit n=2 phase=land pos=8.9,-21.6 ahead=12.68 lat=17.32 ang=10.6 along=9.7 gait=3 v=3.44 rein=-1
RIDEAI sit n=2 phase=land pos=7.1,-19.3 ahead=16.9 lat=15.36 ang=71.9 along=7.4 gait=3 v=3.09 rein=-1
RIDEAI sit n=2 phase=land pos=4.0,-19.1 ahead=11.31 lat=12.24 ang=96.4 along=7.5 gait=3 v=3.22 rein=0
RIDEAI sit n=2 phase=setup pos=-0.2,-19.5 ahead=6.42 lat=8.04 ang=100.5 along=8.2 gait=3 v=5.37 rein=0
RIDEAI sit n=2 phase=setup pos=-5.3,-20.1 ahead=1.35 lat=3.06 ang=100.5 along=9.1 gait=3 v=2.78 rein=0
RIDEAI sit n=2 phase=approach pos=-7.7,-20.1 ahead=3.49 lat=0.66 ang=72.1 along=9.3 gait=3 v=3.19 rein=1
RIDEAI sit n=2 phase=approach pos=-9.3,-18.3 ahead=7.41 lat=1.08 ang=7.2 along=7.6 gait=3 v=1.34 rein=1
RIDEAI sit n=2 phase=approach pos=-8.8,-16.2 ahead=5.56 lat=0.8 ang=9.1 along=5.5 gait=3 v=3.18 rein=0
RIDEAI ASK n=2 ahead=2.56 lat=0.08 ang=9.1 charge=1.0
RIDEAI fence 2 -> 3 t=13.64 leave=straight
RIDEAI sit n=3 phase=land pos=-7.3,-9.7 ahead=12.24 lat=15.96 ang=24.3 along=6.2 gait=3 v=3.34 rein=1
RIDEAI sit n=3 phase=land pos=-4.8,-8.1 ahead=13.85 lat=13.54 ang=85.6 along=4.5 gait=3 v=3.09 rein=1
RIDEAI sit n=3 phase=land pos=-1.8,-8.9 ahead=8.2 lat=10.52 ang=109.0 along=5.3 gait=3 v=3.22 rein=0
RIDEAI sit n=3 phase=setup pos=2.2,-10.4 ahead=3.27 lat=6.5 ang=113.1 along=6.9 gait=3 v=5.44 rein=0
RIDEAI sit n=3 phase=setup pos=6.0,-12.1 ahead=-0.92 lat=2.66 ang=113.1 along=8.5 gait=3 v=2.34 rein=0
RIDEAI sit n=3 phase=approach pos=8.9,-12.6 ahead=2.6 lat=0.2 ang=72.2 along=9.1 gait=3 v=1.92 rein=-1
RIDEAI sit n=3 phase=approach pos=10.4,-10.9 ahead=6.98 lat=1.7 ang=8.6 along=7.3 gait=3 v=1.34 rein=-1
RIDEAI sit n=3 phase=approach pos=10.0,-9.3 ahead=5.92 lat=1.34 ang=19.4 along=5.8 gait=3 v=2.05 rein=0
RIDEAI sit n=3 phase=approach pos=9.1,-6.4 ahead=2.89 lat=0.46 ang=8.9 along=2.9 gait=3 v=3.88 rein=0
RIDEAI ASK n=3 ahead=2.57 lat=0.0 ang=8.9 charge=1.0
RIDEAI fence 3 -> 4 t=23.34 leave=leave
RIDEAI sit n=4 phase=approach pos=8.5,-1.1 ahead=8.31 lat=0.18 ang=2.8 along=8.3 gait=3 v=1.9 rein=0
RIDEAI sit n=4 phase=approach pos=8.4,1.1 ahead=6.08 lat=0.28 ang=2.8 along=6.1 gait=3 v=2.25 rein=0
RIDEAI sit n=4 phase=approach pos=8.4,3.9 ahead=3.38 lat=0.32 ang=0.7 along=3.4 gait=3 v=3.53 rein=0
RIDEAI ASK n=4 ahead=2.56 lat=0.26 ang=0.7 charge=1.0
RIDEAI fence 4 -> 5 t=27.89 leave=leave
RIDEAI sit n=5 phase=approach pos=8.5,9.8 ahead=8.19 lat=0.24 ang=0.7 along=8.2 gait=3 v=1.9 rein=0
RIDEAI sit n=5 phase=approach pos=8.5,12.1 ahead=5.96 lat=0.2 ang=0.7 along=6.0 gait=3 v=2.25 rein=0
RIDEAI sit n=5 phase=approach pos=8.5,14.6 ahead=3.39 lat=0.18 ang=0.7 along=3.4 gait=3 v=3.22 rein=0
RIDEAI ASK n=5 ahead=2.57 lat=0.12 ang=0.7 charge=1.0
RIDEAI fence 5 -> 6 t=32.32 leave=leave
RIDEAI sit n=6 phase=land pos=7.7,20.6 ahead=13.03 lat=15.54 ang=49.2 along=1.9 gait=3 v=3.09 rein=-1
RIDEAI sit n=6 phase=land pos=4.8,21.3 ahead=11.32 lat=12.64 ang=110.5 along=1.5 gait=3 v=3.09 rein=-1
RIDEAI come again n=6 rein=-1 pos=3.2,20.6
RIDEAI sit n=6 phase=away pos=2.5,20.1 ahead=2.74 lat=10.44 ang=149.9 along=2.9 gait=3 v=1.34 rein=-1
RIDEAI sit n=6 phase=again pos=0.9,18.1 ahead=1.33 lat=8.96 ang=143.8 along=4.9 gait=3 v=3.64 rein=0
RIDEAI sit n=6 phase=again pos=-2.2,14.5 ahead=-3.44 lat=6.14 ang=143.8 along=8.8 gait=3 v=5.55 rein=0
RIDEAI sit n=6 phase=setup pos=-5.8,10.7 ahead=-4.77 lat=2.76 ang=123.4 along=12.8 gait=3 v=3.64 rein=1
RIDEAI sit n=6 phase=approach pos=-8.3,11.0 ahead=6.82 lat=0.24 ang=58.6 along=12.7 gait=3 v=3.57 rein=1
RIDEAI sit n=6 phase=approach pos=-9.4,13.2 ahead=10.59 lat=0.98 ang=2.8 along=10.6 gait=3 v=2.84 rein=0
RIDEAI sit n=6 phase=approach pos=-9.1,15.6 ahead=8.17 lat=0.86 ang=2.8 along=8.1 gait=3 v=1.86 rein=0
RIDEAI sit n=6 phase=approach pos=-8.7,18.5 ahead=5.27 lat=0.68 ang=6.3 along=5.2 gait=3 v=3.88 rein=0
RIDEAI ASK n=6 ahead=2.55 lat=0.1 ang=6.3 charge=1.0
RIDEAI fence 6 -> 7 t=44.21 leave=straight
RIDEAI sit n=7 phase=land pos=-7.4,25.0 ahead=8.82 lat=7.5 ang=29.0 along=5.9 gait=3 v=3.09 rein=1
RIDEAI sit n=7 phase=land pos=-4.9,26.6 ahead=4.94 lat=4.96 ang=90.2 along=4.5 gait=3 v=3.09 rein=1
RIDEAI sit n=7 phase=setup pos=-2.3,25.1 ahead=-3.46 lat=2.42 ang=144.3 along=6.0 gait=3 v=3.24 rein=0
RIDEAI sit n=7 phase=approach pos=-0.2,23.5 ahead=-0.35 lat=0.34 ang=95.2 along=7.6 gait=3 v=2.49 rein=-1
RIDEAI sit n=7 phase=setup pos=2.4,24.7 ahead=1.76 lat=2.24 ang=56.3 along=6.5 gait=3 v=1.4 rein=1
RIDEAI sit n=7 phase=setup pos=4.7,24.6 ahead=-7.19 lat=4.54 ang=118.8 along=6.7 gait=3 v=3.55 rein=1
RIDEAI sit n=7 phase=setup pos=6.1,22.5 ahead=-8.64 lat=5.88 ang=178.8 along=8.8 gait=3 v=2.8 rein=1
RIDEAI sit n=7 phase=setup pos=4.8,20.1 ahead=-0.91 lat=4.52 ang=116.4 along=11.1 gait=3 v=2.07 rein=1
RIDEAI sit n=7 phase=approach pos=1.9,20.4 ahead=7.36 lat=1.64 ang=56.3 along=10.8 gait=3 v=2.28 rein=1
RIDEAI sit n=7 phase=approach pos=1.0,22.0 ahead=9.2 lat=0.78 ang=8.9 along=9.2 gait=3 v=1.4 rein=0
RIDEAI sit n=7 phase=approach pos=0.6,24.0 ahead=7.18 lat=0.46 ang=8.9 along=7.2 gait=3 v=2.98 rein=0
RIDEAI sit n=7 phase=approach pos=0.2,27.6 ahead=3.5 lat=0.08 ang=5.4 along=3.5 gait=3 v=3.88 rein=0
RIDEAI ASK n=7 ahead=2.59 lat=0.26 ang=5.4 charge=1.0
RIDEAI fence 7 -> 8 t=57.16 leave=leave
RIDEAI sit n=8 phase=land pos=-1.5,33.6 ahead=-13.27 lat=5.54 ang=127.2 along=29.2 gait=3 v=3.09 rein=-1
RIDEAI sit n=8 phase=land pos=-4.4,33.9 ahead=14.42 lat=2.6 ang=66.0 along=29.5 gait=3 v=3.09 rein=-1
RIDEAI sit n=8 phase=around pos=-6.2,31.2 ahead=26.78 lat=0.84 ang=4.7 along=26.8 gait=3 v=4.32 rein=-1
RIDEAI sit n=8 phase=setup pos=-4.7,26.2 ahead=19.43 lat=2.3 ang=21.9 along=21.9 gait=3 v=5.55 rein=1
RIDEAI sit n=8 phase=approach pos=-5.1,20.9 ahead=16.54 lat=1.94 ang=13.9 along=16.6 gait=3 v=5.55 rein=0
RIDEAI sit n=8 phase=approach pos=-6.2,15.5 ahead=11.13 lat=0.8 ang=8.8 along=11.1 gait=3 v=5.55 rein=0
RIDEAI sit n=8 phase=approach pos=-6.8,11.7 ahead=7.35 lat=0.26 ang=4.1 along=7.4 gait=3 v=2.35 rein=0
RIDEAI sit n=8 phase=approach pos=-7.0,8.7 ahead=4.3 lat=0.04 ang=4.1 along=4.3 gait=3 v=3.88 rein=0
RIDEAI ASK n=8 ahead=2.55 lat=0.26 ang=4.1 charge=1.0
RIDEAI fence 8 -> 9 t=66.79 leave=leave
RIDEAI sit n=9 phase=approach pos=-7.3,2.8 ahead=5.9 lat=0.82 ang=8.3 along=5.8 gait=3 v=1.59 rein=0
RIDEAI sit n=9 phase=approach pos=-7.2,0.6 ahead=3.74 lat=0.5 ang=8.3 along=3.7 gait=3 v=2.25 rein=0
RIDEAI ASK n=9 ahead=2.58 lat=0.04 ang=8.3 charge=1.0
RIDEAI fence 9 -> 10 t=70.28 leave=straight
RIDEAI sit n=10 phase=land pos=-6.6,-5.0 ahead=18.6 lat=0.9 ang=27.0 along=20.4 gait=3 v=3.09 rein=0
RIDEAI sit n=10 phase=land pos=-5.3,-8.0 ahead=15.38 lat=0.56 ang=27.0 along=17.5 gait=3 v=3.22 rein=0
RIDEAI sit n=10 phase=approach pos=-4.3,-11.0 ahead=14.65 lat=1.74 ang=1.6 along=14.6 gait=3 v=3.67 rein=1
RIDEAI sit n=10 phase=approach pos=-5.1,-15.7 ahead=9.92 lat=1.28 ang=5.7 along=9.8 gait=3 v=5.55 rein=0
RIDEAI sit n=10 phase=approach pos=-5.7,-18.8 ahead=6.78 lat=0.96 ang=5.7 along=6.7 gait=3 v=2.41 rein=0
RIDEAI sit n=10 phase=approach pos=-6.3,-22.1 ahead=3.41 lat=0.58 ang=9.2 along=3.4 gait=3 v=3.88 rein=0
RIDEAI ASK n=10 ahead=2.57 lat=0.04 ang=9.2 charge=1.0
RIDEAI fence 10 -> 11 t=77.39 leave=straight
RIDECERT trace E:/Workspace/Madison/game/../dist/traces/hk_int_002_clear.jsonl n=83
RIDECERT hk_int_002 style=clear success=true faults=0 jumped=10/10 t=80.31 teleported=false complete=true
RIDECERT round hk_int_005 class=intermediate seed=2 jo=false style=clear
RIDEAI sit n=1 phase=approach pos=6.7,-30.7 ahead=7.96 lat=0.16 ang=3.7 along=8.0 gait=3 v=1.34 rein=0
RIDEAI sit n=1 phase=approach pos=6.9,-28.3 ahead=5.64 lat=0.0 ang=3.7 along=5.7 gait=3 v=3.41 rein=0
RIDEAI ASK n=1 ahead=2.53 lat=0.12 ang=0.9 charge=1.0
RIDEAI fence 1 -> 2 t=4.23 leave=
RIDEAI sit n=2 phase=land pos=6.9,-21.6 ahead=10.25 lat=16.26 ang=15.2 along=6.2 gait=3 v=3.39 rein=-1
RIDEAI sit n=2 phase=land pos=4.9,-19.4 ahead=14.71 lat=14.14 ang=76.4 along=4.2 gait=3 v=3.09 rein=-1
RIDEAI sit n=2 phase=land pos=1.8,-19.8 ahead=9.09 lat=11.1 ang=108.1 along=4.7 gait=3 v=3.22 rein=0
RIDEAI sit n=2 phase=setup pos=-2.2,-21.1 ahead=4.23 lat=7.12 ang=112.2 along=6.3 gait=3 v=5.4 rein=0
RIDEAI sit n=2 phase=setup pos=-6.5,-22.8 ahead=-1.02 lat=2.94 ang=116.2 along=8.3 gait=3 v=2.04 rein=0
RIDEAI sit n=2 phase=approach pos=-9.4,-23.3 ahead=1.75 lat=0.08 ang=79.4 along=9.0 gait=3 v=2.43 rein=1
RIDEAI sit n=2 phase=approach pos=-11.0,-21.5 ahead=6.6 lat=1.58 ang=16.8 along=7.4 gait=3 v=2.15 rein=1
RIDEAI sit n=2 phase=approach pos=-10.5,-19.7 ahead=5.6 lat=1.18 ang=19.3 along=5.5 gait=3 v=2.87 rein=0
RIDEAI ASK n=2 ahead=2.57 lat=0.06 ang=10.0 charge=1.0
RIDEAI fence 2 -> 3 t=13.69 leave=
RIDEAI sit n=3 phase=approach pos=-8.6,-13.4 ahead=9.9 lat=0.08 ang=2.4 along=9.9 gait=3 v=3.49 rein=-1
RIDEAI sit n=3 phase=approach pos=-8.4,-11.4 ahead=7.84 lat=0.18 ang=2.4 along=7.9 gait=3 v=2.25 rein=0
RIDEAI sit n=3 phase=approach pos=-8.2,-9.1 ahead=5.59 lat=0.26 ang=2.4 along=5.6 gait=3 v=2.25 rein=0
RIDEAI sit n=3 phase=approach pos=-8.0,-6.1 ahead=2.53 lat=0.3 ang=1.1 along=2.5 gait=3 v=3.88 rein=0
RIDEAI ASK n=3 ahead=2.53 lat=0.26 ang=1.1 charge=1.0
RIDEAI fence 3 -> 4 t=18.25 leave=leave
RIDEAI sit n=4 phase=approach pos=-7.8,-0.9 ahead=8.13 lat=0.2 ang=1.1 along=8.1 gait=3 v=2.05 rein=0
RIDEAI sit n=4 phase=approach pos=-7.7,1.4 ahead=5.89 lat=0.16 ang=1.1 along=5.9 gait=3 v=2.25 rein=0
RIDEAI sit n=4 phase=approach pos=-7.6,4.2 ahead=3.04 lat=0.1 ang=1.1 along=3.0 gait=3 v=3.72 rein=0
RIDEAI ASK n=4 ahead=2.53 lat=0.04 ang=1.1 charge=1.0
RIDEAI fence 4 -> 5 t=22.79 leave=leave
RIDEAI sit n=5 phase=land pos=-6.2,10.0 ahead=14.31 lat=13.04 ang=54.4 along=6.4 gait=3 v=3.09 rein=1
RIDEAI sit n=5 phase=land pos=-3.3,10.3 ahead=6.46 lat=10.1 ang=115.6 along=6.1 gait=3 v=3.09 rein=1
RIDEAI sit n=5 phase=setup pos=-1.5,8.5 ahead=-1.21 lat=8.34 ang=142.5 along=7.9 gait=3 v=1.48 rein=0
RIDEAI sit n=5 phase=setup pos=0.1,6.5 ahead=-2.59 lat=6.76 ang=136.7 along=9.9 gait=3 v=3.64 rein=-1
RIDEAI sit n=5 phase=setup pos=3.4,5.6 ahead=5.38 lat=3.48 ang=79.6 along=10.8 gait=3 v=1.96 rein=0
RIDEAI sit n=5 phase=approach pos=6.1,6.4 ahead=6.24 lat=0.74 ang=55.7 along=10.0 gait=3 v=3.58 rein=-1
RIDEAI sit n=5 phase=approach pos=6.9,7.9 ahead=8.47 lat=0.08 ang=2.9 along=8.5 gait=3 v=1.57 rein=0
RIDEAI sit n=5 phase=approach pos=7.1,10.6 ahead=5.78 lat=0.22 ang=2.9 along=5.8 gait=3 v=3.79 rein=0
RIDEAI ASK n=5 ahead=2.56 lat=0.26 ang=0.5 charge=1.0
RIDEAI fence 5 -> 6 t=32.92 leave=leave
RIDEAI sit n=6 phase=land pos=7.1,17.8 ahead=12.51 lat=16.6 ang=13.7 along=8.8 gait=3 v=3.44 rein=-1
RIDEAI sit n=6 phase=land pos=5.1,20.1 ahead=15.77 lat=14.52 ang=75.0 along=6.7 gait=3 v=3.09 rein=-1
RIDEAI sit n=6 phase=land pos=2.0,20.0 ahead=10.1 lat=11.42 ang=99.5 along=7.0 gait=3 v=3.22 rein=0
RIDEAI sit n=6 phase=setup pos=-2.2,19.4 ahead=5.22 lat=7.28 ang=103.6 along=7.9 gait=3 v=5.37 rein=0
RIDEAI sit n=6 phase=setup pos=-6.7,18.6 ahead=-0.03 lat=2.84 ang=107.7 along=9.0 gait=3 v=2.07 rein=0
RIDEAI sit n=6 phase=approach pos=-9.6,18.6 ahead=3.38 lat=0.1 ang=67.7 along=9.2 gait=3 v=2.29 rein=1
RIDEAI sit n=6 phase=approach pos=-10.7,20.2 ahead=7.55 lat=1.28 ang=3.5 along=7.6 gait=3 v=1.34 rein=1
RIDEAI sit n=6 phase=approach pos=-10.1,22.4 ahead=5.49 lat=0.82 ang=12.8 along=5.4 gait=3 v=3.33 rein=0
RIDEAI ASK n=6 ahead=2.53 lat=0.06 ang=8.2 charge=1.0
RIDEAI fence 6 -> 7 t=42.28 leave=straight
RIDEAI sit n=7 phase=land pos=-8.5,28.9 ahead=5.66 lat=8.54 ang=25.1 along=2.2 gait=3 v=3.29 rein=1
RIDEAI sit n=7 phase=land pos=-6.1,30.6 ahead=6.12 lat=6.1 ang=86.4 along=0.6 gait=3 v=3.09 rein=1
RIDEAI sit n=7 phase=land pos=-3.5,29.2 ahead=0.21 lat=3.48 ang=147.7 along=2.0 gait=3 v=3.09 rein=1
RIDEAI come again n=7 rein=1 pos=-3.3,28.9
RIDEAI sit n=7 phase=again pos=-2.7,26.9 ahead=-3.44 lat=2.7 ang=165.2 along=4.3 gait=3 v=2.99 rein=0
RIDEAI sit n=7 phase=again pos=-1.5,22.9 ahead=-7.6 lat=1.64 ang=165.2 along=8.3 gait=3 v=5.29 rein=0
RIDEAI sit n=7 phase=approach pos=0.0,18.0 ahead=-10.83 lat=0.12 ang=145.4 along=13.3 gait=3 v=3.21 rein=-1
RIDEAI sit n=7 phase=approach pos=2.2,17.1 ahead=-0.77 lat=2.0 ang=85.1 along=14.2 gait=3 v=1.34 rein=-1
RIDEAI sit n=7 phase=setup pos=3.5,18.5 ahead=11.26 lat=3.38 ang=16.9 along=12.8 gait=3 v=3.08 rein=-1
RIDEAI sit n=7 phase=setup pos=3.0,21.1 ahead=9.2 lat=2.88 ang=45.5 along=10.2 gait=3 v=2.34 rein=-1
RIDEAI sit n=7 phase=approach pos=0.6,22.8 ahead=7.56 lat=0.5 ang=30.0 along=8.4 gait=3 v=1.92 rein=1
RIDEAI sit n=7 phase=approach pos=0.3,24.5 ahead=6.78 lat=0.24 ang=4.7 along=6.8 gait=3 v=2.45 rein=0
RIDEAI sit n=7 phase=approach pos=0.0,27.9 ahead=3.34 lat=0.04 ang=4.7 along=3.4 gait=3 v=3.88 rein=0
RIDEAI ASK n=7 ahead=2.57 lat=0.14 ang=1.2 charge=1.0
RIDEAI fence 7 -> 8 t=55.11 leave=straight
RIDEAI sit n=8 phase=land pos=-1.2,34.3 ahead=-8.55 lat=3.24 ang=130.3 along=17.1 gait=3 v=3.09 rein=-1
RIDEAI sit n=8 phase=land pos=-4.1,34.8 ahead=6.58 lat=0.34 ang=69.0 along=17.5 gait=3 v=3.09 rein=-1
RIDEAI sit n=8 phase=approach pos=-6.0,32.1 ahead=14.59 lat=1.58 ang=6.9 along=14.9 gait=3 v=3.4 rein=-1
RIDEAI sit n=8 phase=approach pos=-5.9,30.0 ahead=12.89 lat=1.46 ang=4.7 along=12.8 gait=3 v=2.75 rein=0
RIDEAI sit n=8 phase=approach pos=-5.6,26.2 ahead=9.04 lat=1.14 ang=4.7 along=9.0 gait=3 v=4.04 rein=0
RIDEAI sit n=8 phase=approach pos=-5.4,24.0 ahead=6.79 lat=0.94 ang=8.2 along=6.7 gait=3 v=2.75 rein=0
RIDEAI sit n=8 phase=approach pos=-4.8,20.4 ahead=3.18 lat=0.42 ang=8.2 along=3.1 gait=3 v=3.88 rein=0
RIDEAI ASK n=8 ahead=2.53 lat=0.04 ang=8.2 charge=1.0
RIDEAI fence 8 -> 9 t=63.5 leave=straight
RIDEAI sit n=9 phase=land pos=-2.9,14.6 ahead=8.16 lat=5.74 ang=62.1 along=6.6 gait=3 v=3.09 rein=-1
RIDEAI sit n=9 phase=land pos=0.0,14.6 ahead=-1.39 lat=2.8 ang=123.4 along=6.8 gait=3 v=3.09 rein=-1
RIDEAI sit n=9 phase=approach pos=2.5,16.3 ahead=-2.35 lat=0.44 ang=108.8 along=8.6 gait=3 v=1.34 rein=1
RIDEAI sit n=9 phase=approach pos=4.3,15.4 ahead=5.19 lat=1.44 ang=39.0 along=7.8 gait=3 v=3.16 rein=1
RIDEAI sit n=9 phase=approach pos=4.7,12.8 ahead=5.58 lat=1.92 ang=23.9 along=5.3 gait=3 v=2.42 rein=1
RIDEAI come again n=9 rein=1 pos=4.0,12.0
RIDEAI sit n=9 phase=away pos=3.1,11.4 ahead=1.22 lat=0.48 ang=78.3 along=3.7 gait=3 v=1.76 rein=1
RIDEAI sit n=9 phase=away pos=0.9,12.8 ahead=-5.19 lat=1.84 ang=148.2 along=5.0 gait=3 v=3.73 rein=1
RIDEAI sit n=9 phase=again pos=0.8,14.9 ahead=-6.54 lat=2.08 ang=168.3 along=7.1 gait=3 v=2.34 rein=0
RIDEAI sit n=9 phase=again pos=1.7,18.2 ahead=-9.97 lat=1.4 ang=168.3 along=10.5 gait=3 v=4.56 rein=0
RIDEAI sit n=9 phase=approach pos=3.2,21.4 ahead=-7.87 lat=0.06 ang=125.1 along=13.8 gait=3 v=2.42 rein=1
RIDEAI sit n=9 phase=setup pos=6.0,21.5 ahead=4.44 lat=2.74 ang=60.8 along=14.0 gait=3 v=1.34 rein=1
RIDEAI sit n=9 phase=shy pos=6.6,19.5 ahead=12.45 lat=3.46 ang=9.0 along=12.1 gait=3 v=3.23 rein=1
RIDEAI sit n=9 phase=approach pos=4.6,17.2 ahead=7.95 lat=1.58 ang=45.0 along=9.7 gait=3 v=2.0 rein=-1
RIDEAI sit n=9 phase=approach pos=3.8,15.6 ahead=8.03 lat=0.92 ang=11.3 along=8.0 gait=3 v=2.01 rein=0
RIDEAI sit n=9 phase=approach pos=3.1,12.7 ahead=5.02 lat=0.42 ang=6.7 along=5.0 gait=3 v=3.88 rein=0
RIDEAI ASK n=9 ahead=2.56 lat=0.04 ang=4.3 charge=1.0
RIDEAI fence 9 -> 10 t=80.39 leave=leave
RIDEAI sit n=10 phase=land pos=2.1,6.1 ahead=30.09 lat=7.84 ang=17.8 along=29.1 gait=3 v=3.22 rein=0
RIDEAI sit n=10 phase=land pos=1.2,3.0 ahead=26.87 lat=6.84 ang=17.8 along=26.0 gait=3 v=3.22 rein=0
RIDEAI sit n=10 phase=setup pos=0.4,-0.1 ahead=23.56 lat=5.86 ang=19.8 along=22.9 gait=3 v=3.53 rein=1
RIDEAI sit n=10 phase=setup pos=-1.2,-4.6 ahead=18.79 lat=4.12 ang=21.9 along=18.6 gait=3 v=5.55 rein=0
RIDEAI sit n=10 phase=approach pos=-3.1,-9.8 ahead=13.12 lat=1.92 ang=23.9 along=13.5 gait=3 v=5.55 rein=-1
RIDEAI sit n=10 phase=approach pos=-4.1,-14.9 ahead=8.36 lat=0.68 ang=12.7 along=8.4 gait=3 v=3.49 rein=0
RIDEAI sit n=10 phase=approach pos=-4.4,-17.3 ahead=5.96 lat=0.32 ang=8.0 along=6.0 gait=3 v=3.1 rein=0
RIDEAI ASK n=10 ahead=2.55 lat=0.18 ang=4.5 charge=1.0
RIDEAI fence 10 -> 11 t=89.08 leave=leave
RIDECERT trace E:/Workspace/Madison/game/../dist/traces/hk_int_005_clear.jsonl n=94
RIDECERT hk_int_005 style=clear success=true faults=0 jumped=10/10 t=92.29 teleported=false complete=true
RIDECERT round hk_int_006 class=intermediate seed=3 jo=false style=clear
RIDEAI sit n=1 phase=approach pos=7.7,-31.6 ahead=6.53 lat=0.26 ang=4.1 along=6.5 gait=3 v=2.49 rein=0
RIDEAI sit n=1 phase=approach pos=8.0,-28.2 ahead=3.06 lat=0.02 ang=4.1 along=3.1 gait=3 v=3.88 rein=0
RIDEAI ASK n=1 ahead=2.55 lat=0.2 ang=4.1 charge=1.0
RIDEAI fence 1 -> 2 t=3.55 leave=leave
RIDEAI sit n=2 phase=land pos=7.2,-22.2 ahead=14.62 lat=15.1 ang=52.0 along=4.4 gait=3 v=3.09 rein=-1
RIDEAI sit n=2 phase=land pos=4.3,-21.7 ahead=9.88 lat=12.18 ang=111.2 along=4.1 gait=3 v=3.09 rein=0
RIDEAI sit n=2 phase=setup pos=1.0,-22.8 ahead=5.37 lat=8.9 ang=117.6 along=5.4 gait=3 v=3.13 rein=0
RIDEAI sit n=2 phase=setup pos=-0.9,-23.7 ahead=2.9 lat=7.06 ang=120.0 along=6.4 gait=3 v=2.87 rein=0
RIDEAI sit n=2 phase=setup pos=-4.1,-25.2 ahead=-0.35 lat=3.96 ang=117.9 along=8.2 gait=3 v=2.59 rein=1
RIDEAI sit n=2 phase=approach pos=-6.6,-26.2 ahead=-1.52 lat=1.58 ang=108.7 along=9.4 gait=3 v=3.68 rein=1
RIDEAI sit n=2 phase=approach pos=-9.0,-25.6 ahead=5.53 lat=0.82 ang=46.3 along=8.9 gait=3 v=2.95 rein=1
RIDEAI sit n=2 phase=approach pos=-9.5,-23.4 ahead=6.92 lat=1.56 ang=18.6 along=6.8 gait=3 v=1.92 rein=0
RIDEAI sit n=2 phase=approach pos=-8.4,-20.6 ahead=3.96 lat=0.64 ang=12.8 along=3.9 gait=3 v=3.88 rein=0
RIDEAI ASK n=2 ahead=2.54 lat=0.08 ang=7.0 charge=1.0
RIDEAI fence 2 -> 3 t=14.19 leave=leave
RIDEAI sit n=3 phase=land pos=-6.4,-14.0 ahead=16.32 lat=14.4 ang=48.7 along=8.3 gait=3 v=3.09 rein=1
RIDEAI sit n=3 phase=land pos=-3.5,-13.4 ahead=10.49 lat=11.48 ang=96.7 along=7.7 gait=3 v=3.22 rein=0
RIDEAI sit n=3 phase=setup pos=-0.1,-13.9 ahead=6.42 lat=8.1 ang=100.8 along=8.2 gait=3 v=4.14 rein=0
RIDEAI sit n=3 phase=setup pos=4.7,-14.8 ahead=1.56 lat=3.32 ang=100.8 along=9.1 gait=3 v=3.49 rein=0
RIDEAI sit n=3 phase=approach pos=7.5,-15.1 ahead=2.55 lat=0.5 ang=77.3 along=9.4 gait=3 v=3.84 rein=-1
RIDEAI sit n=3 phase=approach pos=9.1,-13.6 ahead=7.45 lat=1.14 ang=13.2 along=7.9 gait=3 v=1.34 rein=-1
RIDEAI sit n=3 phase=approach pos=8.8,-11.6 ahead=6.03 lat=0.88 ang=10.1 along=6.0 gait=3 v=2.98 rein=0
RIDEAI ASK n=3 ahead=2.57 lat=0.18 ang=10.1 charge=1.0
RIDEAI fence 3 -> 4 t=23.18 leave=leave
RIDEAI sit n=4 phase=approach pos=7.7,-5.1 ahead=6.8 lat=0.28 ang=6.6 along=6.9 gait=3 v=3.55 rein=1
RIDEAI sit n=4 phase=approach pos=7.7,-3.1 ahead=4.87 lat=0.28 ang=0.4 along=4.9 gait=3 v=2.25 rein=0
RIDEAI sit n=4 phase=approach pos=7.7,-0.8 ahead=2.61 lat=0.26 ang=0.4 along=2.6 gait=3 v=2.25 rein=0
RIDEAI ASK n=4 ahead=2.58 lat=0.24 ang=0.4 charge=1.0
RIDEAI fence 4 -> 5 t=26.67 leave=straight
RIDEAI sit n=5 phase=approach pos=7.8,4.9 ahead=7.73 lat=0.22 ang=0.4 along=7.7 gait=3 v=2.25 rein=0
RIDEAI sit n=5 phase=approach pos=7.8,7.1 ahead=5.47 lat=0.2 ang=0.4 along=5.5 gait=3 v=2.25 rein=0
RIDEAI sit n=5 phase=approach pos=7.8,9.9 ahead=2.65 lat=0.18 ang=0.4 along=2.7 gait=3 v=3.68 rein=0
RIDEAI ASK n=5 ahead=2.53 lat=0.16 ang=0.4 charge=1.0
RIDEAI fence 5 -> 6 t=31.12 leave=straight
RIDEAI sit n=6 phase=land pos=6.4,15.6 ahead=16.71 lat=14.56 ang=61.8 along=8.2 gait=3 v=3.09 rein=-1
RIDEAI sit n=6 phase=land pos=3.4,16.0 ahead=10.84 lat=11.5 ang=94.5 along=8.0 gait=3 v=3.22 rein=0
RIDEAI sit n=6 phase=setup pos=-0.5,15.8 ahead=6.33 lat=7.68 ang=98.6 along=8.5 gait=3 v=4.91 rein=0
RIDEAI sit n=6 phase=setup pos=-5.2,15.4 ahead=0.96 lat=2.94 ang=102.0 along=9.2 gait=3 v=2.2 rein=0
RIDEAI sit n=6 phase=approach pos=-7.7,15.6 ahead=4.0 lat=0.46 ang=67.2 along=9.2 gait=3 v=3.44 rein=1
RIDEAI sit n=6 phase=approach pos=-9.1,17.3 ahead=7.55 lat=1.02 ang=1.8 along=7.6 gait=3 v=1.34 rein=1
RIDEAI sit n=6 phase=approach pos=-8.6,19.5 ahead=5.37 lat=0.72 ang=7.5 along=5.3 gait=3 v=3.37 rein=0
RIDEAI ASK n=6 ahead=2.57 lat=0.02 ang=7.5 charge=1.0
RIDEAI fence 6 -> 7 t=40.23 leave=leave
RIDEAI sit n=7 phase=land pos=-7.2,26.0 ahead=7.91 lat=7.18 ang=26.8 along=5.2 gait=3 v=3.14 rein=1
RIDEAI sit n=7 phase=land pos=-4.7,27.6 ahead=4.8 lat=4.68 ang=88.0 along=3.7 gait=3 v=3.09 rein=1
RIDEAI sit n=7 phase=setup pos=-2.1,26.2 ahead=-3.32 lat=2.1 ang=149.3 along=5.1 gait=3 v=3.17 rein=1
RIDEAI sit n=7 phase=approach pos=-0.1,24.4 ahead=-0.73 lat=0.12 ang=97.1 along=6.9 gait=3 v=2.42 rein=-1
RIDEAI sit n=7 phase=setup pos=2.6,25.4 ahead=-0.63 lat=2.62 ang=71.6 along=5.9 gait=3 v=2.0 rein=1
RIDEAI sit n=7 phase=setup pos=5.2,24.6 ahead=-8.39 lat=5.24 ang=133.1 along=6.7 gait=3 v=3.72 rein=1
RIDEAI sit n=7 phase=setup pos=5.8,22.3 ahead=-7.12 lat=5.8 ang=164.8 along=9.0 gait=3 v=3.26 rein=1
RIDEAI sit n=7 phase=setup pos=4.0,20.4 ahead=1.62 lat=4.04 ang=102.4 along=10.8 gait=3 v=2.53 rein=1
RIDEAI sit n=7 phase=approach pos=1.2,21.0 ahead=7.04 lat=1.2 ang=53.7 along=10.3 gait=3 v=1.92 rein=1
RIDEAI sit n=7 phase=approach pos=0.4,22.7 ahead=8.61 lat=0.4 ang=5.0 along=8.6 gait=3 v=1.61 rein=0
RIDEAI sit n=7 phase=approach pos=0.1,25.4 ahead=5.89 lat=0.16 ang=5.0 along=5.9 gait=3 v=3.83 rein=0
RIDEAI ASK n=7 ahead=2.54 lat=0.16 ang=1.5 charge=1.0
RIDEAI fence 7 -> 8 t=52.78 leave=leave
RIDEAI sit n=8 phase=land pos=-0.2,32.2 ahead=-19.71 lat=7.08 ang=172.4 along=20.8 gait=3 v=3.54 rein=-1
RIDEAI sit n=8 phase=land pos=-2.1,34.4 ahead=-3.47 lat=5.24 ang=111.2 along=23.2 gait=3 v=3.09 rein=-1
RIDEAI sit n=8 phase=land pos=-5.0,33.9 ahead=16.37 lat=2.34 ang=49.9 along=22.6 gait=3 v=3.09 rein=-1
RIDEAI sit n=8 phase=around pos=-6.0,31.3 ahead=19.32 lat=1.32 ang=12.5 along=20.1 gait=3 v=2.11 rein=-1
RIDEAI sit n=8 phase=setup pos=-4.9,28.2 ahead=15.33 lat=2.36 ang=18.6 along=17.0 gait=3 v=4.41 rein=0
RIDEAI sit n=8 phase=setup pos=-3.7,24.3 ahead=13.52 lat=3.44 ang=12.5 along=13.1 gait=3 v=2.11 rein=1
RIDEAI sit n=8 phase=approach pos=-5.6,22.1 ahead=9.29 lat=1.52 ang=40.0 along=10.8 gait=3 v=2.14 rein=-1
RIDEAI sit n=8 phase=approach pos=-6.2,20.1 ahead=8.87 lat=0.9 ang=11.4 along=8.9 gait=3 v=1.4 rein=0
RIDEAI sit n=8 phase=approach pos=-6.5,17.9 ahead=6.66 lat=0.52 ang=7.9 along=6.6 gait=3 v=3.29 rein=0
RIDEAI sit n=8 phase=approach pos=-6.9,14.1 ahead=2.86 lat=0.1 ang=4.4 along=2.9 gait=3 v=3.88 rein=0
RIDEAI ASK n=8 ahead=2.53 lat=0.12 ang=4.4 charge=1.0
RIDEAI fence 8 -> 9 t=63.42 leave=straight
RIDEAI sit n=9 phase=land pos=-6.6,7.3 ahead=13.41 lat=1.26 ang=13.1 along=13.5 gait=3 v=3.22 rein=0
RIDEAI sit n=9 phase=land pos=-5.6,4.2 ahead=9.63 lat=0.32 ang=24.3 along=10.4 gait=3 v=3.22 rein=-1
RIDEAI sit n=9 phase=approach pos=-3.9,1.7 ahead=7.47 lat=1.44 ang=11.4 along=7.9 gait=3 v=1.34 rein=1
RIDEAI sit n=9 phase=approach pos=-4.3,-0.4 ahead=5.85 lat=1.02 ang=14.2 along=5.8 gait=3 v=3.25 rein=0
RIDEAI ASK n=9 ahead=2.59 lat=0.1 ang=9.6 charge=1.0
RIDEAI fence 9 -> 10 t=69.62 leave=straight
RIDEAI sit n=10 phase=land pos=-5.5,-7.0 ahead=16.03 lat=1.88 ang=0.4 along=16.0 gait=3 v=3.54 rein=-1
RIDEAI sit n=10 phase=land pos=-5.0,-10.2 ahead=12.82 lat=1.2 ang=13.7 along=12.9 gait=3 v=3.22 rein=0
RIDEAI sit n=10 phase=land pos=-4.0,-13.2 ahead=7.84 lat=0.02 ang=38.2 along=10.0 gait=3 v=3.09 rein=-1
RIDEAI sit n=10 phase=approach pos=-2.7,-15.5 ahead=7.8 lat=1.42 ang=3.1 along=7.7 gait=3 v=1.53 rein=1
RIDEAI sit n=10 phase=approach pos=-3.4,-18.0 ahead=5.2 lat=0.82 ang=13.6 along=5.2 gait=3 v=3.75 rein=0
RIDEAI ASK n=10 ahead=2.57 lat=0.08 ang=8.9 charge=1.0
RIDEAI fence 10 -> 11 t=75.84 leave=leave
RIDECERT trace E:/Workspace/Madison/game/../dist/traces/hk_int_006_clear.jsonl n=82
RIDECERT hk_int_006 style=clear success=true faults=0 jumped=10/10 t=79.01 teleported=false complete=true
RIDECERT round hk_int_007 class=intermediate seed=4 jo=false style=clear
RIDEAI sit n=1 phase=approach pos=7.8,-30.6 ahead=8.14 lat=0.02 ang=3.7 along=8.2 gait=3 v=1.48 rein=-1
RIDEAI sit n=1 phase=approach pos=7.9,-28.3 ahead=5.93 lat=0.08 ang=2.6 along=5.9 gait=3 v=3.29 rein=0
RIDEAI ASK n=1 ahead=2.59 lat=0.12 ang=2.1 charge=1.0
RIDEAI fence 1 -> 2 t=4.3 leave=leave
RIDEAI sit n=2 phase=land pos=7.9,-21.6 ahead=12.78 lat=16.92 ang=12.2 along=9.4 gait=3 v=3.59 rein=-1
RIDEAI sit n=2 phase=land pos=6.0,-19.3 ahead=16.32 lat=14.88 ang=73.5 along=7.2 gait=3 v=3.09 rein=-1
RIDEAI sit n=2 phase=land pos=3.0,-19.8 ahead=6.53 lat=11.96 ang=119.4 along=7.9 gait=3 v=3.22 rein=0
RIDEAI sit n=2 phase=setup pos=-0.7,-21.6 ahead=1.48 lat=8.42 ang=123.5 along=10.0 gait=3 v=5.25 rein=0
RIDEAI sit n=2 phase=setup pos=-4.4,-23.1 ahead=6.69 lat=4.82 ang=80.5 along=11.7 gait=3 v=2.16 rein=1
RIDEAI sit n=2 phase=setup pos=-7.1,-22.0 ahead=5.25 lat=2.04 ang=72.3 along=10.9 gait=3 v=3.88 rein=0
RIDEAI sit n=2 phase=approach pos=-9.1,-20.6 ahead=7.62 lat=0.12 ang=36.6 along=9.6 gait=3 v=3.3 rein=1
RIDEAI sit n=2 phase=approach pos=-9.5,-18.5 ahead=7.52 lat=0.6 ang=1.7 along=7.5 gait=3 v=2.26 rein=0
RIDEAI sit n=2 phase=approach pos=-9.2,-15.2 ahead=4.25 lat=0.5 ang=1.7 along=4.2 gait=3 v=3.88 rein=0
RIDEAI ASK n=2 ahead=2.57 lat=0.38 ang=1.7 charge=1.0
RIDEAI fence 2 -> 3 t=14.27 leave=leave
RIDEAI sit n=3 phase=approach pos=-8.5,-8.8 ahead=8.59 lat=0.4 ang=2.3 along=8.6 gait=3 v=1.4 rein=0
RIDEAI sit n=3 phase=approach pos=-8.3,-6.7 ahead=6.5 lat=0.32 ang=2.3 along=6.5 gait=3 v=2.25 rein=0
RIDEAI sit n=3 phase=approach pos=-8.1,-4.4 ahead=4.11 lat=0.22 ang=2.3 along=4.1 gait=3 v=3.02 rein=0
RIDEAI ASK n=3 ahead=2.55 lat=0.06 ang=2.3 charge=1.0
RIDEAI fence 3 -> 4 t=18.71 leave=leave
RIDEAI sit n=4 phase=approach pos=-7.5,1.6 ahead=8.9 lat=0.02 ang=2.3 along=8.9 gait=3 v=1.4 rein=0
RIDEAI sit n=4 phase=approach pos=-7.3,3.6 ahead=6.96 lat=0.1 ang=2.3 along=7.0 gait=3 v=2.25 rein=0
RIDEAI sit n=4 phase=approach pos=-7.0,5.9 ahead=4.6 lat=0.18 ang=2.3 along=4.6 gait=3 v=2.94 rein=0
RIDEAI ASK n=4 ahead=2.57 lat=0.12 ang=2.4 charge=1.0
RIDEAI fence 4 -> 5 t=23.27 leave=leave
RIDEAI sit n=5 phase=land pos=-6.5,12.2 ahead=10.17 lat=14.32 ang=24.5 along=4.6 gait=3 v=3.09 rein=1
RIDEAI sit n=5 phase=land pos=-4.1,13.8 ahead=12.08 lat=11.9 ang=85.8 along=3.0 gait=3 v=3.09 rein=1
RIDEAI come again n=5 rein=1 pos=-1.4,12.9
RIDEAI sit n=5 phase=away pos=-1.2,12.8 ahead=5.32 lat=9.0 ang=123.1 along=4.1 gait=3 v=2.97 rein=1
RIDEAI sit n=5 phase=again pos=0.0,11.2 ahead=-0.21 lat=7.82 ang=145.8 along=5.6 gait=3 v=2.76 rein=0
RIDEAI sit n=5 phase=again pos=2.2,8.0 ahead=-4.14 lat=5.62 ang=145.8 along=8.8 gait=3 v=5.06 rein=0
RIDEAI sit n=5 phase=setup pos=5.4,3.9 ahead=-5.01 lat=2.44 ang=123.1 along=12.9 gait=3 v=3.35 rein=-1
RIDEAI sit n=5 phase=approach pos=7.7,4.1 ahead=6.94 lat=0.06 ang=57.3 along=12.8 gait=3 v=3.39 rein=-1
RIDEAI sit n=5 phase=approach pos=9.0,6.3 ahead=10.59 lat=1.18 ang=5.1 along=10.5 gait=3 v=2.65 rein=-1
RIDEAI sit n=5 phase=approach pos=8.8,8.6 ahead=8.25 lat=0.98 ang=5.1 along=8.2 gait=3 v=1.82 rein=0
RIDEAI sit n=5 phase=approach pos=8.5,11.5 ahead=5.37 lat=0.72 ang=5.1 along=5.3 gait=3 v=3.88 rein=0
RIDEAI ASK n=5 ahead=2.58 lat=0.24 ang=5.1 charge=1.0
RIDEAI fence 5 -> 6 t=34.8 leave=leave
RIDEAI sit n=6 phase=land pos=7.8,18.2 ahead=14.51 lat=16.74 ang=25.5 along=8.1 gait=3 v=3.09 rein=-1
RIDEAI sit n=6 phase=land pos=5.4,19.9 ahead=14.63 lat=14.28 ang=86.7 along=6.5 gait=3 v=3.09 rein=-1
RIDEAI sit n=6 phase=land pos=2.3,19.7 ahead=9.77 lat=11.14 ang=100.0 along=7.0 gait=3 v=3.33 rein=0
RIDEAI sit n=6 phase=setup pos=-2.2,19.0 ahead=4.62 lat=6.76 ang=104.1 along=8.0 gait=3 v=5.55 rein=0
RIDEAI sit n=6 phase=setup pos=-6.4,18.2 ahead=-0.35 lat=2.6 ang=108.2 along=9.0 gait=3 v=2.27 rein=0
RIDEAI sit n=6 phase=approach pos=-9.3,18.4 ahead=4.11 lat=0.3 ang=61.1 along=9.1 gait=3 v=1.92 rein=1
RIDEAI sit n=6 phase=approach pos=-10.2,20.0 ahead=7.55 lat=1.28 ang=4.0 along=7.5 gait=3 v=1.34 rein=1
RIDEAI sit n=6 phase=approach pos=-9.5,22.4 ahead=5.11 lat=0.78 ang=12.2 along=5.1 gait=3 v=3.56 rein=0
RIDEAI ASK n=6 ahead=2.56 lat=0.0 ang=7.5 charge=1.0
RIDEAI fence 6 -> 7 t=44.17 leave=leave
RIDEAI sit n=7 phase=land pos=-7.9,28.8 ahead=6.1 lat=7.9 ang=31.6 along=2.3 gait=3 v=3.09 rein=1
RIDEAI sit n=7 phase=land pos=-5.3,30.2 ahead=5.23 lat=5.28 ang=92.8 along=1.0 gait=3 v=3.09 rein=1
RIDEAI sit n=7 phase=land pos=-2.8,28.6 ahead=-1.11 lat=2.84 ang=154.1 along=2.6 gait=3 v=3.32 rein=1
RIDEAI come again n=7 rein=1 pos=-2.8,28.6
RIDEAI sit n=7 phase=again pos=-2.2,26.2 ahead=-4.32 lat=2.2 ang=166.5 along=5.0 gait=3 v=3.26 rein=0
RIDEAI sit n=7 phase=again pos=-1.1,21.9 ahead=-8.75 lat=1.16 ang=166.5 along=9.3 gait=3 v=5.55 rein=0
RIDEAI sit n=7 phase=approach pos=0.3,17.5 ahead=-10.46 lat=0.16 ang=139.2 along=13.7 gait=3 v=1.96 rein=-1
RIDEAI sit n=7 phase=setup pos=2.8,16.7 ahead=-0.73 lat=2.64 ang=82.5 along=14.5 gait=3 v=1.35 rein=-1
RIDEAI sit n=7 phase=setup pos=4.1,18.2 ahead=11.76 lat=3.94 ang=13.7 along=13.1 gait=3 v=3.08 rein=-1
RIDEAI sit n=7 phase=setup pos=3.4,20.8 ahead=9.4 lat=3.3 ang=48.7 along=10.5 gait=3 v=2.34 rein=-1
RIDEAI sit n=7 phase=approach pos=0.7,22.0 ahead=6.89 lat=0.64 ang=46.0 along=9.3 gait=3 v=1.34 rein=1
RIDEAI sit n=7 phase=approach pos=0.2,24.0 ahead=7.21 lat=0.16 ang=4.1 along=7.2 gait=3 v=3.16 rein=0
RIDEAI sit n=7 phase=approach pos=-0.1,27.8 ahead=3.43 lat=0.1 ang=4.1 along=3.4 gait=3 v=3.88 rein=0
RIDEAI ASK n=7 ahead=2.54 lat=0.1 ang=0.6 charge=1.0
RIDEAI fence 7 -> 8 t=57.15 leave=leave
RIDEAI sit n=8 phase=land pos=-1.0,33.8 ahead=-5.81 lat=3.72 ang=129.9 along=13.5 gait=3 v=3.09 rein=-1
RIDEAI sit n=8 phase=land pos=-3.9,34.5 ahead=5.83 lat=0.82 ang=68.7 along=14.0 gait=3 v=3.09 rein=-1
RIDEAI sit n=8 phase=approach pos=-6.0,32.0 ahead=11.1 lat=1.08 ang=7.0 along=11.3 gait=3 v=3.87 rein=-1
RIDEAI sit n=8 phase=approach pos=-6.0,29.9 ahead=9.23 lat=0.96 ang=7.0 along=9.2 gait=3 v=2.64 rein=0
RIDEAI sit n=8 phase=approach pos=-5.8,26.3 ahead=5.67 lat=0.54 ang=7.0 along=5.7 gait=3 v=3.88 rein=0
RIDEAI ASK n=8 ahead=2.57 lat=0.06 ang=4.7 charge=1.0
RIDEAI fence 8 -> 9 t=64.14 leave=leave
RIDEAI sit n=9 phase=land pos=-5.6,19.6 ahead=22.8 lat=12.84 ang=12.1 along=20.6 gait=3 v=3.34 rein=-1
RIDEAI sit n=9 phase=land pos=-3.7,17.1 ahead=20.3 lat=10.96 ang=47.8 along=18.1 gait=3 v=3.22 rein=0
RIDEAI sit n=9 phase=land pos=-1.3,15.0 ahead=17.08 lat=8.56 ang=47.8 along=16.0 gait=3 v=3.22 rein=0
RIDEAI sit n=9 phase=setup pos=2.1,12.3 ahead=12.16 lat=5.16 ang=52.9 along=13.4 gait=3 v=5.44 rein=0
RIDEAI sit n=9 phase=setup pos=4.9,10.3 ahead=8.22 lat=2.34 ang=56.4 along=11.3 gait=3 v=2.92 rein=0
RIDEAI sit n=9 phase=approach pos=6.7,7.7 ahead=8.8 lat=0.54 ang=6.9 along=8.8 gait=3 v=1.34 rein=0
RIDEAI sit n=9 phase=approach pos=6.9,5.4 ahead=6.42 lat=0.26 ang=6.9 along=6.4 gait=3 v=3.44 rein=0
RIDEAI sit n=9 phase=approach pos=7.2,1.5 ahead=2.59 lat=0.04 ang=3.4 along=2.6 gait=3 v=3.88 rein=0
RIDEAI ASK n=9 ahead=2.53 lat=0.2 ang=3.4 charge=1.0
RIDEAI fence 9 -> 10 t=72.77 leave=leave
RIDEAI sit n=10 phase=land pos=6.1,-4.2 ahead=19.2 lat=10.56 ang=50.5 along=17.4 gait=3 v=3.09 rein=0
RIDEAI sit n=10 phase=land pos=3.5,-6.0 ahead=16.0 lat=8.1 ang=50.5 along=15.3 gait=3 v=3.22 rein=0
RIDEAI sit n=10 phase=setup pos=0.2,-8.0 ahead=11.46 lat=4.96 ang=55.6 along=13.1 gait=3 v=4.94 rein=0
RIDEAI sit n=10 phase=setup pos=-2.6,-9.6 ahead=8.12 lat=2.32 ang=56.7 along=11.3 gait=3 v=2.99 rein=1
RIDEAI sit n=10 phase=approach pos=-4.1,-11.1 ahead=9.68 lat=1.0 ang=10.4 along=9.7 gait=3 v=2.11 rein=0
RIDEAI sit n=10 phase=approach pos=-4.8,-14.2 ahead=6.55 lat=0.46 ang=6.9 along=6.5 gait=3 v=3.88 rein=0
RIDEAI sit n=10 phase=approach pos=-5.6,-18.0 ahead=2.68 lat=0.04 ang=3.4 along=2.7 gait=3 v=3.88 rein=0
RIDEAI ASK n=10 ahead=2.55 lat=0.12 ang=3.4 charge=1.0
RIDEAI fence 10 -> 11 t=81.2 leave=leave
RIDECERT trace E:/Workspace/Madison/game/../dist/traces/hk_int_007_clear.jsonl n=87
RIDECERT hk_int_007 style=clear success=true faults=0 jumped=10/10 t=84.93 teleported=false complete=true
RIDECERT round hk_int_009 class=intermediate seed=5 jo=false style=clear
RIDEAI sit n=1 phase=approach pos=7.7,-31.6 ahead=6.24 lat=0.16 ang=3.3 along=6.2 gait=3 v=2.49 rein=0
RIDEAI sit n=1 phase=approach pos=8.0,-28.1 ahead=2.77 lat=0.04 ang=3.3 along=2.8 gait=3 v=3.88 rein=0
RIDEAI ASK n=1 ahead=2.58 lat=0.2 ang=3.3 charge=1.0
RIDEAI fence 1 -> 2 t=3.48 leave=leave
RIDEAI sit n=2 phase=land pos=6.9,-22.3 ahead=15.09 lat=14.8 ang=57.3 along=4.9 gait=3 v=3.09 rein=-1
RIDEAI sit n=2 phase=land pos=4.0,-22.0 ahead=9.6 lat=11.84 ang=109.4 along=4.8 gait=3 v=3.13 rein=0
RIDEAI sit n=2 phase=setup pos=0.3,-23.2 ahead=5.16 lat=8.26 ang=113.4 along=6.1 gait=3 v=4.87 rein=0
RIDEAI sit n=2 phase=setup pos=-4.6,-24.9 ahead=-0.07 lat=3.46 ang=113.4 along=8.2 gait=3 v=3.64 rein=0
RIDEAI sit n=2 phase=approach pos=-7.3,-25.8 ahead=-0.16 lat=0.82 ang=96.1 along=9.2 gait=3 v=3.8 rein=1
RIDEAI sit n=2 phase=approach pos=-9.4,-24.7 ahead=6.05 lat=1.36 ang=33.7 along=8.2 gait=3 v=3.07 rein=1
RIDEAI sit n=2 phase=approach pos=-9.5,-22.7 ahead=6.34 lat=1.54 ang=21.4 along=6.2 gait=3 v=1.38 rein=0
RIDEAI sit n=2 phase=approach pos=-8.6,-20.7 ahead=4.23 lat=0.78 ang=16.7 along=4.2 gait=3 v=3.18 rein=0
RIDEAI ASK n=2 ahead=2.55 lat=0.06 ang=7.4 charge=1.0
RIDEAI fence 2 -> 3 t=13.3 leave=leave
RIDEAI sit n=3 phase=land pos=-7.2,-14.4 ahead=12.34 lat=0.2 ang=3.3 along=12.4 gait=3 v=3.22 rein=-1
RIDEAI sit n=3 phase=approach pos=-7.1,-11.3 ahead=9.2 lat=0.18 ang=0.7 along=9.2 gait=3 v=2.45 rein=0
RIDEAI sit n=3 phase=approach pos=-7.0,-9.3 ahead=7.27 lat=0.14 ang=0.7 along=7.3 gait=3 v=2.75 rein=0
RIDEAI sit n=3 phase=approach pos=-6.8,-5.8 ahead=3.69 lat=0.1 ang=0.7 along=3.7 gait=3 v=3.88 rein=0
RIDEAI ASK n=3 ahead=2.53 lat=0.06 ang=0.7 charge=1.0
RIDEAI fence 3 -> 4 t=18.55 leave=leave
RIDEAI sit n=4 phase=approach pos=-6.5,0.1 ahead=8.65 lat=0.12 ang=1.3 along=8.6 gait=3 v=1.4 rein=0
RIDEAI sit n=4 phase=approach pos=-6.4,2.2 ahead=6.56 lat=0.06 ang=1.3 along=6.6 gait=3 v=2.25 rein=0
RIDEAI sit n=4 phase=approach pos=-6.3,4.7 ahead=4.06 lat=0.0 ang=1.3 along=4.1 gait=3 v=3.11 rein=0
RIDEAI ASK n=4 ahead=2.53 lat=0.08 ang=1.3 charge=1.0
RIDEAI fence 4 -> 5 t=23.1 leave=leave
RIDEAI sit n=5 phase=land pos=-5.5,10.9 ahead=16.0 lat=13.42 ang=36.4 along=10.0 gait=3 v=3.09 rein=1
RIDEAI sit n=5 phase=land pos=-2.8,12.0 ahead=10.46 lat=10.7 ang=91.5 along=8.8 gait=3 v=3.09 rein=0
RIDEAI sit n=5 phase=setup pos=0.6,11.9 ahead=6.45 lat=7.36 ang=95.6 along=9.0 gait=3 v=3.99 rein=0
RIDEAI sit n=5 phase=setup pos=4.9,11.4 ahead=2.09 lat=3.02 ang=95.6 along=9.4 gait=3 v=2.2 rein=0
RIDEAI sit n=5 phase=approach pos=7.8,11.5 ahead=4.02 lat=0.12 ang=65.1 along=9.3 gait=3 v=3.15 rein=-1
RIDEAI sit n=5 phase=approach pos=8.9,13.0 ahead=7.81 lat=0.96 ang=0.3 along=7.8 gait=3 v=1.34 rein=-1
RIDEAI sit n=5 phase=approach pos=8.6,15.3 ahead=5.55 lat=0.7 ang=6.7 along=5.5 gait=3 v=3.41 rein=0
RIDEAI ASK n=5 ahead=2.55 lat=0.06 ang=6.7 charge=1.0
RIDEAI fence 5 -> 6 t=31.88 leave=straight
RIDEAI sit n=6 phase=land pos=7.8,22.0 ahead=10.76 lat=15.7 ang=22.9 along=5.0 gait=3 v=3.29 rein=-1
RIDEAI sit n=6 phase=land pos=5.5,23.9 ahead=13.58 lat=13.32 ang=84.2 along=3.3 gait=3 v=3.09 rein=-1
RIDEAI sit n=6 phase=land pos=2.4,23.5 ahead=9.03 lat=10.22 ang=103.6 along=3.9 gait=3 v=3.22 rein=0
RIDEAI come again n=6 rein=-1 pos=2.0,23.4
RIDEAI sit n=6 phase=again pos=0.7,22.5 ahead=0.94 lat=8.62 ang=144.3 along=5.0 gait=3 v=2.34 rein=0
RIDEAI sit n=6 phase=again pos=-1.4,19.9 ahead=-2.38 lat=6.68 ang=144.3 along=7.7 gait=3 v=3.88 rein=0
RIDEAI sit n=6 phase=again pos=-4.2,16.6 ahead=-6.69 lat=4.16 ang=144.3 along=11.2 gait=3 v=5.26 rein=0
RIDEAI sit n=6 phase=approach pos=-7.0,14.9 ahead=2.26 lat=1.44 ang=86.4 along=13.1 gait=3 v=2.58 rein=1
RIDEAI sit n=6 phase=approach pos=-9.3,16.6 ahead=10.22 lat=0.92 ang=24.0 along=11.6 gait=3 v=1.92 rein=1
RIDEAI sit n=6 phase=approach pos=-9.1,19.3 ahead=8.89 lat=0.98 ang=3.6 along=8.8 gait=3 v=1.96 rein=0
RIDEAI sit n=6 phase=approach pos=-8.9,21.4 ahead=6.83 lat=0.84 ang=3.6 along=6.8 gait=3 v=3.02 rein=0
RIDEAI sit n=6 phase=approach pos=-8.2,25.1 ahead=3.11 lat=0.46 ang=7.1 along=3.1 gait=3 v=3.88 rein=0
RIDEAI ASK n=6 ahead=2.53 lat=0.08 ang=7.1 charge=1.0
RIDEAI fence 6 -> 7 t=43.65 leave=leave
RIDEAI sit n=7 phase=land pos=-5.9,31.2 ahead=5.32 lat=5.9 ang=63.6 along=0.1 gait=3 v=3.09 rein=1
RIDEAI sit n=7 phase=land pos=-3.0,31.0 ahead=2.27 lat=2.98 ang=124.9 along=0.3 gait=3 v=3.09 rein=1
RIDEAI come again n=7 rein=1 pos=-2.5,30.6
RIDEAI sit n=7 phase=again pos=-1.9,29.0 ahead=-1.97 lat=1.92 ang=170.2 along=2.3 gait=3 v=2.68 rein=0
RIDEAI sit n=7 phase=again pos=-1.1,25.2 ahead=-5.83 lat=1.26 ang=170.2 along=6.1 gait=3 v=4.98 rein=0
RIDEAI sit n=7 phase=again pos=0.0,19.8 ahead=-11.31 lat=0.34 ang=170.2 along=11.5 gait=3 v=5.55 rein=0
RIDEAI sit n=7 phase=approach pos=1.5,17.0 ahead=-7.6 lat=1.1 ang=117.5 along=14.4 gait=3 v=2.91 rein=-1
RIDEAI sit n=7 phase=setup pos=4.0,17.1 ahead=6.15 lat=3.64 ang=51.4 along=14.4 gait=3 v=1.61 rein=-1
RIDEAI sit n=7 phase=setup pos=4.4,19.5 ahead=12.63 lat=4.12 ang=18.2 along=11.9 gait=3 v=3.73 rein=-1
RIDEAI sit n=7 phase=setup pos=2.6,21.1 ahead=4.13 lat=2.3 ang=79.6 along=10.3 gait=3 v=2.99 rein=0
RIDEAI sit n=7 phase=approach pos=0.4,22.3 ahead=8.59 lat=0.16 ang=19.3 along=9.0 gait=3 v=1.69 rein=1
RIDEAI sit n=7 phase=approach pos=0.1,25.0 ahead=6.31 lat=0.04 ang=3.0 along=6.3 gait=3 v=3.81 rein=0
RIDEAI ASK n=7 ahead=2.58 lat=0.12 ang=1.6 charge=1.0
RIDEAI fence 7 -> 8 t=56.88 leave=leave
RIDEAI sit n=8 phase=land pos=-0.1,31.9 ahead=-11.8 lat=3.18 ang=174.0 along=12.2 gait=3 v=3.84 rein=-1
RIDEAI sit n=8 phase=land pos=-1.7,34.4 ahead=-4.36 lat=1.4 ang=112.7 along=14.6 gait=3 v=3.09 rein=-1
RIDEAI sit n=8 phase=land pos=-4.6,34.3 ahead=7.66 lat=1.52 ang=51.4 along=14.2 gait=3 v=3.09 rein=-1
RIDEAI sit n=8 phase=setup pos=-5.9,31.8 ahead=11.94 lat=2.62 ang=13.5 along=11.7 gait=3 v=1.34 rein=-1
RIDEAI sit n=8 phase=approach pos=-4.7,29.8 ahead=9.3 lat=1.2 ang=26.3 along=9.8 gait=3 v=3.42 rein=1
RIDEAI sit n=8 phase=approach pos=-4.5,27.9 ahead=7.87 lat=0.76 ang=10.0 along=7.9 gait=3 v=2.56 rein=0
RIDEAI sit n=8 phase=approach pos=-4.3,24.4 ahead=4.39 lat=0.3 ang=5.3 along=4.4 gait=3 v=3.88 rein=0
RIDEAI ASK n=8 ahead=2.57 lat=0.1 ang=5.3 charge=1.0
RIDEAI fence 8 -> 9 t=64.81 leave=leave
RIDEAI sit n=9 phase=land pos=-3.8,18.0 ahead=13.63 lat=8.88 ang=35.3 along=10.4 gait=3 v=3.09 rein=-1
RIDEAI sit n=9 phase=land pos=-1.2,16.6 ahead=5.78 lat=6.18 ang=92.4 along=9.2 gait=3 v=3.09 rein=0
RIDEAI sit n=9 phase=setup pos=2.1,16.6 ahead=1.43 lat=2.88 ang=98.6 along=9.4 gait=3 v=3.91 rein=0
RIDEAI sit n=9 phase=approach pos=4.5,16.2 ahead=5.26 lat=0.44 ang=57.7 along=9.2 gait=3 v=3.18 rein=1
RIDEAI sit n=9 phase=approach pos=5.6,14.2 ahead=7.24 lat=0.8 ang=5.6 along=7.2 gait=3 v=1.5 rein=0
RIDEAI sit n=9 phase=approach pos=5.2,11.6 ahead=4.62 lat=0.56 ang=5.6 along=4.6 gait=3 v=3.71 rein=0
RIDEAI ASK n=9 ahead=2.55 lat=0.1 ang=5.6 charge=1.0
RIDEAI fence 9 -> 10 t=72.28 leave=leave
RIDEAI sit n=10 phase=land pos=3.9,5.2 ahead=16.55 lat=6.94 ang=31.6 along=15.2 gait=3 v=3.09 rein=1
RIDEAI sit n=10 phase=land pos=1.4,3.3 ahead=11.92 lat=4.62 ang=49.9 along=13.0 gait=3 v=3.22 rein=0
RIDEAI sit n=10 phase=setup pos=-1.4,1.5 ahead=7.54 lat=2.04 ang=58.1 along=11.0 gait=3 v=3.76 rein=0
RIDEAI sit n=10 phase=approach pos=-2.6,0.0 ahead=9.43 lat=0.94 ang=10.0 along=9.4 gait=3 v=1.51 rein=0
RIDEAI sit n=10 phase=approach pos=-3.3,-2.5 ahead=6.85 lat=0.48 ang=8.9 along=6.9 gait=3 v=3.67 rein=-1
RIDEAI sit n=10 phase=approach pos=-4.1,-6.3 ahead=3.0 lat=0.04 ang=4.2 along=3.0 gait=3 v=3.88 rein=-1
RIDEAI ASK n=10 ahead=2.55 lat=0.12 ang=3.1 charge=1.0
RIDEAI fence 10 -> 11 t=79.29 leave=leave
RIDECERT trace E:/Workspace/Madison/game/../dist/traces/hk_int_009_clear.jsonl n=88
RIDECERT hk_int_009 style=clear success=true faults=0 jumped=10/10 t=85.01 teleported=false complete=true
RIDECERT round hk_adv_001 class=advanced seed=0 jo=false style=clear
RIDEAI sit n=1 phase=approach pos=6.6,-31.3 ahead=7.45 lat=0.36 ang=4.2 along=7.4 gait=3 v=1.84 rein=0
RIDEAI sit n=1 phase=approach pos=6.9,-28.3 ahead=4.51 lat=0.14 ang=4.2 along=4.5 gait=3 v=3.88 rein=0
RIDEAI ASK n=1 ahead=2.57 lat=0.18 ang=4.2 charge=1.0
RIDEAI fence 1 -> 2 t=3.91 leave=
RIDEAI sit n=2 phase=land pos=6.9,-21.8 ahead=12.22 lat=7.62 ang=4.6 along=12.9 gait=3 v=3.09 rein=-1
RIDEAI sit n=2 phase=land pos=4.5,-20.2 ahead=10.89 lat=6.3 ang=56.6 along=10.2 gait=3 v=3.09 rein=-1
RIDEAI sit n=2 phase=setup pos=1.5,-21.4 ahead=2.76 lat=3.16 ang=92.4 along=9.8 gait=3 v=3.83 rein=0
RIDEAI sit n=2 phase=approach pos=-0.8,-22.3 ahead=5.45 lat=0.64 ang=58.7 along=9.4 gait=3 v=3.19 rein=1
RIDEAI sit n=2 phase=approach pos=-2.9,-21.3 ahead=7.48 lat=0.62 ang=3.5 along=7.5 gait=3 v=1.5 rein=0
RIDEAI sit n=2 phase=approach pos=-4.1,-18.9 ahead=4.87 lat=0.48 ang=3.5 along=4.8 gait=3 v=3.71 rein=0
RIDEAI ASK n=2 ahead=2.54 lat=0.18 ang=3.5 charge=1.0
RIDEAI fence 2 -> 3 t=11.42 leave=straight
RIDEAI sit n=3 phase=land pos=-6.8,-12.9 ahead=7.88 lat=13.78 ang=3.0 along=8.6 gait=3 v=3.09 rein=1
RIDEAI sit n=3 phase=land pos=-5.4,-10.3 ahead=13.71 lat=12.4 ang=58.2 along=6.0 gait=3 v=3.09 rein=1
RIDEAI sit n=3 phase=setup pos=-2.4,-10.3 ahead=7.05 lat=9.4 ang=108.3 along=5.9 gait=3 v=3.47 rein=0
RIDEAI sit n=3 phase=setup pos=1.9,-11.9 ahead=1.8 lat=5.08 ang=112.4 along=7.6 gait=3 v=5.55 rein=0
RIDEAI sit n=3 phase=setup pos=4.9,-13.2 ahead=-1.99 lat=2.08 ang=115.8 along=8.9 gait=3 v=2.41 rein=0
RIDEAI sit n=3 phase=approach pos=7.8,-13.0 ahead=4.15 lat=0.8 ang=56.5 along=8.7 gait=3 v=1.92 rein=-1
RIDEAI sit n=3 phase=approach pos=8.6,-11.5 ahead=7.35 lat=1.58 ang=9.3 along=7.2 gait=3 v=1.53 rein=-1
RIDEAI sit n=3 phase=approach pos=7.8,-9.0 ahead=4.68 lat=0.8 ang=17.5 along=4.7 gait=3 v=3.75 rein=0
RIDEAI ASK n=3 ahead=2.53 lat=0.0 ang=8.2 charge=1.0
RIDEAI fence 3 -> 4 t=20.8 leave=leave
RIDEAI sit n=4 phase=approach pos=6.9,-2.9 ahead=6.03 lat=0.1 ang=1.2 along=6.0 gait=3 v=1.4 rein=0
RIDEAI sit n=4 phase=approach pos=6.9,-0.8 ahead=3.96 lat=0.14 ang=1.2 along=4.0 gait=3 v=2.25 rein=0
RIDEAI ASK n=4 ahead=2.57 lat=0.22 ang=1.2 charge=1.0
RIDEAI fence 4 -> 5 t=24.28 leave=leave
RIDEAI sit n=5 phase=approach pos=6.7,4.8 ahead=9.17 lat=0.26 ang=1.2 along=9.2 gait=3 v=2.31 rein=0
RIDEAI sit n=5 phase=approach pos=6.7,6.6 ahead=7.32 lat=0.3 ang=1.2 along=7.3 gait=3 v=2.25 rein=0
RIDEAI sit n=5 phase=approach pos=6.7,8.9 ahead=5.03 lat=0.34 ang=1.2 along=5.0 gait=3 v=2.6 rein=0
RIDEAI ASK n=5 ahead=2.53 lat=0.2 ang=3.5 charge=1.0
RIDEAI fence 5 -> 6 t=28.85 leave=leave
RIDEAI sit n=6 phase=land pos=6.8,15.2 ahead=10.54 lat=14.66 ang=13.8 along=7.2 gait=3 v=3.24 rein=-1
RIDEAI sit n=6 phase=land pos=4.9,17.4 ahead=13.49 lat=12.58 ang=75.1 along=5.2 gait=3 v=3.09 rein=-1
RIDEAI sit n=6 phase=land pos=2.0,16.8 ahead=2.41 lat=9.76 ang=136.3 along=6.0 gait=3 v=3.09 rein=-1
RIDEAI sit n=6 phase=setup pos=-1.0,13.8 ahead=-2.65 lat=6.98 ang=140.4 along=9.2 gait=3 v=5.39 rein=0
RIDEAI sit n=6 phase=setup pos=-3.9,12.1 ahead=5.51 lat=4.26 ang=83.4 along=11.0 gait=3 v=2.31 rein=1
RIDEAI sit n=6 phase=approach pos=-6.9,13.0 ahead=5.3 lat=1.18 ang=65.9 along=10.3 gait=3 v=3.67 rein=1
RIDEAI sit n=6 phase=approach pos=-7.9,14.6 ahead=8.82 lat=0.02 ang=3.0 along=8.8 gait=3 v=1.34 rein=0
RIDEAI sit n=6 phase=approach pos=-7.9,16.9 ahead=6.5 lat=0.1 ang=3.0 along=6.5 gait=3 v=3.41 rein=0
RIDEAI sit n=6 phase=approach pos=-7.8,20.8 ahead=2.68 lat=0.24 ang=0.5 along=2.7 gait=3 v=3.88 rein=0
RIDEAI ASK n=6 ahead=2.55 lat=0.22 ang=0.5 charge=1.0
RIDEAI fence 6 -> 7 t=38.52 leave=leave
RIDEAI sit n=7 phase=land pos=-5.9,26.8 ahead=12.97 lat=12.88 ang=62.7 along=3.3 gait=3 v=3.09 rein=1
RIDEAI sit n=7 phase=land pos=-2.9,26.6 ahead=7.02 lat=9.94 ang=118.9 along=3.5 gait=3 v=3.09 rein=0
RIDEAI come again n=7 rein=1 pos=-1.9,26.0
RIDEAI sit n=7 phase=again pos=-1.1,25.2 ahead=1.88 lat=8.1 ang=137.5 along=4.9 gait=3 v=1.76 rein=-1
RIDEAI sit n=7 phase=again pos=1.0,23.3 ahead=-0.24 lat=6.0 ang=132.9 along=6.8 gait=3 v=3.88 rein=0
RIDEAI sit n=7 phase=again pos=4.6,20.1 ahead=-4.38 lat=2.42 ang=128.8 along=10.0 gait=3 v=5.55 rein=0
RIDEAI sit n=7 phase=approach pos=8.6,17.8 ahead=-1.66 lat=1.58 ang=90.3 along=12.3 gait=3 v=1.92 rein=-1
RIDEAI sit n=7 phase=setup pos=11.0,19.4 ahead=7.59 lat=3.96 ang=27.9 along=10.7 gait=3 v=2.86 rein=-1
RIDEAI sit n=7 phase=setup pos=10.7,21.8 ahead=8.98 lat=3.7 ang=33.3 along=8.3 gait=3 v=3.49 rein=-1
RIDEAI sit n=7 phase=approach pos=8.5,23.1 ahead=3.68 lat=1.5 ang=71.2 along=7.0 gait=3 v=2.76 rein=1
RIDEAI sit n=7 phase=approach pos=6.7,25.0 ahead=5.07 lat=0.32 ang=5.7 along=5.1 gait=3 v=1.46 rein=1
RIDEAI sit n=7 phase=approach pos=6.7,27.5 ahead=2.55 lat=0.28 ang=1.3 along=2.5 gait=3 v=3.67 rein=0
RIDEAI ASK n=7 ahead=2.55 lat=0.22 ang=1.3 charge=1.0
RIDEAI fence 7 -> 8 t=50.91 leave=leave
RIDEAI sit n=8 phase=land pos=8.4,33.6 ahead=-14.1 lat=11.32 ang=161.5 along=11.1 gait=3 v=3.09 rein=1
RIDEAI sit n=8 phase=land pos=11.3,33.4 ahead=-2.99 lat=10.68 ang=137.2 along=14.0 gait=3 v=3.09 rein=1
RIDEAI sit n=8 phase=setup pos=12.6,30.9 ahead=11.53 lat=7.92 ang=74.8 along=14.8 gait=3 v=1.92 rein=1
RIDEAI sit n=8 phase=setup pos=11.7,28.1 ahead=11.23 lat=5.3 ang=60.5 along=13.4 gait=3 v=4.1 rein=0
RIDEAI sit n=8 phase=setup pos=10.7,25.2 ahead=8.81 lat=2.66 ang=56.4 along=11.9 gait=3 v=2.76 rein=0
RIDEAI sit n=8 phase=approach pos=8.4,22.6 ahead=9.2 lat=0.5 ang=9.2 along=9.2 gait=3 v=2.25 rein=1
RIDEAI sit n=8 phase=approach pos=6.4,22.0 ahead=7.11 lat=0.28 ang=5.7 along=7.1 gait=3 v=3.14 rein=0
RIDEAI sit n=8 phase=approach pos=2.7,21.0 ahead=3.36 lat=0.04 ang=2.2 along=3.4 gait=3 v=3.88 rein=0
RIDEAI ASK n=8 ahead=2.58 lat=0.18 ang=2.2 charge=1.0
RIDEAI fence 8 -> 9 t=60.53 leave=leave
RIDEAI sit n=9 phase=approach pos=-4.0,20.0 ahead=2.29 lat=0.56 ang=71.7 along=5.6 gait=3 v=3.09 rein=-1
RIDEAI come again n=9 rein=1 pos=-5.5,18.7
RIDEAI sit n=9 phase=away pos=-5.9,18.2 ahead=0.98 lat=1.42 ang=56.3 along=3.9 gait=3 v=1.4 rein=1
RIDEAI sit n=9 phase=away pos=-8.0,18.4 ahead=-5.27 lat=3.48 ang=126.1 along=4.2 gait=3 v=3.14 rein=1
RIDEAI sit n=9 phase=again pos=-9.2,21.7 ahead=-7.99 lat=4.68 ang=172.7 along=7.5 gait=3 v=3.81 rein=-1
RIDEAI sit n=9 phase=again pos=-10.5,24.0 ahead=-11.36 lat=5.94 ang=155.7 along=9.8 gait=3 v=2.72 rein=1
RIDEAI sit n=9 phase=setup pos=-10.4,26.8 ahead=-6.34 lat=5.74 ang=141.9 along=12.5 gait=3 v=1.99 rein=1
RIDEAI sit n=9 phase=setup pos=-7.6,27.7 ahead=5.45 lat=3.0 ang=79.2 along=13.4 gait=3 v=2.57 rein=1
RIDEAI sit n=9 phase=around pos=-6.2,26.4 ahead=10.45 lat=1.54 ang=38.5 along=12.1 gait=3 v=2.91 rein=0
RIDEAI sit n=9 phase=approach pos=-4.6,24.1 ahead=9.73 lat=0.0 ang=4.2 along=9.8 gait=3 v=1.46 rein=1
RIDEAI sit n=9 phase=approach pos=-4.5,22.4 ahead=8.1 lat=0.08 ang=3.1 along=8.1 gait=3 v=2.32 rein=0
RIDEAI sit n=9 phase=approach pos=-4.2,19.2 ahead=4.83 lat=0.26 ang=3.1 along=4.8 gait=3 v=3.88 rein=0
RIDEAI ASK n=9 ahead=2.58 lat=0.26 ang=0.4 charge=1.0
RIDEAI fence 9 -> 10 t=73.33 leave=leave
RIDEAI sit n=10 phase=land pos=-4.1,12.6 ahead=12.89 lat=0.16 ang=1.2 along=12.9 gait=3 v=3.22 rein=0
RIDEAI sit n=10 phase=approach pos=-4.1,9.3 ahead=9.67 lat=0.24 ang=1.2 along=9.7 gait=3 v=3.22 rein=0
RIDEAI sit n=10 phase=approach pos=-4.1,7.3 ahead=7.68 lat=0.28 ang=1.2 along=7.7 gait=3 v=2.41 rein=0
RIDEAI sit n=10 phase=approach pos=-4.0,3.9 ahead=4.28 lat=0.34 ang=1.2 along=4.3 gait=3 v=3.88 rein=0
RIDEAI ASK n=10 ahead=2.56 lat=0.18 ang=3.5 charge=1.0
RIDEAI fence 10 -> 11 t=78.61 leave=leave
RIDEAI sit n=11 phase=approach pos=-4.3,-1.9 ahead=5.87 lat=0.12 ang=3.9 along=5.9 gait=3 v=1.59 rein=0
RIDEAI sit n=11 phase=approach pos=-4.5,-4.1 ahead=3.71 lat=0.02 ang=3.9 along=3.7 gait=3 v=2.25 rein=0
RIDEAI ASK n=11 ahead=2.58 lat=0.28 ang=3.9 charge=1.0
RIDEAI fence 11 -> 12 t=82.08 leave=leave
RIDEAI sit n=12 phase=land pos=-4.5,-10.2 ahead=10.68 lat=2.26 ang=4.4 along=10.9 gait=3 v=3.09 rein=-1
RIDEAI sit n=12 phase=land pos=-2.0,-11.8 ahead=5.29 lat=0.94 ang=56.9 along=8.3 gait=3 v=3.09 rein=-1
RIDEAI sit n=12 phase=approach pos=0.9,-12.5 ahead=5.59 lat=1.22 ang=16.8 along=6.2 gait=3 v=2.16 rein=1
RIDEAI sit n=12 phase=approach pos=1.5,-14.3 ahead=4.4 lat=0.84 ang=18.1 along=4.4 gait=3 v=2.87 rein=0
RIDEAI ASK n=12 ahead=2.58 lat=0.12 ang=6.5 charge=1.0
RIDEAI fence 12 -> 13 t=87.53 leave=leave
RIDECERT trace E:/Workspace/Madison/game/../dist/traces/hk_adv_001_clear.jsonl n=94
RIDECERT hk_adv_001 style=clear success=false faults=2 jumped=12/12 t=91.59 teleported=false complete=true
RIDECERT track FAIL hk_adv_001 { "id": "hk_adv_001", "class_id": "advanced", "jump_off": false, "style": "clear", "fences_needed": 12, "fences_jumped": 12, "faults": 2, "time_sec": 91.59, "refused": [], "rails": 0, "teleported": false, "teleport_why": "", "max_speed": 5.55, "inputs_pressed": { "gait_up": 3, "gait_down": 0, "turn_left": 28, "turn_right": 17, "jump": 30, "halt": 0 }, "round_complete": true, "eliminated": false, "eliminate_reason": "", "loaded_id": "hk_adv_001", "success": false }
RIDECERT round hk_adv_002 class=advanced seed=1 jo=false style=clear
RIDEAI sit n=1 phase=approach pos=8.1,-31.7 ahead=6.72 lat=0.32 ang=6.0 along=6.7 gait=3 v=2.49 rein=0
RIDEAI sit n=1 phase=approach pos=8.4,-28.2 ahead=3.27 lat=0.0 ang=2.5 along=3.3 gait=3 v=3.88 rein=0
RIDEAI ASK n=1 ahead=2.55 lat=0.16 ang=2.5 charge=1.0
RIDEAI fence 1 -> 2 t=3.6 leave=straight
RIDEAI sit n=2 phase=land pos=7.6,-22.2 ahead=14.77 lat=14.96 ang=49.9 along=5.2 gait=3 v=3.09 rein=-1
RIDEAI sit n=2 phase=land pos=4.8,-21.6 ahead=9.84 lat=12.04 ang=109.1 along=4.7 gait=3 v=3.09 rein=0
RIDEAI sit n=2 phase=setup pos=1.3,-22.6 ahead=5.62 lat=8.66 ang=113.2 along=5.9 gait=3 v=4.56 rein=0
RIDEAI sit n=2 phase=setup pos=-3.7,-24.4 ahead=0.35 lat=3.82 ang=113.2 along=8.0 gait=3 v=4.5 rein=0
RIDEAI sit n=2 phase=approach pos=-6.4,-25.3 ahead=-0.6 lat=1.16 ang=101.0 along=9.1 gait=3 v=3.57 rein=1
RIDEAI sit n=2 phase=approach pos=-8.7,-24.4 ahead=5.8 lat=1.2 ang=38.5 along=8.4 gait=3 v=2.84 rein=1
RIDEAI sit n=2 phase=approach pos=-8.9,-22.5 ahead=6.59 lat=1.52 ang=19.2 along=6.5 gait=3 v=2.19 rein=0
RIDEAI sit n=2 phase=approach pos=-7.7,-19.5 ahead=3.43 lat=0.54 ang=12.3 along=3.4 gait=3 v=3.88 rein=-1
RIDEAI ASK n=2 ahead=2.53 lat=0.06 ang=9.9 charge=1.0
RIDEAI fence 2 -> 3 t=13.06 leave=leave
RIDEAI sit n=3 phase=approach pos=-6.7,-14.2 ahead=5.51 lat=0.2 ang=0.6 along=5.5 gait=3 v=2.09 rein=0
RIDEAI sit n=3 phase=approach pos=-6.5,-11.9 ahead=3.26 lat=0.22 ang=0.6 along=3.3 gait=3 v=2.25 rein=0
RIDEAI ASK n=3 ahead=2.58 lat=0.26 ang=0.6 charge=1.0
RIDEAI fence 3 -> 4 t=16.55 leave=leave
RIDEAI sit n=4 phase=approach pos=-6.1,-6.6 ahead=8.67 lat=0.36 ang=0.0 along=8.7 gait=3 v=1.4 rein=0
RIDEAI sit n=4 phase=approach pos=-6.0,-4.5 ahead=6.6 lat=0.36 ang=0.0 along=6.6 gait=3 v=2.25 rein=0
RIDEAI sit n=4 phase=approach pos=-5.8,-2.0 ahead=4.1 lat=0.36 ang=0.0 along=4.1 gait=3 v=3.11 rein=0
RIDEAI ASK n=4 ahead=2.57 lat=0.36 ang=0.0 charge=1.0
RIDEAI fence 4 -> 5 t=21.1 leave=leave
RIDEAI sit n=5 phase=land pos=-4.9,4.2 ahead=11.04 lat=13.24 ang=37.8 along=3.7 gait=3 v=3.09 rein=1
RIDEAI sit n=5 phase=land pos=-2.1,5.2 ahead=9.95 lat=10.5 ang=99.0 along=2.6 gait=3 v=3.09 rein=1
RIDEAI come again n=5 rein=1 pos=0.3,4.7
RIDEAI sit n=5 phase=away pos=0.8,4.4 ahead=4.8 lat=7.58 ang=120.4 along=3.4 gait=3 v=1.54 rein=1
RIDEAI sit n=5 phase=again pos=1.8,2.8 ahead=-4.11 lat=6.6 ang=171.6 along=5.1 gait=3 v=2.96 rein=1
RIDEAI sit n=5 phase=again pos=2.9,-1.1 ahead=-4.14 lat=5.5 ang=144.6 along=9.0 gait=3 v=5.26 rein=0
RIDEAI sit n=5 phase=setup pos=6.0,-5.2 ahead=-5.27 lat=2.34 ang=123.7 along=13.0 gait=3 v=3.06 rein=-1
RIDEAI sit n=5 phase=approach pos=8.7,-5.1 ahead=5.76 lat=0.36 ang=62.1 along=13.0 gait=3 v=3.87 rein=-1
RIDEAI sit n=5 phase=approach pos=9.9,-3.0 ahead=10.93 lat=1.54 ang=0.3 along=10.9 gait=3 v=3.14 rein=-1
RIDEAI sit n=5 phase=approach pos=9.6,-0.2 ahead=8.19 lat=1.2 ang=7.4 along=8.1 gait=3 v=1.67 rein=0
RIDEAI sit n=5 phase=approach pos=9.2,2.5 ahead=5.45 lat=0.84 ang=7.4 along=5.4 gait=3 v=3.83 rein=0
RIDEAI ASK n=5 ahead=2.53 lat=0.14 ang=7.4 charge=1.0
RIDEAI fence 5 -> 6 t=32.84 leave=leave
RIDEAI sit n=6 phase=land pos=8.3,9.2 ahead=10.38 lat=3.32 ang=8.3 along=11.0 gait=3 v=3.19 rein=-1
RIDEAI sit n=6 phase=land pos=5.9,10.9 ahead=6.7 lat=2.16 ang=53.0 along=8.3 gait=3 v=3.09 rein=-1
RIDEAI sit n=6 phase=approach pos=3.3,11.8 ahead=6.18 lat=0.28 ang=10.0 along=6.2 gait=3 v=1.34 rein=1
RIDEAI sit n=6 phase=approach pos=2.1,13.5 ahead=4.16 lat=0.12 ang=4.2 along=4.2 gait=3 v=3.1 rein=0
RIDEAI ASK n=6 ahead=2.54 lat=0.18 ang=4.2 charge=1.0
RIDEAI fence 6 -> 7 t=37.95 leave=leave
RIDEAI sit n=7 phase=land pos=-1.0,18.9 ahead=6.8 lat=3.44 ang=41.5 along=12.1 gait=3 v=3.09 rein=1
RIDEAI sit n=7 phase=land pos=0.4,21.5 ahead=10.03 lat=3.98 ang=19.7 along=9.2 gait=3 v=3.09 rein=1
RIDEAI sit n=7 phase=approach pos=3.5,21.4 ahead=4.34 lat=1.58 ang=66.7 along=7.3 gait=3 v=3.82 rein=-1
RIDEAI sit n=7 phase=approach pos=5.3,21.8 ahead=5.9 lat=0.42 ang=5.9 along=5.9 gait=3 v=1.34 rein=0
RIDEAI sit n=7 phase=approach pos=7.0,23.4 ahead=3.51 lat=0.18 ang=5.9 along=3.5 gait=3 v=3.48 rein=0
RIDEAI ASK n=7 ahead=2.58 lat=0.02 ang=2.4 charge=1.0
RIDEAI fence 7 -> 8 t=44.17 leave=leave
RIDEAI sit n=8 phase=land pos=10.9,29.0 ahead=1.13 lat=1.72 ang=77.4 along=12.9 gait=3 v=3.09 rein=-1
RIDEAI sit n=8 phase=land pos=9.3,31.4 ahead=9.39 lat=3.86 ang=16.2 along=10.9 gait=3 v=3.09 rein=-1
RIDEAI sit n=8 phase=setup pos=6.2,31.1 ahead=7.62 lat=3.0 ang=46.2 along=7.9 gait=3 v=2.74 rein=-1
RIDEAI sit n=8 phase=approach pos=4.7,29.0 ahead=4.74 lat=0.74 ang=52.3 along=6.8 gait=3 v=3.53 rein=1
RIDEAI sit n=8 phase=approach pos=2.6,28.5 ahead=4.83 lat=0.22 ang=0.2 along=4.8 gait=3 v=2.22 rein=0
RIDEAI ASK n=8 ahead=2.56 lat=0.24 ang=0.2 charge=1.0
RIDEAI fence 8 -> 9 t=51.09 leave=leave
RIDEAI sit n=9 phase=land pos=-3.4,29.4 ahead=2.62 lat=0.42 ang=83.8 along=20.5 gait=3 v=3.19 rein=-1
RIDEAI sit n=9 phase=land pos=-5.8,27.7 ahead=16.55 lat=1.94 ang=22.6 along=18.7 gait=3 v=3.09 rein=-1
RIDEAI sit n=9 phase=land pos=-5.7,24.6 ahead=15.69 lat=1.78 ang=12.2 along=15.7 gait=3 v=3.26 rein=0
RIDEAI sit n=9 phase=approach pos=-4.9,20.2 ahead=11.26 lat=0.86 ang=12.2 along=11.3 gait=3 v=5.55 rein=0
RIDEAI sit n=9 phase=approach pos=-4.5,16.3 ahead=7.37 lat=0.32 ang=7.1 along=7.4 gait=3 v=2.23 rein=0
RIDEAI sit n=9 phase=approach pos=-4.3,13.3 ahead=4.42 lat=0.04 ang=3.6 along=4.4 gait=3 v=3.88 rein=0
RIDEAI ASK n=9 ahead=2.55 lat=0.22 ang=3.6 charge=1.0
RIDEAI fence 9 -> 10 t=58.23 leave=leave
RIDEAI sit n=10 phase=land pos=-3.7,6.9 ahead=8.72 lat=8.18 ang=33.8 along=5.0 gait=3 v=3.09 rein=-1
RIDEAI sit n=10 phase=land pos=-1.0,5.6 ahead=5.16 lat=5.52 ang=95.1 along=3.8 gait=3 v=3.09 rein=-1
RIDEAI sit n=10 phase=setup pos=1.5,7.3 ahead=-2.41 lat=2.98 ang=141.0 along=5.5 gait=3 v=3.74 rein=0
RIDEAI sit n=10 phase=approach pos=3.0,9.0 ahead=-2.96 lat=1.58 ang=125.9 along=7.3 gait=3 v=2.31 rein=1
RIDEAI sit n=10 phase=approach pos=6.2,9.2 ahead=-1.1 lat=1.58 ang=86.3 along=7.5 gait=3 v=3.73 rein=1
RIDEAI sit n=10 phase=setup pos=8.8,10.1 ahead=-9.37 lat=4.24 ang=145.2 along=8.5 gait=3 v=2.22 rein=-1
RIDEAI sit n=10 phase=setup pos=9.0,12.9 ahead=-8.02 lat=4.38 ang=152.4 along=11.3 gait=3 v=1.92 rein=-1
RIDEAI sit n=10 phase=setup pos=6.8,14.2 ahead=1.84 lat=2.1 ang=91.2 along=12.5 gait=3 v=3.8 rein=-1
RIDEAI sit n=10 phase=approach pos=4.7,13.0 ahead=9.93 lat=0.02 ang=28.8 along=11.3 gait=3 v=3.07 rein=-1
RIDEAI sit n=10 phase=approach pos=4.2,10.0 ahead=8.31 lat=0.4 ang=1.2 along=8.3 gait=3 v=1.48 rein=0
RIDEAI sit n=10 phase=approach pos=4.1,7.5 ahead=5.74 lat=0.46 ang=1.2 along=5.8 gait=3 v=3.64 rein=0
RIDEAI ASK n=10 ahead=2.54 lat=0.28 ang=2.3 charge=1.0
RIDEAI fence 10 -> 11 t=71.01 leave=leave
RIDEAI sit n=11 phase=approach pos=4.1,0.7 ahead=9.79 lat=0.66 ang=3.1 along=9.8 gait=3 v=3.44 rein=0
RIDEAI sit n=11 phase=approach pos=4.2,-1.3 ahead=7.77 lat=0.56 ang=3.1 along=7.8 gait=3 v=2.25 rein=0
RIDEAI sit n=11 phase=approach pos=4.2,-3.6 ahead=5.52 lat=0.44 ang=3.1 along=5.5 gait=3 v=2.25 rein=0
RIDEAI ASK n=11 ahead=2.54 lat=0.14 ang=3.1 charge=1.0
RIDEAI fence 11 -> 12 t=75.55 leave=leave
RIDEAI sit n=12 phase=approach pos=4.3,-10.3 ahead=6.25 lat=0.18 ang=0.7 along=6.3 gait=3 v=3.84 rein=0
RIDEAI sit n=12 phase=approach pos=4.4,-12.3 ahead=4.2 lat=0.2 ang=0.7 along=4.2 gait=3 v=2.25 rein=0
RIDEAI ASK n=12 ahead=2.58 lat=0.26 ang=0.7 charge=1.0
RIDEAI fence 12 -> 13 t=78.71 leave=leave
RIDECERT trace E:/Workspace/Madison/game/../dist/traces/hk_adv_002_clear.jsonl n=86
RIDECERT hk_adv_002 style=clear success=true faults=0 jumped=12/12 t=83.14 teleported=false complete=true
RIDECERT round hk_adv_003 class=advanced seed=2 jo=false style=clear
RIDEAI sit n=1 phase=approach pos=8.1,-30.5 ahead=7.68 lat=0.04 ang=3.7 along=7.7 gait=3 v=1.48 rein=-1
RIDEAI sit n=1 phase=approach pos=8.2,-28.3 ahead=5.46 lat=0.06 ang=2.6 along=5.5 gait=3 v=3.29 rein=0
RIDEAI ASK n=1 ahead=2.57 lat=0.2 ang=0.2 charge=1.0
RIDEAI fence 1 -> 2 t=4.2 leave=leave
RIDEAI sit n=2 phase=approach pos=8.3,-21.8 ahead=6.33 lat=0.2 ang=0.2 along=6.3 gait=3 v=2.11 rein=0
RIDEAI sit n=2 phase=approach pos=8.3,-19.9 ahead=4.41 lat=0.2 ang=0.2 along=4.4 gait=3 v=2.25 rein=0
RIDEAI ASK n=2 ahead=2.57 lat=0.22 ang=0.2 charge=1.0
RIDEAI fence 2 -> 3 t=7.66 leave=leave
RIDEAI sit n=3 phase=approach pos=8.3,-14.5 ahead=6.49 lat=0.22 ang=0.2 along=6.5 gait=3 v=2.54 rein=0
RIDEAI sit n=3 phase=approach pos=8.3,-12.6 ahead=4.56 lat=0.24 ang=0.2 along=4.6 gait=3 v=2.25 rein=0
RIDEAI ASK n=3 ahead=2.57 lat=0.26 ang=0.2 charge=1.0
RIDEAI fence 3 -> 4 t=11.14 leave=leave
RIDEAI sit n=4 phase=land pos=8.3,-7.2 ahead=9.54 lat=16.74 ang=9.9 along=6.8 gait=3 v=3.59 rein=-1
RIDEAI sit n=4 phase=land pos=6.6,-4.8 ahead=15.46 lat=14.8 ang=71.2 along=4.5 gait=3 v=3.09 rein=-1
RIDEAI sit n=4 phase=land pos=3.6,-5.2 ahead=5.55 lat=11.92 ang=131.4 along=5.1 gait=3 v=3.09 rein=0
RIDEAI sit n=4 phase=setup pos=0.5,-7.7 ahead=0.7 lat=9.0 ang=135.5 along=7.9 gait=3 v=5.12 rein=0
RIDEAI sit n=4 phase=setup pos=-2.7,-9.7 ahead=5.51 lat=5.94 ang=92.4 along=10.0 gait=3 v=2.31 rein=0
RIDEAI sit n=4 phase=setup pos=-5.7,-9.6 ahead=2.51 lat=2.94 ang=92.4 along=10.1 gait=3 v=3.31 rein=0
RIDEAI sit n=4 phase=approach pos=-8.1,-8.9 ahead=6.09 lat=0.52 ang=53.6 along=9.6 gait=3 v=3.45 rein=1
RIDEAI sit n=4 phase=approach pos=-9.0,-6.9 ahead=7.71 lat=0.52 ang=1.1 along=7.7 gait=3 v=1.69 rein=0
RIDEAI sit n=4 phase=approach pos=-8.7,-4.1 ahead=4.91 lat=0.46 ang=1.1 along=4.9 gait=3 v=3.88 rein=0
RIDEAI ASK n=4 ahead=2.58 lat=0.36 ang=1.1 charge=1.0
RIDEAI fence 4 -> 5 t=21.28 leave=leave
RIDEAI sit n=5 phase=land pos=-7.9,2.4 ahead=14.09 lat=15.94 ang=28.6 along=7.3 gait=3 v=3.09 rein=1
RIDEAI sit n=5 phase=land pos=-5.3,3.9 ahead=13.42 lat=13.4 ang=89.9 along=5.9 gait=3 v=3.09 rein=1
RIDEAI sit n=5 phase=setup pos=-2.2,3.1 ahead=6.86 lat=10.34 ang=113.4 along=6.7 gait=3 v=3.47 rein=0
RIDEAI sit n=5 phase=setup pos=0.0,2.2 ahead=4.69 lat=8.04 ang=111.6 along=7.6 gait=3 v=2.13 rein=0
RIDEAI sit n=5 phase=setup pos=3.0,1.1 ahead=1.96 lat=5.1 ang=109.3 along=8.7 gait=3 v=3.88 rein=0
RIDEAI sit n=5 phase=setup pos=5.6,0.3 ahead=-0.17 lat=2.5 ang=105.8 along=9.5 gait=3 v=2.84 rein=0
RIDEAI sit n=5 phase=approach pos=8.3,0.4 ahead=5.22 lat=0.24 ang=54.6 along=9.4 gait=3 v=2.11 rein=-1
RIDEAI sit n=5 phase=approach pos=9.3,2.2 ahead=7.61 lat=1.16 ang=10.2 along=7.5 gait=3 v=1.57 rein=0
RIDEAI sit n=5 phase=approach pos=8.8,4.9 ahead=4.92 lat=0.68 ang=10.2 along=4.9 gait=3 v=3.79 rein=0
RIDEAI ASK n=5 ahead=2.53 lat=0.2 ang=10.2 charge=1.0
RIDEAI fence 5 -> 6 t=31.7 leave=leave
RIDEAI sit n=6 phase=land pos=7.4,11.3 ahead=12.91 lat=15.62 ang=36.7 along=4.5 gait=3 v=3.09 rein=-1
RIDEAI sit n=6 phase=land pos=4.7,12.6 ahead=12.31 lat=12.9 ang=97.9 along=3.3 gait=3 v=3.09 rein=-1
RIDEAI come again n=6 rein=-1 pos=1.8,11.9
RIDEAI sit n=6 phase=away pos=1.6,11.9 ahead=7.57 lat=9.86 ang=111.6 along=4.3 gait=3 v=3.11 rein=-1
RIDEAI sit n=6 phase=again pos=0.3,10.5 ahead=-0.67 lat=8.64 ang=150.1 along=5.8 gait=3 v=2.72 rein=0
RIDEAI sit n=6 phase=again pos=-1.4,7.5 ahead=-3.34 lat=7.12 ang=145.7 along=8.9 gait=3 v=2.21 rein=1
RIDEAI sit n=6 phase=again pos=-3.2,6.3 ahead=-1.58 lat=5.44 ang=125.9 along=10.2 gait=3 v=3.14 rein=0
RIDEAI sit n=6 phase=setup pos=-6.7,4.3 ahead=-2.47 lat=2.1 ang=110.8 along=12.5 gait=3 v=3.17 rein=1
RIDEAI sit n=6 phase=approach pos=-8.7,4.9 ahead=8.22 lat=0.08 ang=46.8 along=11.9 gait=3 v=3.11 rein=1
RIDEAI sit n=6 phase=approach pos=-9.4,8.4 ahead=8.59 lat=0.94 ang=4.5 along=8.5 gait=3 v=1.87 rein=0
RIDEAI sit n=6 phase=approach pos=-9.1,10.6 ahead=6.33 lat=0.76 ang=4.5 along=6.3 gait=3 v=3.29 rein=0
RIDEAI ASK n=6 ahead=2.58 lat=0.28 ang=4.5 charge=1.0
RIDEAI fence 6 -> 7 t=43.49 leave=leave
RIDEAI sit n=7 phase=jump pos=-8.0,17.9 ahead=13.46 lat=16.12 ang=8.5 along=11.2 gait=3 v=3.88 rein=0
RIDEAI sit n=7 phase=land pos=-6.1,20.3 ahead=16.39 lat=14.22 ang=69.8 along=8.8 gait=3 v=3.09 rein=1
RIDEAI sit n=7 phase=land pos=-3.0,20.4 ahead=10.89 lat=11.08 ang=91.2 along=8.7 gait=3 v=3.22 rein=0
RIDEAI sit n=7 phase=setup pos=0.9,20.1 ahead=6.29 lat=7.14 ang=95.3 along=9.0 gait=3 v=5.02 rein=0
RIDEAI sit n=7 phase=setup pos=5.4,19.7 ahead=1.24 lat=2.7 ang=98.8 along=9.4 gait=3 v=2.11 rein=0
RIDEAI sit n=7 phase=approach pos=8.3,20.1 ahead=5.06 lat=0.2 ang=54.8 along=9.0 gait=3 v=2.14 rein=-1
RIDEAI sit n=7 phase=approach pos=9.0,21.5 ahead=7.61 lat=0.9 ang=6.6 along=7.6 gait=3 v=1.57 rein=0
RIDEAI sit n=7 phase=approach pos=8.7,24.2 ahead=4.92 lat=0.6 ang=6.6 along=4.9 gait=3 v=3.79 rein=0
RIDEAI ASK n=7 ahead=2.59 lat=0.04 ang=6.6 charge=1.0
RIDEAI fence 7 -> 8 t=52.52 leave=leave
RIDEAI sit n=8 phase=land pos=7.7,30.7 ahead=5.1 lat=1.22 ang=59.9 along=12.3 gait=3 v=3.09 rein=-1
RIDEAI sit n=8 phase=land pos=5.1,32.1 ahead=9.76 lat=2.64 ang=1.3 along=9.7 gait=3 v=3.09 rein=-1
RIDEAI sit n=8 phase=approach pos=2.4,31.0 ahead=7.11 lat=1.48 ang=20.9 along=7.0 gait=3 v=1.58 rein=0
RIDEAI sit n=8 phase=approach pos=0.5,30.3 ahead=5.16 lat=0.82 ang=16.2 along=5.1 gait=3 v=2.98 rein=0
RIDEAI ASK n=8 ahead=2.59 lat=0.04 ang=6.9 charge=1.0
RIDEAI fence 8 -> 9 t=58.06 leave=leave
RIDEAI sit n=9 phase=land pos=-6.5,29.2 ahead=6.54 lat=3.36 ang=63.4 along=21.3 gait=3 v=3.09 rein=-1
RIDEAI sit n=9 phase=land pos=-8.2,26.8 ahead=18.6 lat=4.94 ang=2.1 along=18.8 gait=3 v=3.09 rein=-1
RIDEAI sit n=9 phase=land pos=-7.3,23.8 ahead=15.87 lat=3.84 ang=27.5 along=15.9 gait=3 v=3.33 rein=0
RIDEAI sit n=9 phase=approach pos=-5.3,19.8 ahead=11.77 lat=1.58 ang=21.4 along=12.0 gait=3 v=5.33 rein=1
RIDEAI sit n=9 phase=approach pos=-4.6,15.5 ahead=7.78 lat=0.62 ang=6.4 along=7.8 gait=3 v=1.93 rein=0
RIDEAI sit n=9 phase=approach pos=-4.4,12.8 ahead=5.04 lat=0.32 ang=6.4 along=5.0 gait=3 v=3.71 rein=0
RIDEAI ASK n=9 ahead=2.53 lat=0.02 ang=1.7 charge=1.0
RIDEAI fence 9 -> 10 t=65.41 leave=leave
RIDEAI sit n=10 phase=land pos=-4.2,6.1 ahead=6.51 lat=8.4 ang=15.6 along=4.4 gait=3 v=3.09 rein=-1
RIDEAI sit n=10 phase=land pos=-2.0,4.2 ahead=6.63 lat=6.24 ang=76.8 along=2.4 gait=3 v=3.09 rein=-1
RIDEAI come again n=10 rein=-1 pos=0.8,5.3
RIDEAI sit n=10 phase=away pos=0.8,5.3 ahead=-0.19 lat=3.44 ang=138.2 along=3.3 gait=3 v=3.27 rein=-1
RIDEAI sit n=10 phase=again pos=1.5,7.6 ahead=-4.62 lat=2.6 ang=164.2 along=5.5 gait=3 v=3.22 rein=0
RIDEAI sit n=10 phase=again pos=2.5,11.9 ahead=-9.01 lat=1.4 ang=164.2 along=9.8 gait=3 v=5.52 rein=0
RIDEAI sit n=10 phase=approach pos=3.9,15.9 ahead=-8.58 lat=0.22 ang=127.7 along=13.7 gait=3 v=2.15 rein=1
RIDEAI sit n=10 phase=setup pos=6.7,16.3 ahead=3.21 lat=3.1 ang=64.5 along=14.0 gait=3 v=2.0 rein=1
RIDEAI sit n=10 phase=setup pos=7.6,14.6 ahead=12.54 lat=3.88 ang=5.4 along=12.2 gait=3 v=2.96 rein=1
RIDEAI sit n=10 phase=approach pos=5.6,12.0 ahead=6.22 lat=1.74 ang=61.1 along=9.7 gait=3 v=2.29 rein=-1
RIDEAI sit n=10 phase=approach pos=4.7,10.4 ahead=8.17 lat=0.76 ang=8.8 along=8.1 gait=3 v=1.4 rein=0
RIDEAI sit n=10 phase=approach pos=4.5,7.9 ahead=5.67 lat=0.38 ang=8.8 along=5.7 gait=3 v=3.56 rein=0
RIDEAI ASK n=10 ahead=2.54 lat=0.16 ang=5.3 charge=1.0
RIDEAI fence 10 -> 11 t=77.99 leave=straight
RIDEAI sit n=11 phase=land pos=4.1,1.1 ahead=10.69 lat=8.78 ang=13.8 along=8.9 gait=3 v=3.39 rein=1
RIDEAI sit n=11 phase=land pos=2.1,-1.0 ahead=8.2 lat=6.68 ang=75.0 along=6.8 gait=3 v=3.09 rein=1
RIDEAI sit n=11 phase=land pos=-0.8,-0.4 ahead=-0.17 lat=3.76 ang=117.9 along=7.5 gait=3 v=3.22 rein=0
RIDEAI sit n=11 phase=approach pos=-3.1,0.8 ahead=-0.14 lat=1.54 ang=100.9 along=8.7 gait=3 v=1.8 rein=-1
RIDEAI sit n=11 phase=approach pos=-5.4,-0.5 ahead=5.94 lat=0.8 ang=31.2 along=7.4 gait=3 v=3.77 rein=-1
RIDEAI sit n=11 phase=approach pos=-5.5,-2.6 ahead=5.41 lat=0.96 ang=13.6 along=5.3 gait=3 v=2.41 rein=0
RIDEAI ASK n=11 ahead=2.55 lat=0.04 ang=8.9 charge=1.0
RIDEAI fence 11 -> 12 t=85.45 leave=leave
RIDEAI sit n=12 phase=approach pos=-4.2,-8.8 ahead=9.92 lat=0.68 ang=6.6 along=9.9 gait=3 v=3.54 rein=1
RIDEAI sit n=12 phase=approach pos=-4.1,-10.9 ahead=7.86 lat=0.44 ang=6.6 along=7.9 gait=3 v=2.25 rein=0
RIDEAI sit n=12 phase=approach pos=-4.0,-13.1 ahead=5.61 lat=0.18 ang=6.6 along=5.6 gait=3 v=2.25 rein=0
RIDEAI sit n=12 phase=approach pos=-3.9,-16.2 ahead=2.57 lat=0.04 ang=3.1 along=2.6 gait=3 v=3.88 rein=0
RIDEAI ASK n=12 ahead=2.57 lat=0.16 ang=3.1 charge=1.0
RIDEAI fence 12 -> 13 t=90.0 leave=leave
RIDECERT trace E:/Workspace/Madison/game/../dist/traces/hk_adv_003_clear.jsonl n=96
RIDECERT hk_adv_003 style=clear success=false faults=3 jumped=12/12 t=94.0 teleported=false complete=true
RIDECERT track FAIL hk_adv_003 { "id": "hk_adv_003", "class_id": "advanced", "jump_off": false, "style": "clear", "fences_needed": 12, "fences_jumped": 12, "faults": 3, "time_sec": 94.0, "refused": [], "rails": 0, "teleported": false, "teleport_why": "", "max_speed": 5.55, "inputs_pressed": { "gait_up": 3, "gait_down": 0, "turn_left": 30, "turn_right": 22, "jump": 28, "halt": 0 }, "round_complete": true, "eliminated": false, "eliminate_reason": "", "loaded_id": "hk_adv_003", "success": false }
RIDECERT round hk_adv_005 class=advanced seed=3 jo=false style=clear
RIDEAI sit n=1 phase=approach pos=8.1,-30.6 ahead=8.3 lat=0.14 ang=4.2 along=8.3 gait=3 v=1.34 rein=0
RIDEAI sit n=1 phase=approach pos=8.3,-28.4 ahead=6.01 lat=0.02 ang=4.2 along=6.0 gait=3 v=3.37 rein=0
RIDEAI ASK n=1 ahead=2.59 lat=0.22 ang=0.7 charge=1.0
RIDEAI fence 1 -> 2 t=4.32 leave=leave
RIDEAI sit n=2 phase=land pos=8.5,-21.6 ahead=12.55 lat=17.3 ang=8.4 along=10.1 gait=3 v=3.64 rein=-1
RIDEAI sit n=2 phase=land pos=6.7,-19.2 ahead=17.17 lat=15.4 ang=69.6 along=7.8 gait=3 v=3.09 rein=-1
RIDEAI sit n=2 phase=land pos=3.6,-19.0 ahead=11.54 lat=12.3 ang=95.2 along=7.8 gait=3 v=3.22 rein=0
RIDEAI sit n=2 phase=setup pos=-0.5,-19.2 ahead=6.78 lat=8.22 ang=99.2 along=8.3 gait=3 v=5.21 rein=0
RIDEAI sit n=2 phase=setup pos=-5.6,-19.7 ahead=1.63 lat=3.14 ang=99.2 along=9.2 gait=3 v=3.06 rein=0
RIDEAI sit n=2 phase=approach pos=-8.4,-19.6 ahead=3.08 lat=0.3 ang=72.6 along=9.3 gait=3 v=3.86 rein=1
RIDEAI sit n=2 phase=approach pos=-9.7,-18.1 ahead=7.64 lat=1.1 ang=7.9 along=7.9 gait=3 v=1.34 rein=1
RIDEAI sit n=2 phase=approach pos=-9.3,-16.0 ahead=5.82 lat=0.8 ang=9.6 along=5.8 gait=3 v=3.18 rein=0
RIDEAI ASK n=2 ahead=2.55 lat=0.18 ang=9.6 charge=1.0
RIDEAI fence 2 -> 3 t=13.7 leave=straight
RIDEAI sit n=3 phase=land pos=-7.7,-9.5 ahead=12.6 lat=15.92 ang=20.8 along=7.4 gait=3 v=3.54 rein=1
RIDEAI sit n=3 phase=land pos=-5.3,-7.6 ahead=14.24 lat=13.6 ang=82.0 along=5.6 gait=3 v=3.09 rein=1
RIDEAI sit n=3 phase=land pos=-2.3,-8.2 ahead=8.64 lat=10.52 ang=104.5 along=6.2 gait=3 v=3.22 rein=0
RIDEAI sit n=3 phase=setup pos=1.7,-9.5 ahead=3.84 lat=6.56 ang=108.6 along=7.5 gait=3 v=5.29 rein=0
RIDEAI sit n=3 phase=setup pos=5.7,-10.9 ahead=-0.99 lat=2.6 ang=112.6 along=8.8 gait=3 v=2.34 rein=0
RIDEAI sit n=3 phase=approach pos=8.5,-11.1 ahead=3.49 lat=0.28 ang=65.6 along=9.1 gait=3 v=1.92 rein=-1
RIDEAI sit n=3 phase=approach pos=9.7,-9.5 ahead=7.39 lat=1.48 ang=1.0 along=7.4 gait=3 v=1.34 rein=-1
RIDEAI sit n=3 phase=approach pos=9.2,-7.2 ahead=5.22 lat=0.9 ang=15.3 along=5.2 gait=3 v=3.41 rein=0
RIDEAI ASK n=3 ahead=2.58 lat=0.1 ang=9.5 charge=1.0
RIDEAI fence 3 -> 4 t=22.94 leave=straight
RIDEAI sit n=4 phase=approach pos=8.0,-0.9 ahead=6.29 lat=0.2 ang=0.2 along=6.3 gait=3 v=1.54 rein=0
RIDEAI sit n=4 phase=approach pos=8.0,1.1 ahead=4.33 lat=0.22 ang=0.2 along=4.3 gait=3 v=2.25 rein=0
RIDEAI ASK n=4 ahead=2.57 lat=0.22 ang=0.2 charge=1.0
RIDEAI fence 4 -> 5 t=26.44 leave=leave
RIDEAI sit n=5 phase=approach pos=8.0,6.4 ahead=6.41 lat=0.22 ang=0.2 along=6.4 gait=3 v=2.26 rein=0
RIDEAI sit n=5 phase=approach pos=8.0,8.4 ahead=4.48 lat=0.24 ang=0.2 along=4.5 gait=3 v=2.25 rein=0
RIDEAI ASK n=5 ahead=2.57 lat=0.24 ang=0.2 charge=1.0
RIDEAI fence 5 -> 6 t=29.93 leave=leave
RIDEAI sit n=6 phase=land pos=8.0,13.8 ahead=10.05 lat=10.48 ang=21.7 along=15.0 gait=3 v=3.49 rein=-1
RIDEAI sit n=6 phase=land pos=6.1,16.1 ahead=15.66 lat=10.0 ang=39.6 along=12.1 gait=3 v=3.09 rein=-1
RIDEAI sit n=6 phase=land pos=3.1,15.7 ahead=9.25 lat=7.22 ang=78.4 along=10.8 gait=3 v=3.22 rein=0
RIDEAI sit n=6 phase=setup pos=-0.4,14.4 ahead=4.81 lat=3.5 ang=82.5 along=10.3 gait=3 v=2.33 rein=0
RIDEAI sit n=6 phase=approach pos=-2.5,13.6 ahead=5.21 lat=1.34 ang=66.2 along=9.9 gait=3 v=3.18 rein=1
RIDEAI sit n=6 phase=approach pos=-4.7,14.5 ahead=8.0 lat=0.18 ang=1.4 along=8.0 gait=3 v=1.34 rein=0
RIDEAI sit n=6 phase=approach pos=-6.0,16.5 ahead=5.61 lat=0.24 ang=1.4 along=5.6 gait=3 v=3.48 rein=0
RIDEAI ASK n=6 ahead=2.55 lat=0.14 ang=3.3 charge=1.0
RIDEAI fence 6 -> 7 t=38.3 leave=straight
RIDEAI sit n=7 phase=land pos=-9.4,23.0 ahead=1.75 lat=17.68 ang=15.5 along=6.7 gait=3 v=3.34 rein=1
RIDEAI sit n=7 phase=land pos=-8.6,25.8 ahead=14.8 lat=16.88 ang=45.7 along=3.9 gait=3 v=3.09 rein=1
RIDEAI sit n=7 phase=land pos=-5.8,26.5 ahead=12.47 lat=14.02 ang=107.0 along=3.2 gait=3 v=3.09 rein=1
RIDEAI come again n=7 rein=1 pos=-5.4,26.3
RIDEAI sit n=7 phase=again pos=-4.2,25.3 ahead=6.53 lat=12.46 ang=130.9 along=4.4 gait=3 v=2.3 rein=-1
RIDEAI sit n=7 phase=again pos=-1.4,23.3 ahead=4.25 lat=9.62 ang=124.7 along=6.4 gait=3 v=4.6 rein=0
RIDEAI sit n=7 phase=again pos=3.0,20.2 ahead=-1.11 lat=5.2 ang=124.7 along=9.5 gait=3 v=5.55 rein=0
RIDEAI sit n=7 phase=approach pos=7.8,17.5 ahead=-3.46 lat=0.46 ang=108.6 along=12.2 gait=3 v=4.78 rein=-1
RIDEAI sit n=7 phase=setup pos=10.4,18.1 ahead=6.6 lat=2.18 ang=45.4 along=11.6 gait=3 v=3.41 rein=-1
RIDEAI sit n=7 phase=setup pos=11.2,20.5 ahead=9.64 lat=2.92 ang=17.0 along=9.2 gait=3 v=2.68 rein=-1
RIDEAI sit n=7 phase=approach pos=9.1,23.6 ahead=6.07 lat=0.86 ang=17.9 along=6.1 gait=3 v=3.62 rein=1
RIDEAI sit n=7 phase=approach pos=8.7,25.8 ahead=3.97 lat=0.44 ang=6.2 along=3.9 gait=3 v=2.83 rein=0
RIDEAI ASK n=7 ahead=2.59 lat=0.02 ang=6.2 charge=1.0
RIDEAI fence 7 -> 8 t=50.32 leave=straight
RIDEAI sit n=8 phase=land pos=7.5,31.8 ahead=5.87 lat=0.24 ang=59.1 along=11.8 gait=3 v=3.09 rein=-1
RIDEAI sit n=8 phase=land pos=4.7,32.7 ahead=9.27 lat=1.62 ang=2.2 along=9.2 gait=3 v=3.09 rein=-1
RIDEAI sit n=8 phase=approach pos=2.6,31.7 ahead=7.06 lat=0.98 ang=13.8 along=7.0 gait=3 v=1.71 rein=0
RIDEAI sit n=8 phase=approach pos=0.1,30.7 ahead=4.32 lat=0.46 ang=9.1 along=4.3 gait=3 v=3.87 rein=0
RIDEAI ASK n=8 ahead=2.57 lat=0.12 ang=6.8 charge=1.0
RIDEAI fence 8 -> 9 t=55.78 leave=straight
RIDEAI sit n=9 phase=land pos=-6.5,28.1 ahead=11.84 lat=1.78 ang=41.5 along=17.4 gait=3 v=3.09 rein=-1
RIDEAI sit n=9 phase=land pos=-7.0,25.2 ahead=14.44 lat=2.32 ang=19.7 along=14.5 gait=3 v=3.09 rein=-1
RIDEAI sit n=9 phase=approach pos=-5.7,22.2 ahead=11.45 lat=1.14 ang=9.5 along=11.4 gait=3 v=3.95 rein=1
RIDEAI sit n=9 phase=approach pos=-5.1,18.7 ahead=7.89 lat=0.54 ang=9.5 along=7.9 gait=3 v=1.63 rein=0
RIDEAI sit n=9 phase=approach pos=-4.7,16.0 ahead=5.22 lat=0.24 ang=6.0 along=5.2 gait=3 v=3.79 rein=0
RIDEAI ASK n=9 ahead=2.58 lat=0.12 ang=2.5 charge=1.0
RIDEAI fence 9 -> 10 t=62.43 leave=straight
RIDEAI sit n=10 phase=approach pos=-4.2,9.6 ahead=6.24 lat=0.54 ang=0.9 along=6.2 gait=3 v=1.4 rein=0
RIDEAI sit n=10 phase=approach pos=-4.1,7.6 ahead=4.26 lat=0.52 ang=0.9 along=4.3 gait=3 v=2.25 rein=0
RIDEAI ASK n=10 ahead=2.56 lat=0.24 ang=4.4 charge=1.0
RIDEAI fence 10 -> 11 t=65.92 leave=straight
RIDEAI sit n=11 phase=approach pos=-4.0,1.6 ahead=5.75 lat=0.7 ang=3.6 along=5.7 gait=3 v=2.11 rein=0
RIDEAI sit n=11 phase=approach pos=-4.0,-0.3 ahead=3.82 lat=0.58 ang=3.6 along=3.8 gait=3 v=2.25 rein=0
RIDEAI ASK n=11 ahead=2.56 lat=0.14 ang=7.1 charge=1.0
RIDEAI fence 11 -> 12 t=69.15 leave=straight
RIDEAI sit n=12 phase=land pos=-3.4,-5.9 ahead=9.79 lat=2.78 ang=1.0 along=9.8 gait=3 v=3.09 rein=-1
RIDEAI sit n=12 phase=approach pos=-0.9,-7.6 ahead=7.06 lat=1.5 ang=25.3 along=7.1 gait=3 v=3.03 rein=1
RIDEAI sit n=12 phase=approach pos=0.5,-8.9 ahead=5.31 lat=0.88 ang=16.0 along=5.3 gait=3 v=2.6 rein=0
RIDEAI ASK n=12 ahead=2.53 lat=0.06 ang=6.7 charge=1.0
RIDEAI fence 12 -> 13 t=73.83 leave=leave
RIDECERT trace E:/Workspace/Madison/game/../dist/traces/hk_adv_005_clear.jsonl n=81
RIDECERT hk_adv_005 style=clear success=true faults=0 jumped=12/12 t=78.91 teleported=false complete=true
RIDECERT round hk_jo_beg_001 class=beginner seed=0 jo=true style=clear
RIDEAI sit n=1 phase=approach pos=-7.4,-29.9 ahead=10.36 lat=0.06 ang=5.8 along=10.4 gait=3 v=5.02 rein=1
RIDEAI sit n=1 phase=approach pos=-7.5,-24.4 ahead=4.93 lat=0.32 ang=2.7 along=4.9 gait=3 v=5.55 rein=0
RIDEAI ASK n=1 ahead=2.56 lat=0.22 ang=1.5 charge=1.0
RIDEAI fence 1 -> 2 t=4.09 leave=leave
RIDEAI sit n=2 phase=setup pos=-6.9,-18.1 ahead=20.02 lat=16.88 ang=27.9 along=13.7 gait=3 v=3.09 rein=1
RIDEAI sit n=2 phase=setup pos=-4.6,-16.2 ahead=17.16 lat=14.36 ang=73.8 along=12.1 gait=3 v=3.22 rein=0
RIDEAI sit n=2 phase=setup pos=-1.6,-15.0 ahead=13.93 lat=11.26 ang=73.8 along=11.2 gait=3 v=3.41 rein=0
RIDEAI sit n=2 phase=setup pos=2.6,-13.3 ahead=9.35 lat=6.86 ang=73.8 along=9.9 gait=3 v=5.55 rein=0
RIDEAI sit n=2 phase=setup pos=6.6,-11.4 ahead=6.04 lat=2.78 ang=65.4 along=8.4 gait=3 v=2.23 rein=0
RIDEAI sit n=2 phase=approach pos=8.8,-9.0 ahead=5.81 lat=0.3 ang=24.5 along=6.2 gait=3 v=4.53 rein=-1
RIDEAI sit n=2 phase=approach pos=8.9,-5.3 ahead=2.62 lat=0.12 ang=0.9 along=2.6 gait=3 v=1.97 rein=0
RIDEAI ASK n=2 ahead=2.58 lat=0.16 ang=0.9 charge=1.0
RIDEAI fence 2 -> 3 t=11.85 leave=leave
RIDEAI sit n=3 phase=setup pos=7.0,0.2 ahead=23.65 lat=15.52 ang=51.3 along=18.4 gait=3 v=3.22 rein=0
RIDEAI sit n=3 phase=setup pos=4.7,2.4 ahead=20.43 lat=13.02 ang=51.3 along=16.4 gait=3 v=3.22 rein=0
RIDEAI sit n=3 phase=setup pos=1.9,5.0 ahead=16.55 lat=9.98 ang=51.3 along=14.0 gait=3 v=4.94 rein=0
RIDEAI sit n=3 phase=setup pos=-2.2,8.7 ahead=10.71 lat=5.68 ang=55.4 along=10.6 gait=3 v=5.55 rein=0
RIDEAI sit n=3 phase=setup pos=-5.1,11.1 ahead=6.92 lat=2.56 ang=55.4 along=8.5 gait=3 v=2.65 rein=0
RIDEAI sit n=3 phase=approach pos=-7.0,14.3 ahead=5.48 lat=0.4 ang=10.4 along=5.5 gait=3 v=4.95 rein=1
RIDEAI ASK n=3 ahead=2.58 lat=0.14 ang=5.3 charge=1.0
RIDEAI fence 3 -> 4 t=20.1 leave=straight
RIDEAI sit n=4 phase=setup pos=-7.1,20.7 ahead=-30.49 lat=13.36 ang=178.1 along=31.0 gait=3 v=3.22 rein=1
RIDEAI sit n=4 phase=setup pos=-5.3,23.0 ahead=-4.57 lat=11.76 ang=116.8 along=33.4 gait=3 v=3.09 rein=1
RIDEAI sit n=4 phase=setup pos=-2.4,22.6 ahead=26.07 lat=8.82 ang=55.5 along=33.2 gait=3 v=3.09 rein=1
RIDEAI sit n=4 phase=setup pos=-0.7,19.0 ahead=30.27 lat=6.94 ang=19.8 along=29.7 gait=3 v=5.2 rein=0
RIDEAI sit n=4 phase=setup pos=0.8,13.7 ahead=24.75 lat=5.06 ang=19.8 along=24.5 gait=3 v=5.55 rein=0
RIDEAI sit n=4 phase=setup pos=2.4,8.4 ahead=19.2 lat=3.18 ang=19.8 along=19.3 gait=3 v=5.55 rein=0
RIDEAI sit n=4 phase=approach pos=3.6,3.0 ahead=13.85 lat=1.6 ang=15.7 along=13.9 gait=3 v=5.55 rein=0
RIDEAI sit n=4 phase=approach pos=4.4,-2.5 ahead=8.45 lat=0.52 ang=10.6 along=8.5 gait=3 v=5.55 rein=0
RIDEAI sit n=4 phase=approach pos=4.6,-7.8 ahead=3.27 lat=0.02 ang=4.5 along=3.3 gait=3 v=3.35 rein=0
RIDEAI ASK n=4 ahead=2.59 lat=0.24 ang=4.5 charge=1.0
RIDEAI fence 4 -> 5 t=29.96 leave=straight
RIDECERT trace E:/Workspace/Madison/game/../dist/traces/hk_jo_beg_001_clear.jsonl n=37
RIDECERT hk_jo_beg_001 style=clear success=true faults=0 jumped=4/4 t=35.31 teleported=false complete=true
RIDECERT round hk_jo_int_001 class=intermediate seed=0 jo=true style=clear
RIDEAI sit n=1 phase=approach pos=-7.6,-30.9 ahead=11.8 lat=0.06 ang=7.7 along=11.9 gait=3 v=1.99 rein=1
RIDEAI sit n=1 phase=approach pos=-7.7,-27.8 ahead=8.71 lat=0.14 ang=3.6 along=8.7 gait=3 v=4.29 rein=0
RIDEAI sit n=1 phase=approach pos=-7.6,-22.7 ahead=3.64 lat=0.24 ang=0.4 along=3.6 gait=3 v=4.21 rein=0
RIDEAI ASK n=1 ahead=2.59 lat=0.2 ang=0.4 charge=1.0
RIDEAI fence 1 -> 2 t=4.81 leave=leave
RIDEAI sit n=2 phase=setup pos=-6.8,-16.9 ahead=23.8 lat=16.86 ang=44.2 along=16.8 gait=3 v=3.09 rein=1
RIDEAI sit n=2 phase=setup pos=-4.3,-14.9 ahead=19.99 lat=14.2 ang=58.5 along=15.1 gait=3 v=3.22 rein=0
RIDEAI sit n=2 phase=setup pos=-1.6,-12.9 ahead=16.61 lat=11.32 ang=58.5 along=13.3 gait=3 v=4.06 rein=0
RIDEAI sit n=2 phase=setup pos=2.4,-9.8 ahead=11.53 lat=6.98 ang=58.5 along=10.7 gait=3 v=5.55 rein=0
RIDEAI sit n=2 phase=setup pos=6.2,-7.1 ahead=6.47 lat=2.96 ang=62.7 along=8.4 gait=3 v=2.04 rein=0
RIDEAI sit n=2 phase=approach pos=8.4,-4.9 ahead=5.88 lat=0.56 ang=28.0 along=6.4 gait=3 v=4.34 rein=-1
RIDEAI sit n=2 phase=approach pos=8.6,-1.2 ahead=2.68 lat=0.02 ang=2.5 along=2.7 gait=3 v=1.82 rein=0
RIDEAI ASK n=2 ahead=2.58 lat=0.14 ang=2.5 charge=1.0
RIDEAI fence 2 -> 3 t=12.88 leave=leave
RIDEAI sit n=3 phase=setup pos=7.0,4.3 ahead=18.03 lat=15.04 ang=65.0 along=10.4 gait=3 v=3.09 rein=-1
RIDEAI sit n=3 phase=setup pos=4.0,5.4 ahead=14.03 lat=11.98 ang=75.2 along=9.5 gait=3 v=3.22 rein=0
RIDEAI sit n=3 phase=setup pos=0.4,6.6 ahead=10.2 lat=8.3 ang=75.2 along=8.6 gait=3 v=4.87 rein=0
RIDEAI sit n=3 phase=setup pos=-4.6,8.2 ahead=4.59 lat=3.26 ang=79.3 along=7.4 gait=3 v=3.35 rein=0
RIDEAI sit n=3 phase=approach pos=-7.1,9.3 ahead=4.58 lat=0.6 ang=50.7 along=6.5 gait=3 v=3.88 rein=1
RIDEAI sit n=3 phase=approach pos=-7.7,11.2 ahead=4.63 lat=0.12 ang=0.8 along=4.6 gait=3 v=2.49 rein=0
RIDEAI ASK n=3 ahead=2.58 lat=0.18 ang=0.8 charge=1.0
RIDEAI fence 3 -> 4 t=20.88 leave=leave
RIDEAI sit n=4 phase=setup pos=-7.1,17.4 ahead=-20.99 lat=16.52 ang=158.2 along=29.2 gait=3 v=3.09 rein=1
RIDEAI sit n=4 phase=setup pos=-4.6,19.0 ahead=10.31 lat=14.16 ang=97.0 along=31.0 gait=3 v=3.09 rein=1
RIDEAI sit n=4 phase=setup pos=-2.0,17.7 ahead=30.85 lat=11.46 ang=35.7 along=29.8 gait=3 v=3.4 rein=1
RIDEAI sit n=4 phase=setup pos=0.0,13.5 ahead=27.06 lat=9.28 ang=28.6 along=25.8 gait=3 v=5.55 rein=0
RIDEAI sit n=4 phase=setup pos=2.3,8.5 ahead=21.51 lat=6.62 ang=28.6 along=20.9 gait=3 v=5.55 rein=0
RIDEAI sit n=4 phase=setup pos=4.4,3.9 ahead=16.58 lat=4.24 ang=26.2 along=16.4 gait=3 v=2.78 rein=0
RIDEAI sit n=4 phase=setup pos=5.4,1.6 ahead=14.1 lat=3.14 ang=26.2 along=14.2 gait=3 v=3.29 rein=0
RIDEAI sit n=4 phase=approach pos=6.8,-2.6 ahead=10.14 lat=1.46 ang=14.0 along=10.1 gait=3 v=5.48 rein=0
RIDEAI sit n=4 phase=approach pos=7.6,-8.1 ahead=4.67 lat=0.38 ang=5.8 along=4.7 gait=3 v=5.55 rein=0
RIDEAI ASK n=4 ahead=2.59 lat=0.06 ang=2.3 charge=1.0
RIDEAI fence 4 -> 5 t=31.28 leave=straight
RIDECERT trace E:/Workspace/Madison/game/../dist/traces/hk_jo_int_001_clear.jsonl n=39
RIDECERT hk_jo_int_001 style=clear success=true faults=0 jumped=4/4 t=36.5 teleported=false complete=true
RIDECERT round hk_jo_adv_001 class=advanced seed=0 jo=true style=clear
RIDEAI sit n=1 phase=approach pos=-9.3,-31.0 ahead=13.92 lat=0.04 ang=10.8 along=14.2 gait=3 v=1.99 rein=1
RIDEAI sit n=1 phase=approach pos=-9.4,-27.8 ahead=10.97 lat=0.16 ang=3.6 along=11.0 gait=3 v=4.29 rein=0
RIDEAI sit n=1 phase=approach pos=-9.4,-22.6 ahead=5.8 lat=0.36 ang=0.4 along=5.8 gait=3 v=5.55 rein=0
RIDEAI ASK n=1 ahead=2.58 lat=0.32 ang=0.4 charge=1.0
RIDEAI fence 1 -> 2 t=5.22 leave=straight
RIDEAI sit n=2 phase=setup pos=-9.0,-15.8 ahead=14.13 lat=18.28 ang=19.7 along=8.5 gait=3 v=3.09 rein=1
RIDEAI sit n=2 phase=setup pos=-6.9,-13.7 ahead=17.2 lat=16.0 ang=73.8 along=6.6 gait=3 v=3.09 rein=0
RIDEAI sit n=2 phase=setup pos=-3.9,-12.9 ahead=12.66 lat=12.9 ang=92.2 along=6.1 gait=3 v=3.22 rein=0
RIDEAI sit n=2 phase=setup pos=0.4,-12.6 ahead=8.34 lat=8.58 ang=92.2 along=6.2 gait=3 v=5.44 rein=0
RIDEAI sit n=2 phase=setup pos=5.7,-12.3 ahead=2.65 lat=3.32 ang=95.7 along=6.5 gait=3 v=3.49 rein=0
RIDEAI sit n=2 phase=approach pos=8.1,-12.0 ahead=3.39 lat=0.9 ang=66.6 along=6.4 gait=3 v=3.0 rein=-1
RIDEAI sit n=2 phase=approach pos=9.5,-8.9 ahead=3.54 lat=0.8 ang=3.3 along=3.5 gait=3 v=3.73 rein=-1
RIDEAI ASK n=2 ahead=2.4 lat=0.2 ang=17.2 charge=1.0
RIDEAI fence 2 -> 3 t=13.15 leave=leave
RIDEAI sit n=3 phase=setup pos=6.6,-3.5 ahead=23.68 lat=16.76 ang=56.1 along=17.5 gait=3 v=3.22 rein=0
RIDEAI sit n=3 phase=setup pos=4.0,-1.5 ahead=20.46 lat=14.1 ang=56.1 along=15.7 gait=3 v=3.22 rein=0
RIDEAI sit n=3 phase=setup pos=1.3,0.7 ahead=17.0 lat=11.22 ang=56.1 along=13.8 gait=3 v=4.25 rein=0
RIDEAI sit n=3 phase=setup pos=-2.7,3.9 ahead=11.8 lat=6.9 ang=56.1 along=10.9 gait=3 v=5.55 rein=0
RIDEAI sit n=3 phase=setup pos=-6.5,6.6 ahead=6.83 lat=3.0 ang=60.2 along=8.5 gait=3 v=2.07 rein=0
RIDEAI sit n=3 phase=approach pos=-8.7,8.9 ahead=6.0 lat=0.62 ang=26.5 along=6.4 gait=3 v=4.37 rein=1
RIDEAI sit n=3 phase=approach pos=-8.9,12.7 ahead=2.67 lat=0.04 ang=4.1 along=2.7 gait=3 v=1.86 rein=0
RIDEAI ASK n=3 ahead=2.57 lat=0.14 ang=4.1 charge=1.0
RIDEAI fence 3 -> 4 t=21.3 leave=leave
RIDEAI sit n=4 phase=setup pos=-7.5,18.2 ahead=-7.01 lat=13.84 ang=125.7 along=31.2 gait=3 v=3.09 rein=1
RIDEAI sit n=4 phase=setup pos=-4.6,18.2 ahead=23.4 lat=10.9 ang=64.5 along=31.5 gait=3 v=3.09 rein=1
RIDEAI sit n=4 phase=setup pos=-2.7,15.2 ahead=29.61 lat=8.82 ang=24.7 along=28.5 gait=3 v=4.74 rein=0
RIDEAI sit n=4 phase=setup pos=-0.7,10.1 ahead=24.19 lat=6.56 ang=24.7 along=23.6 gait=3 v=5.55 rein=0
RIDEAI sit n=4 phase=setup pos=1.3,5.0 ahead=18.64 lat=4.24 ang=24.7 along=18.6 gait=3 v=5.55 rein=0
RIDEAI sit n=4 phase=setup pos=3.1,-0.3 ahead=13.33 lat=2.1 ang=20.6 along=13.4 gait=3 v=5.55 rein=0
RIDEAI sit n=4 phase=approach pos=4.1,-5.7 ahead=8.02 lat=0.74 ang=13.4 along=8.1 gait=3 v=5.55 rein=0
RIDEAI sit n=4 phase=approach pos=4.5,-10.7 ahead=3.08 lat=0.1 ang=3.8 along=3.1 gait=3 v=2.63 rein=0
RIDEAI ASK n=4 ahead=2.58 lat=0.1 ang=3.8 charge=1.0
RIDEAI fence 4 -> 5 t=30.92 leave=leave
RIDECERT trace E:/Workspace/Madison/game/../dist/traces/hk_jo_adv_001_clear.jsonl n=39
RIDECERT hk_jo_adv_001 style=clear success=true faults=0 jumped=4/4 t=35.82 teleported=false complete=true
RIDECERT round hk_beg_035 class=beginner seed=0 jo=false style=clear
RIDEAI sit n=1 phase=approach pos=8.7,-30.6 ahead=7.47 lat=0.02 ang=3.7 along=7.5 gait=3 v=1.48 rein=-1
RIDEAI sit n=1 phase=approach pos=8.8,-28.3 ahead=5.26 lat=0.06 ang=1.4 along=5.3 gait=3 v=3.29 rein=0
RIDEAI ASK n=1 ahead=2.55 lat=0.2 ang=1.4 charge=1.0
RIDEAI fence 1 -> 2 t=4.14 leave=straight
RIDEAI sit n=2 phase=land pos=8.8,-21.7 ahead=13.23 lat=16.72 ang=19.0 along=8.2 gait=3 v=3.09 rein=-1
RIDEAI sit n=2 phase=land pos=6.7,-19.7 ahead=15.34 lat=14.46 ang=80.2 along=6.4 gait=3 v=3.09 rein=-1
RIDEAI sit n=2 phase=land pos=3.5,-19.9 ahead=9.91 lat=11.34 ang=100.6 along=6.8 gait=3 v=3.33 rein=0
RIDEAI sit n=2 phase=setup pos=-0.9,-20.6 ahead=4.76 lat=6.98 ang=104.7 along=7.8 gait=3 v=5.55 rein=0
RIDEAI sit n=2 phase=setup pos=-5.2,-21.5 ahead=-0.31 lat=2.72 ang=108.8 along=9.0 gait=3 v=2.19 rein=0
RIDEAI sit n=2 phase=approach pos=-8.1,-21.4 ahead=3.7 lat=0.2 ang=64.8 along=9.1 gait=3 v=1.92 rein=1
RIDEAI sit n=2 phase=approach pos=-9.1,-19.7 ahead=7.51 lat=1.32 ang=0.2 along=7.5 gait=3 v=1.34 rein=1
RIDEAI sit n=2 phase=approach pos=-8.5,-17.5 ahead=5.3 lat=0.84 ang=12.6 along=5.2 gait=3 v=3.41 rein=0
RIDEAI ASK n=2 ahead=2.57 lat=0.02 ang=7.9 charge=1.0
RIDEAI fence 2 -> 3 t=13.55 leave=straight
RIDEAI sit n=3 phase=land pos=-6.9,-11.0 ahead=15.96 lat=15.6 ang=28.3 along=9.7 gait=3 v=3.09 rein=1
RIDEAI sit n=3 phase=land pos=-4.4,-9.4 ahead=14.92 lat=13.08 ang=72.2 along=8.1 gait=3 v=3.22 rein=0
RIDEAI sit n=3 phase=land pos=-1.3,-8.4 ahead=11.7 lat=10.0 ang=72.2 along=7.1 gait=3 v=3.33 rein=0
RIDEAI sit n=3 phase=setup pos=3.0,-9.0 ahead=2.9 lat=5.72 ang=108.9 along=7.7 gait=3 v=5.53 rein=0
RIDEAI sit n=3 phase=setup pos=6.5,-10.3 ahead=-1.44 lat=2.24 ang=113.0 along=9.0 gait=3 v=2.73 rein=0
RIDEAI sit n=3 phase=approach pos=9.3,-10.3 ahead=4.46 lat=0.54 ang=56.7 along=9.0 gait=3 v=1.99 rein=-1
RIDEAI sit n=3 phase=approach pos=10.2,-8.5 ahead=7.3 lat=1.52 ang=9.0 along=7.2 gait=3 v=1.5 rein=-1
RIDEAI sit n=3 phase=approach pos=9.5,-5.9 ahead=4.68 lat=0.8 ang=15.9 along=4.6 gait=3 v=3.71 rein=0
RIDEAI ASK n=3 ahead=2.58 lat=0.02 ang=7.8 charge=1.0
RIDEAI fence 3 -> 4 t=22.81 leave=straight
RIDEAI sit n=4 phase=approach pos=8.6,0.5 ahead=9.1 lat=0.12 ang=2.7 along=9.1 gait=3 v=2.02 rein=0
RIDEAI sit n=4 phase=approach pos=8.5,2.3 ahead=7.24 lat=0.2 ang=2.7 along=7.3 gait=3 v=2.25 rein=0
RIDEAI sit n=4 phase=approach pos=8.4,4.7 ahead=4.93 lat=0.32 ang=2.7 along=4.9 gait=3 v=2.75 rein=0
RIDEAI ASK n=4 ahead=2.54 lat=0.26 ang=0.8 charge=1.0
RIDEAI fence 4 -> 5 t=27.39 leave=straight
RIDEAI sit n=5 phase=approach pos=8.5,11.0 ahead=9.41 lat=0.24 ang=0.8 along=9.4 gait=3 v=3.17 rein=0
RIDEAI sit n=5 phase=approach pos=8.5,12.9 ahead=7.51 lat=0.22 ang=0.8 along=7.5 gait=3 v=2.25 rein=0
RIDEAI sit n=5 phase=approach pos=8.5,15.1 ahead=5.25 lat=0.2 ang=0.8 along=5.3 gait=3 v=2.37 rein=0
RIDEAI ASK n=5 ahead=2.54 lat=0.12 ang=0.8 charge=1.0
RIDEAI fence 5 -> 6 t=31.93 leave=straight
RIDEAI sit n=6 phase=land pos=8.6,21.3 ahead=6.46 lat=6.78 ang=9.5 along=5.4 gait=3 v=3.49 rein=-1
RIDEAI sit n=6 phase=land pos=6.7,23.7 ahead=5.63 lat=4.86 ang=70.7 along=3.2 gait=3 v=3.09 rein=-1
RIDEAI come again n=6 rein=-1 pos=4.3,23.5
RIDEAI sit n=6 phase=away pos=4.0,23.3 ahead=-1.01 lat=2.1 ang=133.7 along=3.7 gait=3 v=1.46 rein=-1
RIDEAI sit n=6 phase=again pos=3.3,21.4 ahead=-5.21 lat=1.52 ang=169.4 along=5.6 gait=3 v=3.11 rein=0
RIDEAI sit n=6 phase=again pos=2.4,17.2 ahead=-9.48 lat=0.74 ang=169.4 along=9.8 gait=3 v=5.41 rein=0
RIDEAI sit n=6 phase=approach pos=1.1,13.2 ahead=-10.1 lat=0.44 ang=135.1 along=13.8 gait=3 v=2.19 rein=1
RIDEAI sit n=6 phase=setup pos=-1.8,12.7 ahead=1.21 lat=3.26 ang=72.6 along=14.5 gait=3 v=1.92 rein=1
RIDEAI sit n=6 phase=setup pos=-3.3,14.7 ahead=11.26 lat=4.8 ang=11.4 along=12.5 gait=3 v=3.76 rein=1
RIDEAI sit n=6 phase=setup pos=-2.4,17.0 ahead=9.51 lat=4.0 ang=51.0 along=10.2 gait=3 v=3.03 rein=1
RIDEAI sit n=6 phase=approach pos=0.3,17.6 ahead=3.51 lat=1.36 ang=76.7 along=9.5 gait=3 v=2.3 rein=-1
RIDEAI sit n=6 phase=approach pos=2.4,19.6 ahead=7.11 lat=0.66 ang=12.8 along=7.4 gait=3 v=1.42 rein=-1
RIDEAI sit n=6 phase=approach pos=2.3,21.7 ahead=5.32 lat=0.54 ang=4.6 along=5.3 gait=3 v=3.21 rein=0
RIDEAI ASK n=6 ahead=2.56 lat=0.12 ang=4.6 charge=1.0
RIDEAI fence 6 -> 7 t=45.24 leave=straight
RIDEAI sit n=7 phase=land pos=1.9,28.3 ahead=-18.9 lat=6.68 ang=157.2 along=23.3 gait=3 v=3.14 rein=-1
RIDEAI sit n=7 phase=land pos=-0.3,30.2 ahead=1.66 lat=4.3 ang=96.0 along=25.0 gait=3 v=3.09 rein=-1
RIDEAI sit n=7 phase=land pos=-3.1,29.2 ahead=20.47 lat=1.62 ang=34.7 along=23.8 gait=3 v=3.17 rein=-1
RIDEAI sit n=7 phase=approach pos=-4.3,25.1 ahead=19.54 lat=0.78 ang=6.1 along=19.6 gait=3 v=5.47 rein=0
RIDEAI sit n=7 phase=approach pos=-5.3,19.7 ahead=13.99 lat=0.18 ang=6.1 along=14.1 gait=3 v=5.55 rein=0
RIDEAI sit n=7 phase=approach pos=-6.3,14.3 ahead=8.66 lat=0.36 ang=1.5 along=8.7 gait=3 v=4.07 rein=0
RIDEAI sit n=7 phase=approach pos=-6.6,11.9 ahead=6.15 lat=0.42 ang=1.5 along=6.2 gait=3 v=2.95 rein=0
RIDEAI ASK n=7 ahead=2.54 lat=0.3 ang=2.0 charge=1.0
RIDEAI fence 7 -> 8 t=53.9 leave=straight
RIDEAI sit n=8 phase=jump pos=-7.0,5.2 ahead=16.04 lat=13.86 ang=1.7 along=15.6 gait=3 v=3.88 rein=0
RIDEAI sit n=8 phase=land pos=-5.6,2.5 ahead=16.85 lat=12.24 ang=63.0 along=13.1 gait=3 v=3.09 rein=-1
RIDEAI sit n=8 phase=land pos=-2.9,0.9 ahead=13.65 lat=9.4 ang=63.0 along=11.6 gait=3 v=3.22 rein=0
RIDEAI sit n=8 phase=setup pos=0.6,-1.0 ahead=9.12 lat=5.78 ang=68.1 along=10.0 gait=3 v=5.02 rein=0
RIDEAI sit n=8 phase=setup pos=3.8,-2.6 ahead=5.01 lat=2.38 ang=71.6 along=8.7 gait=3 v=2.41 rein=0
RIDEAI sit n=8 phase=approach pos=5.7,-4.8 ahead=6.51 lat=0.32 ang=16.5 along=6.7 gait=3 v=2.67 rein=1
RIDEAI sit n=8 phase=approach pos=5.7,-6.8 ahead=4.71 lat=0.16 ang=3.7 along=4.7 gait=3 v=2.87 rein=0
RIDEAI ASK n=8 ahead=2.53 lat=0.14 ang=3.7 charge=1.0
RIDEAI fence 8 -> 9 t=61.96 leave=straight
RIDECERT trace E:/Workspace/Madison/game/../dist/traces/hk_beg_035_clear.jsonl n=70
RIDECERT hk_beg_035 style=clear success=true faults=0 jumped=8/8 t=67.29 teleported=false complete=true
RIDECERT round hk_beg_035 class=beginner seed=0 jo=false style=refuse_early
RIDEAI sit n=1 phase=approach pos=8.7,-30.6 ahead=7.47 lat=0.02 ang=3.7 along=7.5 gait=3 v=1.48 rein=-1
RIDEAI sit n=1 phase=approach pos=8.8,-28.3 ahead=5.26 lat=0.06 ang=1.4 along=5.3 gait=3 v=3.29 rein=0
RIDEAI ASK n=1 ahead=4.3 lat=0.2 ang=1.4 charge=1.0
RIDECERT refuse fence=1 why=early
RIDEAI sit n=1 phase=approach pos=8.8,-27.4 ahead=4.32 lat=0.08 ang=1.4 along=4.3 gait=3 v=1.24 rein=0
RIDEAI ASK n=1 ahead=2.58 lat=0.2 ang=1.4 charge=1.0
RIDEAI fence 1 -> 2 t=6.86 leave=leave
RIDEAI sit n=2 phase=land pos=8.9,-22.0 ahead=12.3 lat=16.8 ang=13.8 along=8.5 gait=3 v=3.34 rein=-1
RIDEAI sit n=2 phase=land pos=6.9,-19.8 ahead=15.88 lat=14.72 ang=75.1 along=6.4 gait=3 v=3.09 rein=-1
RIDEAI sit n=2 phase=land pos=3.8,-19.8 ahead=10.18 lat=11.62 ang=100.6 along=6.7 gait=3 v=3.22 rein=0
RIDEAI sit n=2 phase=setup pos=-0.4,-20.5 ahead=5.22 lat=7.42 ang=104.7 along=7.7 gait=3 v=5.44 rein=0
RIDEAI sit n=2 phase=setup pos=-5.0,-21.4 ahead=0.19 lat=2.88 ang=106.8 along=8.9 gait=3 v=2.0 rein=-1
RIDEAI sit n=2 phase=approach pos=-8.0,-21.5 ahead=3.12 lat=0.04 ang=69.9 along=9.2 gait=3 v=2.57 rein=1
RIDEAI sit n=2 phase=approach pos=-9.1,-19.8 ahead=7.45 lat=1.32 ang=6.0 along=7.6 gait=3 v=1.34 rein=1
RIDEAI sit n=2 phase=approach pos=-8.6,-17.8 ahead=5.58 lat=0.9 ang=12.6 along=5.5 gait=3 v=3.21 rein=0
RIDEAI ASK n=2 ahead=2.58 lat=0.02 ang=7.9 charge=1.0
RIDEAI fence 2 -> 3 t=16.28 leave=straight
RIDEAI sit n=3 phase=land pos=-7.0,-11.3 ahead=15.36 lat=15.72 ang=23.2 along=10.0 gait=3 v=3.34 rein=1
RIDEAI sit n=3 phase=land pos=-4.6,-9.5 ahead=15.19 lat=13.32 ang=72.2 along=8.2 gait=3 v=3.22 rein=0
RIDEAI sit n=3 phase=land pos=-1.5,-8.5 ahead=11.97 lat=10.26 ang=72.2 along=7.2 gait=3 v=3.22 rein=0
RIDEAI sit n=3 phase=setup pos=2.6,-8.8 ahead=3.36 lat=6.14 ang=108.9 along=7.5 gait=3 v=5.34 rein=0
RIDEAI sit n=3 phase=setup pos=6.3,-10.2 ahead=-1.22 lat=2.44 ang=113.0 along=8.9 gait=3 v=2.53 rein=0
RIDEAI sit n=3 phase=approach pos=9.1,-10.3 ahead=3.91 lat=0.4 ang=61.8 along=9.0 gait=3 v=1.92 rein=-1
RIDEAI sit n=3 phase=approach pos=10.2,-8.6 ahead=7.33 lat=1.52 ang=3.1 along=7.3 gait=3 v=1.34 rein=-1
RIDEAI sit n=3 phase=approach pos=9.6,-6.2 ahead=4.97 lat=0.88 ang=15.9 along=4.9 gait=3 v=3.52 rein=0
RIDEAI ASK n=3 ahead=2.57 lat=0.02 ang=7.8 charge=1.0
RIDEAI fence 3 -> 4 t=25.52 leave=straight
RIDEAI sit n=4 phase=approach pos=8.6,0.3 ahead=9.28 lat=0.12 ang=2.7 along=9.3 gait=3 v=2.74 rein=0
RIDEAI sit n=4 phase=approach pos=8.5,2.2 ahead=7.41 lat=0.2 ang=2.7 along=7.4 gait=3 v=2.25 rein=0
RIDEAI sit n=4 phase=approach pos=8.4,4.4 ahead=5.14 lat=0.3 ang=2.7 along=5.2 gait=3 v=2.56 rein=0
RIDEAI ASK n=4 ahead=2.59 lat=0.26 ang=0.8 charge=1.0
RIDEAI fence 4 -> 5 t=30.1 leave=leave
RIDEAI sit n=5 phase=approach pos=8.5,10.7 ahead=9.68 lat=0.24 ang=0.8 along=9.7 gait=3 v=3.29 rein=0
RIDEAI sit n=5 phase=approach pos=8.5,12.7 ahead=7.7 lat=0.22 ang=0.8 along=7.7 gait=3 v=2.25 rein=0
RIDEAI sit n=5 phase=approach pos=8.5,15.0 ahead=5.44 lat=0.2 ang=0.8 along=5.4 gait=3 v=2.25 rein=0
RIDEAI ASK n=5 ahead=2.57 lat=0.12 ang=0.8 charge=1.0
RIDEAI fence 5 -> 6 t=34.65 leave=leave
RIDEAI sit n=6 phase=land pos=8.6,21.1 ahead=6.31 lat=6.82 ang=5.4 along=5.7 gait=3 v=3.69 rein=-1
RIDEAI sit n=6 phase=land pos=6.9,23.6 ahead=5.93 lat=5.06 ang=66.7 along=3.3 gait=3 v=3.09 rein=-1
RIDEAI come again n=6 rein=-1 pos=4.3,23.5
RIDEAI sit n=6 phase=away pos=4.1,23.3 ahead=-0.58 lat=2.2 ang=129.1 along=3.6 gait=3 v=2.04 rein=-1
RIDEAI sit n=6 phase=again pos=3.4,21.5 ahead=-5.04 lat=1.56 ang=169.4 along=5.4 gait=3 v=2.95 rein=0
RIDEAI sit n=6 phase=again pos=2.5,17.5 ahead=-9.16 lat=0.8 ang=169.4 along=9.5 gait=3 v=5.25 rein=0
RIDEAI sit n=6 phase=approach pos=1.1,13.4 ahead=-10.14 lat=0.4 ang=136.1 along=13.7 gait=3 v=2.07 rein=1
RIDEAI sit n=6 phase=setup pos=-1.8,12.8 ahead=0.93 lat=3.22 ang=73.7 along=14.3 gait=3 v=2.28 rein=1
RIDEAI sit n=6 phase=setup pos=-3.2,14.8 ahead=11.08 lat=4.76 ang=12.4 along=12.4 gait=3 v=3.64 rein=1
RIDEAI sit n=6 phase=setup pos=-2.4,17.1 ahead=9.55 lat=4.02 ang=50.0 along=10.1 gait=3 v=2.91 rein=1
RIDEAI sit n=6 phase=approach pos=0.3,17.8 ahead=3.92 lat=1.36 ang=73.6 along=9.3 gait=3 v=2.27 rein=-1
RIDEAI sit n=6 phase=approach pos=2.3,20.0 ahead=6.83 lat=0.6 ang=10.2 along=7.0 gait=3 v=1.93 rein=-1
RIDEAI sit n=6 phase=approach pos=2.3,22.0 ahead=4.99 lat=0.48 ang=3.8 along=5.0 gait=3 v=3.1 rein=0
RIDEAI ASK n=6 ahead=2.53 lat=0.16 ang=3.8 charge=1.0
RIDEAI fence 6 -> 7 t=47.81 leave=leave
RIDEAI sit n=7 phase=land pos=1.9,28.5 ahead=-18.23 lat=6.66 ang=154.0 along=23.5 gait=3 v=3.09 rein=-1
RIDEAI sit n=7 phase=land pos=-0.4,30.3 ahead=2.97 lat=4.18 ang=92.7 along=25.1 gait=3 v=3.09 rein=-1
RIDEAI sit n=7 phase=land pos=-3.1,29.2 ahead=21.05 lat=1.58 ang=31.5 along=23.7 gait=3 v=3.32 rein=-1
RIDEAI sit n=7 phase=approach pos=-4.3,24.9 ahead=19.31 lat=0.8 ang=6.0 along=19.3 gait=3 v=5.55 rein=0
RIDEAI sit n=7 phase=approach pos=-5.3,19.4 ahead=13.76 lat=0.22 ang=6.0 along=13.8 gait=3 v=5.55 rein=0
RIDEAI sit n=7 phase=approach pos=-6.3,14.2 ahead=8.4 lat=0.34 ang=6.0 along=8.5 gait=3 v=3.78 rein=0
RIDEAI sit n=7 phase=approach pos=-6.6,11.7 ahead=5.99 lat=0.4 ang=1.3 along=6.0 gait=3 v=3.02 rein=0
RIDEAI ASK n=7 ahead=2.55 lat=0.3 ang=2.2 charge=1.0
RIDEAI fence 7 -> 8 t=56.49 leave=leave
RIDEAI sit n=8 phase=land pos=-7.0,5.1 ahead=16.59 lat=13.84 ang=4.9 along=15.5 gait=3 v=3.74 rein=-1
RIDEAI sit n=8 phase=land pos=-5.5,2.5 ahead=16.68 lat=12.1 ang=63.1 along=13.0 gait=3 v=3.09 rein=0
RIDEAI sit n=8 phase=land pos=-2.8,0.8 ahead=13.47 lat=9.24 ang=63.1 along=11.6 gait=3 v=3.22 rein=0
RIDEAI sit n=8 phase=setup pos=0.8,-1.1 ahead=8.97 lat=5.56 ang=67.2 along=9.9 gait=3 v=5.14 rein=0
RIDEAI sit n=8 phase=setup pos=3.9,-2.7 ahead=5.0 lat=2.28 ang=70.7 along=8.6 gait=3 v=2.41 rein=0
RIDEAI sit n=8 phase=approach pos=5.7,-4.9 ahead=6.5 lat=0.34 ang=12.0 along=6.6 gait=3 v=2.06 rein=1
RIDEAI sit n=8 phase=approach pos=5.7,-6.9 ahead=4.54 lat=0.16 ang=5.1 along=4.5 gait=3 v=3.02 rein=0
RIDEAI ASK n=8 ahead=2.56 lat=0.24 ang=5.1 charge=1.0
RIDEAI fence 8 -> 9 t=64.53 leave=leave
RIDECERT trace E:/Workspace/Madison/game/../dist/traces/hk_beg_035_refuse_early.jsonl n=72
RIDECERT hk_beg_035 style=refuse_early success=true faults=4 jumped=8/8 t=69.87 teleported=false complete=true
RIDECERT round hk_beg_035 class=beginner seed=0 jo=false style=rail_late
RIDEAI sit n=1 phase=approach pos=8.7,-30.6 ahead=7.47 lat=0.02 ang=3.7 along=7.5 gait=3 v=1.48 rein=-1
RIDEAI sit n=1 phase=approach pos=8.8,-28.3 ahead=5.26 lat=0.06 ang=1.4 along=5.3 gait=3 v=3.29 rein=0
RIDEAI ASK n=1 ahead=2.61 lat=0.2 ang=1.4 charge=1.0
RIDEAI fence 1 -> 2 t=4.11 leave=leave
RIDEAI sit n=2 phase=land pos=8.8,-21.7 ahead=13.47 lat=16.72 ang=20.0 along=8.3 gait=3 v=3.09 rein=-1
RIDEAI sit n=2 phase=land pos=6.6,-19.7 ahead=15.23 lat=14.42 ang=81.2 along=6.4 gait=3 v=3.09 rein=-1
RIDEAI sit n=2 phase=land pos=3.5,-19.9 ahead=9.84 lat=11.3 ang=100.6 along=6.8 gait=3 v=3.37 rein=0
RIDEAI sit n=2 phase=setup pos=-1.0,-20.7 ahead=4.66 lat=6.88 ang=104.7 along=7.9 gait=3 v=5.55 rein=0
RIDEAI sit n=2 phase=setup pos=-5.3,-21.5 ahead=-0.36 lat=2.68 ang=108.8 along=9.0 gait=3 v=2.23 rein=-1
RIDEAI sit n=2 phase=approach pos=-8.2,-21.4 ahead=3.81 lat=0.24 ang=63.8 along=9.1 gait=3 v=1.92 rein=1
RIDEAI sit n=2 phase=approach pos=-9.1,-19.7 ahead=7.52 lat=1.32 ang=0.9 along=7.5 gait=3 v=1.34 rein=1
RIDEAI sit n=2 phase=approach pos=-8.5,-17.4 ahead=5.25 lat=0.84 ang=12.6 along=5.2 gait=3 v=3.44 rein=0
RIDEAI ASK n=2 ahead=2.65 lat=0.02 ang=7.9 charge=1.0
RIDEAI fence 2 -> 3 t=13.51 leave=leave
RIDEAI sit n=3 phase=land pos=-6.8,-11.0 ahead=16.25 lat=15.56 ang=30.3 along=9.7 gait=3 v=3.09 rein=1
RIDEAI sit n=3 phase=land pos=-4.3,-9.4 ahead=14.86 lat=12.98 ang=72.2 along=8.1 gait=3 v=3.22 rein=0
RIDEAI sit n=3 phase=land pos=-1.2,-8.5 ahead=11.63 lat=9.92 ang=72.2 along=7.1 gait=3 v=3.41 rein=0
RIDEAI sit n=3 phase=setup pos=3.2,-9.0 ahead=2.58 lat=5.56 ang=109.9 along=7.7 gait=3 v=5.55 rein=0
RIDEAI sit n=3 phase=setup pos=6.6,-10.3 ahead=-1.06 lat=2.12 ang=109.9 along=9.0 gait=3 v=2.76 rein=0
RIDEAI sit n=3 phase=approach pos=9.3,-10.2 ahead=4.74 lat=0.62 ang=53.7 along=8.8 gait=3 v=2.03 rein=-1
RIDEAI sit n=3 phase=approach pos=10.2,-8.4 ahead=7.25 lat=1.46 ang=12.5 along=7.1 gait=3 v=1.61 rein=-1
RIDEAI sit n=3 phase=approach pos=9.4,-5.8 ahead=4.5 lat=0.72 ang=15.9 along=4.5 gait=3 v=3.83 rein=0
RIDEAI ASK n=3 ahead=1.42 lat=0.24 ang=2.0 charge=1.0
FENCE knock 3 by horse at 9.0,-2.5 next=3 jumping=true
RIDECERT rail now=1 next=3 jumping=true phase=jump pos=9.0,-2.5
RIDEAI fence 3 -> 4 t=23.05 leave=deep
RIDEAI sit n=4 phase=approach pos=8.9,0.9 ahead=8.74 lat=0.16 ang=2.0 along=8.7 gait=3 v=2.4 rein=0
RIDEAI sit n=4 phase=approach pos=8.8,2.8 ahead=6.82 lat=0.1 ang=2.0 along=6.8 gait=3 v=2.25 rein=0
RIDEAI sit n=4 phase=approach pos=8.7,5.0 ahead=4.56 lat=0.02 ang=2.0 along=4.6 gait=3 v=2.25 rein=0
RIDEAI ASK n=4 ahead=2.53 lat=0.14 ang=2.0 charge=1.0
RIDEAI fence 4 -> 5 t=27.36 leave=straight
RIDEAI sit n=5 phase=approach pos=8.5,11.0 ahead=9.35 lat=0.2 ang=2.0 along=9.4 gait=3 v=3.03 rein=0
RIDEAI sit n=5 phase=approach pos=8.5,12.9 ahead=7.46 lat=0.26 ang=2.0 along=7.5 gait=3 v=2.25 rein=0
RIDEAI sit n=5 phase=approach pos=8.4,15.2 ahead=5.2 lat=0.34 ang=2.0 along=5.2 gait=3 v=2.41 rein=0
RIDEAI ASK n=5 ahead=2.55 lat=0.28 ang=1.5 charge=1.0
RIDEAI fence 5 -> 6 t=31.92 leave=straight
RIDEAI sit n=6 phase=land pos=8.4,21.4 ahead=6.42 lat=6.62 ang=9.8 along=5.4 gait=3 v=3.44 rein=-1
RIDEAI sit n=6 phase=land pos=6.6,23.7 ahead=5.45 lat=4.68 ang=71.1 along=3.1 gait=3 v=3.09 rein=-1
RIDEAI come again n=6 rein=-1 pos=4.4,23.6
RIDEAI sit n=6 phase=away pos=3.9,23.3 ahead=-1.07 lat=2.04 ang=134.6 along=3.6 gait=3 v=1.34 rein=-1
RIDEAI sit n=6 phase=again pos=3.3,21.4 ahead=-5.27 lat=1.46 ang=170.2 along=5.6 gait=3 v=3.22 rein=0
RIDEAI sit n=6 phase=again pos=2.3,17.1 ahead=-9.66 lat=0.7 ang=170.2 along=9.9 gait=3 v=5.52 rein=0
RIDEAI sit n=6 phase=approach pos=1.0,13.2 ahead=-9.42 lat=0.54 ang=130.7 along=13.8 gait=3 v=2.26 rein=1
RIDEAI sit n=6 phase=setup pos=-1.9,12.9 ahead=2.14 lat=3.38 ang=68.3 along=14.3 gait=3 v=1.92 rein=1
RIDEAI sit n=6 phase=setup pos=-3.2,15.1 ahead=11.41 lat=4.8 ang=7.0 along=12.1 gait=3 v=3.83 rein=1
RIDEAI sit n=6 phase=setup pos=-2.2,17.2 ahead=8.76 lat=3.8 ang=55.4 along=9.9 gait=3 v=3.11 rein=1
RIDEAI sit n=6 phase=approach pos=0.5,17.9 ahead=4.69 lat=1.16 ang=66.7 along=9.2 gait=3 v=2.46 rein=-1
RIDEAI sit n=6 phase=approach pos=2.3,20.0 ahead=6.93 lat=0.52 ang=2.3 along=7.0 gait=3 v=1.34 rein=-1
RIDEAI sit n=6 phase=approach pos=2.3,22.3 ahead=4.68 lat=0.44 ang=2.3 along=4.7 gait=3 v=3.37 rein=0
RIDEAI ASK n=6 ahead=2.53 lat=0.24 ang=2.3 charge=1.0
RIDEAI fence 6 -> 7 t=45.07 leave=leave
RIDEAI sit n=7 phase=land pos=1.9,28.8 ahead=-17.09 lat=6.62 ang=149.3 along=23.8 gait=3 v=3.09 rein=-1
RIDEAI sit n=7 phase=land pos=-0.5,30.4 ahead=4.88 lat=4.04 ang=88.1 along=25.2 gait=3 v=3.09 rein=-1
RIDEAI sit n=7 phase=approach pos=-3.2,29.0 ahead=21.71 lat=1.54 ang=26.8 along=23.5 gait=3 v=3.55 rein=-1
RIDEAI sit n=7 phase=approach pos=-4.3,24.5 ahead=18.89 lat=0.8 ang=6.4 along=18.9 gait=3 v=5.55 rein=0
RIDEAI sit n=7 phase=approach pos=-5.4,19.0 ahead=13.34 lat=0.18 ang=6.4 along=13.4 gait=3 v=5.55 rein=0
RIDEAI sit n=7 phase=approach pos=-6.3,13.9 ahead=8.25 lat=0.32 ang=1.7 along=8.3 gait=3 v=3.06 rein=0
RIDEAI sit n=7 phase=approach pos=-6.6,11.5 ahead=5.79 lat=0.4 ang=1.7 along=5.8 gait=3 v=3.21 rein=0
RIDEAI ASK n=7 ahead=2.54 lat=0.3 ang=1.8 charge=1.0
RIDEAI fence 7 -> 8 t=53.79 leave=straight
RIDEAI sit n=8 phase=land pos=-7.0,4.8 ahead=17.1 lat=13.82 ang=8.6 along=15.2 gait=3 v=3.54 rein=-1
RIDEAI sit n=8 phase=land pos=-5.3,2.3 ahead=16.52 lat=11.94 ang=62.7 along=12.9 gait=3 v=3.09 rein=0
RIDEAI sit n=8 phase=land pos=-2.6,0.6 ahead=13.31 lat=9.08 ang=62.7 along=11.4 gait=3 v=3.22 rein=0
RIDEAI sit n=8 phase=setup pos=1.1,-1.3 ahead=8.56 lat=5.26 ang=67.8 along=9.8 gait=3 v=5.29 rein=0
RIDEAI sit n=8 phase=setup pos=4.1,-2.7 ahead=4.78 lat=2.14 ang=71.3 along=8.6 gait=3 v=2.41 rein=0
RIDEAI sit n=8 phase=approach pos=5.7,-5.0 ahead=6.46 lat=0.32 ang=8.0 along=6.5 gait=3 v=1.48 rein=1
RIDEAI sit n=8 phase=approach pos=5.7,-7.1 ahead=4.36 lat=0.16 ang=4.5 along=4.4 gait=3 v=3.18 rein=0
RIDEAI ASK n=8 ahead=2.58 lat=0.18 ang=4.5 charge=1.0
RIDEAI fence 8 -> 9 t=61.82 leave=straight
RIDECERT trace E:/Workspace/Madison/game/../dist/traces/hk_beg_035_rail_late.jsonl n=70
RIDECERT hk_beg_035 style=rail_late success=true faults=4 jumped=8/8 t=67.16 teleported=false complete=true
RIDECERT wrote E:/Workspace/Madison/game/../dist/ridecert_results.json
RIDECERT done pass=false board=21/23 style=true
